City,State,County,Population,People per sq mi,Hottest month's avg high (F),Coldest month's avg high (F),Hottest high minus coldest high,Annual rainfall (in),Annual days of precipitation,Annual days of sunshine,Annual snowfall (in),Avg Summer Dew Point,Avg Annual Dew Point,Average yearly windspeed (mph),Violent crime index,Property crime index,Median age,% with at least Bachelor's degree,Median household income,Median rent,Median home price,Median home square feet,Median home cost per sq ft,Median home age,Home appreciation Last Year,Home appreciation Last 5 Years,Home appreciation Last 10 Years,Air quality Index,Average one-way commute time,Unemployment rate,Job growth last year,Population growth since 2010,% Democrat,% Republican,% Asian,% Black,% White,% Hispanic,Metro,Timezone,Elevation (ft),UV Index,Home Ownership Rate,Single Population,Walk Score,Transit Score,Bike Score,Poverty Rate, % of income spent on housing costs (owners),Foreign Born %
Abbeville,Mississippi,Lafayette County,424,123,92,51,41,59,100,216,2,67.9,51.2,6,20,39,36,12.68%,$45357,$688,$132600,N/A,N/A,40,0%,20%,14%,66,18 mins,5.60%,2.20%,1.90%,40.60%,55.30%,N/A,23.59%,68.80%,7.10%,Oxford,N/A,N/A,4.7,72.80%,45.70%,13,N/A,15,20%,17.5%,2.5%
Aberdeen,Mississippi,Monroe County,5375,445,91,52,39,55,106,217,1,68.7,52.7,6,13,43,39,15.28%,$22875,$585,$85000,N/A,N/A,45,4%,18%,10%,47,23 mins,6.70%,-0.30%,-6.90%,34.80%,64.00%,N/A,72.47%,26.66%,1.10%,None,N/A,N/A,5.2,50.50%,60.80%,58,N/A,51,13.7%,18.1%,0.6%
Ackerman,Mississippi,Choctaw County,1535,683,90,53,37,56,96,217,1,69.7,53.9,6,10,29,51,19.50%,$23712,$294,$93700,N/A,N/A,41,0%,14%,10%,56,29 mins,5.50%,1.10%,-14.30%,30.00%,68.60%,N/A,42.25%,56.62%,N/A,None,N/A,N/A,5.5,54.30%,55.10%,37,N/A,34,22.2%,13.4%,1.1%
Alcorn State University,Mississippi,Claiborne County,804,338,92,57,35,58,103,215,0,70.2,56.3,6,17,34,20,86.32%,$60372,$591,$156900,N/A,N/A,49,-7%,10%,10%,64,22 mins,13.10%,1.80%,-16.90%,86.80%,12.60%,N/A,96.20%,2.67%,1.50%,Vicksburg,N/A,N/A,5.3,23.10%,90.20%,13,N/A,16,59.2%,42.5%,7%
Algoma,Mississippi,Pontotoc County,815,124,90,51,39,58,109,213,2,68.4,52,6,20,40,30,12.94%,$34844,$725,$100000,N/A,N/A,25,0%,13%,11%,63,23 mins,4.90%,0.70%,87.80%,18.40%,79.60%,N/A,9.04%,84.49%,7.40%,Tupelo,N/A,N/A,5,56.40%,37.40%,16,N/A,N/A,26.9%,17.8%,2.5%
Alligator,Mississippi,Bolivar County,100,102,92,50,42,53,103,214,1,68.9,53.1,7,28,56,56,N/A,$29375,$570,$46600,N/A,N/A,34,0%,14%,10%,67,18 mins,8.70%,-0.90%,-58.70%,65.40%,33.20%,N/A,87.18%,12.82%,N/A,Cleveland,N/A,N/A,5,45.80%,59.50%,0,N/A,N/A,37.5%,28.0%,0%
Amory,Mississippi,Monroe County,7028,561,91,52,39,54,111,218,0,68.7,52.4,6,9,51,44,21.06%,$35940,$656,$84300,N/A,N/A,46,4%,10%,10%,45,22 mins,6.70%,-0.30%,-4.90%,34.80%,64.00%,N/A,31.25%,67.12%,N/A,None,N/A,N/A,5.2,56.30%,53.20%,56,N/A,53,16.1%,17.3%,0.4%
Anguilla,Mississippi,Sharkey County,622,602,92,53,39,56,99,217,0,69.7,55,N/A,26,51,43,15.39%,$24167,$516,$40100,N/A,N/A,37,0%,14%,10%,65,0 mins,7.80%,1.50%,-15.00%,67.50%,31.60%,N/A,87.25%,12.75%,N/A,None,N/A,N/A,5.3,55.20%,64.20%,0,N/A,N/A,26.1%,14.7%,2%
Arcola,Mississippi,Washington County,429,1959,92,52,40,53,95,218,0,69.6,54.6,N/A,27,54,33,6.29%,$16923,$558,$52000,N/A,N/A,41,0%,14%,11%,65,16 mins,8.50%,-2.00%,13.20%,67.60%,31.20%,N/A,90.27%,9.73%,N/A,Greenville,N/A,N/A,5.7,40.20%,78.60%,64,N/A,54,45.7%,9.0%,0%
Arnold Line,Mississippi,Lamar County,2481,1492,91,59,32,60,107,217,0,70.3,56.4,5,19,38,31,24.75%,$51605,$1227,$132500,N/A,N/A,34,4%,21%,15%,44,25 mins,4.60%,1.20%,57.20%,21.10%,76.20%,10.74%,37.67%,50.78%,3.70%,Hattiesburg,Central Standard Time,150,5.7,50.90%,55.90%,16,N/A,31,14.5%,18.5%,9.7%
Artesia,Mississippi,Lowndes County,355,484,92,53,39,55,102,220,0,68.7,52.8,6,27,54,41,3.83%,$19688,$500,$68500,N/A,N/A,34,4%,24%,22%,57,20 mins,6.30%,-0.30%,30.00%,46.00%,51.60%,N/A,88.51%,7.76%,1.10%,Columbus,N/A,N/A,5.1,44.20%,66.30%,11,N/A,31,29.8%,21.5%,0.5%
Ashland,Mississippi,Benton County,572,314,90,49,41,57,109,216,2,68,51.1,6,21,43,47,10.05%,$33580,$613,$71400,N/A,N/A,55,7%,28%,16%,65,30 mins,6.80%,1.40%,-25.60%,42.70%,56.00%,N/A,11.31%,84.49%,2.80%,Memphis,Central Standard Time,284,4.8,59.50%,52.90%,29,N/A,N/A,7.7%,14.8%,2.3%
Baldwyn,Mississippi,Prentiss County,3089,266,90,50,40,57,102,219,1,68.1,51.8,6,24,49,45,11.35%,$25145,$433,$92500,N/A,N/A,37,1%,3%,11%,60,25 mins,5.90%,-0.30%,-11.30%,20.90%,77.50%,N/A,51.65%,45.70%,N/A,Tupelo,N/A,N/A,4.8,50.30%,59.80%,49,N/A,39,18.9%,15.1%,0.5%
Bassfield,Mississippi,Jefferson Davis County,341,341,91,59,32,59,98,217,0,70,55.8,6,22,43,37,9.55%,$34625,$782,$91800,N/A,N/A,43,-1%,16%,10%,60,34 mins,8.50%,1.40%,6.90%,59.60%,39.50%,N/A,59.42%,40.58%,N/A,None,N/A,N/A,5.7,45.10%,54.60%,11,N/A,45,6.8%,16.1%,0%
Batesville,Mississippi,Panola County,7319,367,92,51,41,55,99,218,1,68.9,52.3,6,25,74,33,29.18%,$47382,$763,$121200,N/A,N/A,31,0%,23%,10%,57,25 mins,7.30%,-0.60%,-2.20%,49.30%,49.40%,N/A,47.36%,46.78%,1.00%,None,N/A,N/A,4.8,56.00%,58.10%,55,N/A,45,12.1%,15.8%,1%
Bay Springs,Mississippi,Jasper County,1766,118,91,56,35,57,94,215,0,69.3,54.7,6,22,44,36,20.27%,$27071,$564,$83300,N/A,N/A,46,-8%,11%,10%,55,23 mins,7.40%,-1.30%,-27.50%,51.50%,47.60%,N/A,61.09%,36.89%,N/A,Laurel,N/A,N/A,5.7,47.00%,53.30%,43,N/A,N/A,16.5%,14.1%,0.1%
Bay St. Louis,Mississippi,Hancock County,11918,811,90,60,30,64,100,216,0,72.2,59,N/A,15,68,42,N/A,$41078,N/A,$136800,N/A,N/A,21,10%,19%,2%,69,24 mins,5.90%,0.30%,27.50%,19.00%,78.30%,N/A,N/A,N/A,5.10%,Gulfport-Biloxi-Pascagoula,Central Standard Time,15,5.8,50.00%,53.70%,33,N/A,39,25.3%,18.1%,2.5%
Beaumont,Mississippi,Perry County,1034,300,92,60,32,60,106,216,0,69.6,54.9,5,26,50,47,9.30%,$31429,$510,$72100,N/A,N/A,42,2%,18%,9%,58,31 mins,7.30%,1.20%,-6.30%,22.50%,76.10%,N/A,35.74%,62.34%,N/A,Hattiesburg,Central Standard Time,150,5.8,54.20%,66.30%,10,N/A,32,14.5%,14.3%,0%
Beauregard,Mississippi,Copiah County,555,606,92,58,34,60,97,215,0,69.8,55.6,N/A,22,43,33,N/A,$35179,N/A,$79000,N/A,N/A,25,-1%,8%,2%,61,31 mins,7.30%,0.90%,89.40%,51.90%,47.00%,N/A,47.54%,43.85%,8.80%,Jackson,Central Standard Time,331,5.7,87.00%,48.30%,6,N/A,15,28.4%,18.8%,2.1%
Beechwood,Mississippi,Warren County,4141,661,92,56,36,57,98,215,0,70.2,55.8,N/A,18,43,37,27.36%,$47425,$823,$167500,N/A,N/A,34,8%,13%,11%,57,18 mins,6.70%,1.80%,31.20%,47.80%,50.30%,4.43%,38.40%,57.17%,N/A,Vicksburg,N/A,N/A,5.5,55.20%,50.10%,11,N/A,22,13.4%,15.3%,1.2%
Belmont,Mississippi,Tishomingo County,1956,414,89,49,40,59,114,217,2,67.8,51.2,6,21,42,30,21.56%,$34129,$645,$84900,N/A,N/A,36,0%,5%,10%,64,22 mins,5.80%,1.20%,-6.50%,11.90%,85.60%,N/A,N/A,99.00%,8.60%,None,N/A,N/A,5.2,51.50%,45.30%,48,N/A,49,12.8%,14.1%,0.3%
Belzoni,Mississippi,Humphreys County,2137,2097,92,52,40,56,97,218,0,70,55.1,6,28,13,36,19.33%,$22399,$720,$66100,N/A,N/A,51,0%,13%,11%,58,22 mins,9.90%,-1.30%,0.20%,72.20%,27.10%,N/A,77.89%,17.15%,3.10%,None,N/A,N/A,5.6,58.50%,62.40%,52,N/A,50,29.6%,18.3%,4.5%
Benoit,Mississippi,Bolivar County,511,525,92,51,41,53,97,212,1,69.5,54.2,8,27,54,35,14.64%,$21250,$591,$50500,N/A,N/A,48,0%,14%,10%,65,18 mins,8.70%,-0.90%,27.80%,65.40%,33.20%,N/A,80.28%,19.72%,N/A,Cleveland,N/A,N/A,5,40.60%,66.10%,7,N/A,33,44.7%,14.2%,0%
Bentonia,Mississippi,Yazoo County,367,258,92,55,37,57,100,218,0,69.8,55.1,6,24,48,48,16.85%,$32120,$520,$89800,N/A,N/A,43,2%,12%,6%,63,27 mins,7.70%,1.00%,-11.40%,53.30%,45.70%,N/A,50.52%,49.48%,N/A,Jackson,Central Standard Time,331,5.3,52.30%,57.50%,14,N/A,28,11.4%,14.7%,1.8%
Beulah,Mississippi,Bolivar County,463,1000,92,51,41,53,100,212,0,69.3,53.8,7,28,56,35,15.47%,$33125,$654,$34900,N/A,N/A,26,0%,14%,11%,68,18 mins,8.70%,-0.90%,28.30%,65.40%,33.20%,N/A,96.00%,2.60%,2.40%,Cleveland,N/A,N/A,5,57.10%,66.00%,0,N/A,34,29.6%,18.9%,0%
Big Creek,Mississippi,Calhoun County,335,295,91,52,39,57,94,213,1,68.6,52.3,6,27,52,38,3.51%,$23594,$1018,$65800,N/A,N/A,41,-2%,11%,11%,64,25 mins,6.00%,0.20%,106.80%,29.90%,68.60%,N/A,3.04%,75.68%,N/A,None,N/A,N/A,5.1,56.10%,49.60%,0,N/A,N/A,14.3%,16.0%,0%
Big Point,Mississippi,Jackson County,605,206,90,61,29,68,98,218,0,71.8,58.7,N/A,15,30,45,N/A,$72313,N/A,$183100,N/A,N/A,31,8%,23%,0%,64,24 mins,6.50%,-0.10%,-30.10%,29.60%,67.80%,N/A,N/A,100.00%,N/A,Gulfport-Biloxi-Pascagoula,Central Standard Time,15,5.8,79.40%,25.30%,7,N/A,28,21.5%,20.8%,3%
Biloxi,Mississippi,Harrison County,45328,1054,90,60,30,65,105,219,0,72.4,59.4,N/A,30,79,35,25.82%,$39374,$864,$138600,N/A,N/A,30,10%,15%,2%,65,19 mins,5.50%,0.00%,3.20%,33.40%,63.70%,5.05%,20.24%,70.01%,8.00%,Gulfport-Biloxi-Pascagoula,Central Standard Time,15,6,36.10%,55.20%,31,N/A,44,16.4%,14.7%,8.1%
Blue Mountain,Mississippi,Tippah County,1096,667,90,49,41,57,106,216,2,68.1,51.4,N/A,20,40,27,13.43%,$36250,$419,$99900,N/A,N/A,46,0%,27%,11%,64,20 mins,5.90%,0.50%,28.30%,19.90%,78.20%,1.36%,25.56%,69.56%,8.40%,None,N/A,N/A,5.1,40.20%,58.70%,20,N/A,N/A,28.6%,14.2%,2.4%
Blue Springs,Mississippi,Union County,323,318,91,51,40,56,106,216,1,68.2,51.9,N/A,24,48,29,18.13%,$37750,$591,$155000,N/A,N/A,26,4%,23%,10%,63,23 mins,4.50%,1.70%,108.40%,17.50%,80.30%,N/A,29.43%,58.59%,6.50%,None,N/A,N/A,5.1,43.50%,57.00%,10,N/A,N/A,18.2%,10.3%,0.6%
Bogue Chitto (Lincoln Cnty),Mississippi,Lincoln County,676,299,91,59,32,63,103,215,0,N/A,N/A,N/A,26,51,25,N/A,$40625,N/A,$138300,N/A,N/A,53,2%,26%,23%,60,29 mins,5.80%,1.30%,221.90%,29.30%,69.40%,N/A,N/A,N/A,N/A,Brookhaven,N/A,N/A,5.5,30.60%,63.10%,16,N/A,25,N/A,N/A,N/A
Bogue Chitto (Neshoba Cnty),Mississippi,Neshoba County,761,120,92,56,36,56,83,218,0,N/A,N/A,N/A,27,53,33,N/A,$21447,N/A,$49100,N/A,N/A,40,2%,18%,15%,58,25 mins,6.20%,1.50%,51.00%,25.70%,72.80%,N/A,N/A,N/A,N/A,Meridian,N/A,N/A,5.5,73.40%,100.00%,0,N/A,19,N/A,N/A,N/A
Bolton,Mississippi,Hinds County,519,342,92,57,35,57,103,211,1,69.8,55.4,6,22,44,51,11.20%,$31875,$498,$131800,N/A,N/A,37,3%,23%,22%,57,22 mins,5.80%,1.00%,34.10%,71.10%,26.60%,N/A,79.27%,20.16%,N/A,Jackson,Central Standard Time,331,5.3,58.90%,54.50%,23,N/A,40,10.7%,12.8%,0%
Booneville,Mississippi,Prentiss County,8757,340,90,49,41,57,104,212,1,68,51.3,6,11,41,37,16.82%,$29637,$555,$94300,N/A,N/A,42,9%,27%,10%,54,20 mins,5.90%,-0.30%,0.00%,20.90%,77.50%,N/A,15.10%,77.01%,2.20%,None,N/A,N/A,4.8,50.40%,54.50%,63,N/A,40,16.6%,16.3%,1%
Boyle,Mississippi,Bolivar County,990,670,92,51,41,54,104,214,1,69.5,54.2,7,23,46,27,17.67%,$35833,$780,$112000,N/A,N/A,47,0%,14%,10%,63,18 mins,8.70%,-0.90%,12.80%,65.40%,33.20%,N/A,40.26%,59.14%,N/A,Cleveland,N/A,N/A,5,52.40%,48.90%,15,N/A,33,31.2%,12.6%,1.1%
Brandon,Mississippi,Rankin County,23421,913,92,57,35,56,101,212,0,69.5,54.8,6,9,17,38,40.60%,$71199,$982,$194300,N/A,N/A,26,5%,19%,9%,49,25 mins,4.20%,1.00%,11.20%,22.40%,74.80%,N/A,19.14%,79.13%,2.50%,Jackson,Central Standard Time,331,5.5,75.40%,39.90%,11,N/A,29,2.5%,15.8%,2.6%
Braxton,Mississippi,Simpson County,154,261,92,57,35,56,96,211,1,69.5,54.9,6,21,40,44,4.00%,$50781,$575,$103000,N/A,N/A,61,2%,12%,6%,60,35 mins,5.60%,0.90%,-14.90%,33.90%,64.70%,N/A,N/A,98.01%,N/A,Jackson,Central Standard Time,331,5.4,66.70%,47.10%,3,N/A,21,5.7%,10.7%,0%
Bridgetown,Mississippi,DeSoto County,2183,982,92,51,41,55,102,214,3,67.7,51.3,N/A,13,26,40,N/A,$72347,N/A,$206700,N/A,N/A,23,9%,27%,15%,61,24 mins,4.80%,1.50%,17.40%,31.10%,65.10%,N/A,4.00%,88.73%,N/A,Memphis,Central Standard Time,284,4.8,85.70%,38.30%,5,N/A,15,0%,16.1%,0.6%
Brookhaven,Mississippi,Lincoln County,12289,568,92,58,34,60,98,215,0,69.8,55.7,6,29,40,36,19.37%,$29233,$720,$116100,N/A,N/A,45,-3%,15%,13%,47,24 mins,5.80%,1.30%,-2.60%,29.30%,69.40%,1.36%,60.59%,37.72%,N/A,Brookhaven,N/A,N/A,5.5,51.50%,57.20%,67,N/A,47,22.5%,14.9%,1.2%
Brooksville,Mississippi,Noxubee County,1091,687,92,54,38,55,94,218,0,69,53.2,6,27,55,31,14.31%,$15479,$585,$79800,N/A,N/A,33,0%,14%,10%,58,26 mins,8.60%,-0.50%,53.00%,78.00%,21.50%,N/A,78.30%,16.64%,N/A,None,N/A,N/A,5.4,53.10%,61.70%,24,N/A,N/A,30.7%,20.1%,1.2%
Bruce,Mississippi,Calhoun County,1728,709,90,52,38,57,91,212,1,68.6,52.2,6,12,14,49,14.08%,$23345,$459,$83500,N/A,N/A,43,-1%,15%,11%,28,25 mins,6.00%,0.20%,4.20%,29.90%,68.60%,2.26%,44.75%,49.93%,2.70%,None,N/A,N/A,5.1,44.20%,55.90%,44,N/A,N/A,20.8%,11.5%,3.1%
Buckatunna,Mississippi,Wayne County,445,72,91,58,33,58,102,218,0,69.6,54.7,5,28,56,47,N/A,$50172,N/A,$88300,N/A,N/A,62,0%,16%,11%,60,33 mins,7.00%,0.50%,-5.10%,36.70%,62.40%,N/A,40.41%,59.59%,N/A,None,N/A,N/A,5.7,66.10%,69.80%,20,N/A,N/A,12.2%,14.6%,0%
Bude,Mississippi,Franklin County,721,506,91,59,32,60,93,216,0,70.3,56,6,27,54,30,2.91%,$20741,$411,$82100,N/A,N/A,42,0%,13%,11%,62,31 mins,7.80%,-1.00%,-29.50%,35.00%,63.40%,N/A,53.73%,41.47%,N/A,None,N/A,N/A,5.4,33.50%,65.30%,15,N/A,24,33%,12.5%,2.9%
Burnsville,Mississippi,Tishomingo County,870,182,89,49,40,58,112,218,2,67.9,51,6,23,45,36,1.48%,$21591,$417,$89500,N/A,N/A,38,-3%,11%,10%,63,23 mins,5.80%,1.20%,-2.10%,11.90%,85.60%,N/A,N/A,93.62%,2.30%,None,N/A,N/A,5.2,43.40%,59.70%,23,N/A,34,19.5%,13.9%,0.5%
Byhalia,Mississippi,Marshall County,1690,236,91,50,41,56,90,216,2,68.1,51.5,7,30,68,36,11.03%,$26484,$555,$107000,N/A,N/A,34,7%,27%,15%,63,24 mins,6.50%,1.60%,28.70%,54.10%,44.40%,N/A,54.16%,32.77%,1.60%,Memphis,Central Standard Time,284,4.8,44.50%,60.40%,29,N/A,27,23%,16.6%,1.9%
Byram,Mississippi,Hinds County,11660,635,92,57,35,55,102,215,1,69.6,55.1,6,8,31,34,34.80%,$55532,$1128,$150000,1315,$114,17,7%,25%,11%,52,29 mins,5.80%,1.00%,10.90%,71.10%,26.60%,N/A,69.59%,28.80%,1.00%,Jackson,Central Standard Time,331,5.3,64.80%,47.80%,12,N/A,30,2.1%,18.4%,0.8%
Caledonia,Mississippi,Lowndes County,1424,504,92,54,38,57,99,217,1,68.1,52,6,16,32,36,21.69%,$48203,$723,$162600,N/A,N/A,28,5%,29%,27%,59,21 mins,6.30%,-0.30%,29.00%,46.00%,51.60%,1.77%,1.46%,93.77%,5.60%,Columbus,N/A,N/A,5.1,69.70%,39.40%,32,N/A,40,8.3%,14.3%,3.5%
Calhoun City,Mississippi,Calhoun County,1879,797,90,52,38,57,91,214,1,68.7,52.3,6,27,53,35,19.71%,$28036,$540,$70300,N/A,N/A,45,-3%,10%,10%,60,25 mins,6.00%,0.20%,10.00%,29.90%,68.60%,N/A,45.54%,51.83%,2.40%,None,N/A,N/A,5.1,56.40%,59.20%,22,N/A,34,26.9%,14.6%,1.4%
Canton,Mississippi,Madison County,12800,605,91,55,36,54,101,215,0,69.4,54.5,6,32,56,33,18.01%,$37591,$777,$128700,N/A,N/A,37,7%,22%,13%,48,18 mins,4.90%,1.00%,-2.10%,40.60%,56.40%,1.64%,72.96%,21.40%,4.80%,Jackson,Central Standard Time,331,5.6,38.10%,62.90%,62,N/A,49,21.4%,18.1%,6.1%
Carrollton,Mississippi,Carroll County,178,228,91,53,38,55,100,214,1,69,53.3,6,27,55,41,N/A,$31667,N/A,$82900,N/A,N/A,78,0%,13%,11%,63,28 mins,6.80%,-1.40%,-46.70%,30.40%,68.70%,N/A,7.18%,92.82%,N/A,Greenwood,N/A,N/A,5.7,74.40%,54.10%,14,N/A,15,6.9%,16.9%,0%
Carthage,Mississippi,Leake County,4877,525,92,55,37,56,91,216,1,68.7,53.6,6,8,24,30,15.96%,$24846,$739,$101200,N/A,N/A,40,5%,27%,10%,60,29 mins,6.00%,-1.00%,-3.80%,42.40%,56.60%,1.55%,46.83%,49.75%,11.50%,None,N/A,N/A,5.3,43.60%,63.20%,50,N/A,43,31.9%,11.8%,6.7%
Cary,Mississippi,Sharkey County,342,484,92,54,38,57,100,212,0,69.5,54.9,7,25,50,41,18.26%,$26429,$867,$34100,N/A,N/A,34,0%,14%,10%,65,0 mins,7.80%,1.50%,-17.80%,67.50%,31.60%,N/A,77.53%,21.21%,N/A,None,N/A,N/A,5.3,58.10%,58.10%,17,N/A,N/A,4.9%,12.1%,0%
Centreville,Mississippi,Wilkinson County,1521,657,92,60,32,63,97,221,0,70.4,56.7,5,28,56,39,12.77%,$19000,$420,$79000,N/A,N/A,44,0%,14%,10%,62,33 mins,11.90%,-1.00%,-2.40%,67.70%,31.20%,N/A,72.86%,24.96%,N/A,McComb,N/A,N/A,5.8,43.20%,72.30%,35,N/A,36,50.3%,20.9%,1.1%
Charleston,Mississippi,Tallahatchie County,1796,1329,92,51,41,57,91,211,1,68.8,52.7,6,71,52,45,9.89%,$17893,$494,$74900,N/A,N/A,45,0%,14%,11%,57,26 mins,6.40%,0.80%,-13.00%,56.80%,41.90%,N/A,65.36%,33.14%,N/A,None,N/A,N/A,4.8,44.90%,67.30%,40,N/A,44,34.2%,19.8%,0%
Chunky,Mississippi,Newton County,436,523,91,56,35,57,105,218,0,68.8,53.8,6,20,39,32,8.94%,$37375,$756,$70800,N/A,N/A,44,4%,18%,14%,53,26 mins,6.20%,-2.20%,156.50%,29.20%,69.40%,N/A,N/A,86.63%,8.00%,None,N/A,N/A,5.4,65.90%,36.20%,7,N/A,24,12.8%,12.9%,10.1%
Clara,Mississippi,Wayne County,617,158,91,58,33,58,102,218,0,69.6,54.7,5,17,35,36,N/A,$28456,N/A,$117900,N/A,N/A,36,0%,15%,10%,59,33 mins,7.00%,0.50%,-12.60%,36.70%,62.40%,N/A,N/A,100.00%,N/A,None,N/A,N/A,5.7,77.70%,38.80%,3,N/A,26,0%,9.0%,0%
Clarksdale,Mississippi,Coahoma County,16579,1194,93,51,42,53,95,214,1,68.7,52.8,7,35,80,32,17.86%,$27742,$599,$75400,N/A,N/A,50,-8%,24%,10%,57,21 mins,8.30%,-1.00%,-9.30%,71.60%,27.20%,N/A,81.84%,16.73%,N/A,Clarksdale,N/A,N/A,4.9,37.00%,62.40%,33,N/A,46,27.8%,16.1%,0.4%
Cleary,Mississippi,Rankin County,1305,266,91,57,34,55,102,215,1,69.5,54.8,N/A,14,28,47,N/A,$51280,N/A,$136400,N/A,N/A,41,5%,22%,17%,56,25 mins,4.20%,1.00%,-5.50%,22.40%,74.80%,N/A,N/A,100.00%,N/A,Jackson,Central Standard Time,331,5.5,94.10%,32.80%,0,N/A,15,3.2%,11.6%,0%
Cleveland,Mississippi,Bolivar County,12157,1604,92,51,41,54,104,216,1,69.4,54,7,22,84,34,33.33%,$34138,$806,$132200,N/A,N/A,45,0%,13%,10%,56,15 mins,8.70%,-0.90%,-3.00%,65.40%,33.20%,2.24%,50.78%,45.09%,1.00%,Cleveland,N/A,N/A,5,43.50%,64.90%,75,N/A,N/A,15.3%,14.6%,2.3%
Clinton,Mississippi,Hinds County,25398,607,92,57,35,54,105,215,0,69.7,55.3,6,11,30,34,43.22%,$60161,$981,$184900,1728,$107,34,5%,18%,16%,48,21 mins,4.50%,1.00%,1.00%,71.10%,26.60%,4.72%,38.99%,52.69%,5.30%,Jackson,Central Standard Time,331,5.3,61.60%,51.10%,21,N/A,34,7.3%,16.8%,6.2%
Cloverdale,Mississippi,Adams County,731,642,92,58,34,59,96,218,0,70.4,56.8,N/A,21,41,54,8.09%,$25000,$496,$80500,N/A,N/A,44,-4%,17%,16%,64,18 mins,7.90%,0.50%,-22.50%,56.10%,42.50%,N/A,66.67%,31.08%,N/A,Natchez,N/A,N/A,5.9,53.70%,53.80%,0,N/A,23,31%,14.6%,0%
Coahoma,Mississippi,Coahoma County,369,1883,93,51,42,53,90,213,1,68.5,52.3,7,27,54,29,3.18%,$14861,$425,$42900,N/A,N/A,26,-8%,25%,10%,67,21 mins,8.30%,-1.00%,5.10%,71.60%,27.20%,N/A,99.69%,N/A,N/A,Clarksdale,N/A,N/A,4.9,43.40%,79.40%,0,N/A,25,59.5%,29.5%,0%
Coffeeville,Mississippi,Yalobusha County,1068,498,91,52,39,57,98,212,2,68.7,52.3,N/A,27,53,36,16.59%,$30764,$604,$67100,N/A,N/A,48,0%,14%,11%,64,27 mins,6.60%,2.40%,13.30%,42.50%,55.60%,1.75%,60.50%,37.11%,N/A,None,N/A,N/A,4.8,52.50%,65.40%,32,N/A,37,19.8%,18.6%,1.4%
Coldwater,Mississippi,Tate County,1641,691,92,50,42,55,104,213,2,68.2,51.7,N/A,26,52,44,10.79%,$28160,$800,$131100,N/A,N/A,36,9%,24%,16%,64,32 mins,6.30%,1.50%,-5.40%,33.80%,64.50%,N/A,78.92%,17.33%,3.30%,Memphis,Central Standard Time,284,4.9,60.30%,67.50%,28,N/A,36,19.5%,17.1%,2%
Collins,Mississippi,Covington County,2873,361,91,58,33,59,98,219,0,70.1,55.8,6,27,86,34,21.50%,$34071,$512,$95400,N/A,N/A,39,0%,14%,11%,53,26 mins,5.30%,-0.40%,10.40%,37.20%,61.70%,N/A,51.73%,48.27%,9.00%,None,N/A,N/A,5.5,53.90%,53.90%,46,N/A,36,22.9%,13.3%,1.5%
Collinsville,Mississippi,Lauderdale County,2008,141,91,56,35,58,100,217,1,68.8,53.9,6,12,24,40,N/A,$72440,N/A,$186400,N/A,N/A,31,0%,14%,11%,52,19 mins,6.30%,-1.10%,16.70%,38.20%,60.10%,N/A,23.64%,75.56%,N/A,Meridian,N/A,N/A,5.2,93.60%,29.50%,32,N/A,32,4.4%,12.9%,2%
Columbia,Mississippi,Marion County,6163,912,93,60,33,60,105,217,0,70.8,56.8,5,19,41,36,15.90%,$21606,$611,$110700,N/A,N/A,46,0%,21%,16%,54,30 mins,6.20%,0.40%,-6.20%,31.40%,67.00%,N/A,48.68%,48.16%,2.60%,None,N/A,N/A,5.3,50.20%,64.20%,50,N/A,42,34.2%,17.6%,1%
Columbus,Mississippi,Lowndes County,24409,975,92,54,38,55,107,217,0,68.6,52.5,6,23,63,37,22.54%,$29335,$798,$128400,N/A,N/A,44,2%,18%,19%,47,19 mins,6.90%,-0.30%,2.70%,46.00%,51.60%,N/A,63.18%,34.49%,1.40%,Columbus,N/A,N/A,5.1,39.50%,62.00%,36,N/A,45,26.6%,17.2%,2%
Columbus AFB,Mississippi,Lowndes County,1640,1072,92,54,38,55,109,212,0,68.6,52.6,6,18,37,24,53.73%,$57109,$1267,$164400,N/A,N/A,19,4%,24%,23%,54,20 mins,6.30%,-0.30%,-0.30%,46.00%,51.60%,3.42%,7.62%,73.31%,16.40%,Columbus,N/A,N/A,5.1,0.00%,25.00%,2,N/A,N/A,2.9%,N/A,6.8%
Como,Mississippi,Panola County,1480,783,92,50,42,56,106,210,1,68.4,51.7,6,26,39,40,12.85%,$27500,$600,$91900,N/A,N/A,42,-3%,17%,10%,65,25 mins,7.30%,-0.60%,13.10%,49.30%,49.40%,N/A,69.28%,30.72%,N/A,None,N/A,N/A,4.8,31.70%,65.60%,27,N/A,31,26.3%,15.8%,0.4%
Conehatta,Mississippi,Newton County,1205,77,91,56,35,59,95,219,0,69,54.2,6,27,53,23,18.76%,$30108,$754,$65100,N/A,N/A,31,4%,18%,14%,57,26 mins,6.20%,-2.20%,-5.40%,29.20%,69.40%,N/A,N/A,5.96%,4.30%,None,N/A,N/A,5.4,48.40%,61.70%,6,N/A,15,52.7%,15.6%,1.8%
Corinth,Mississippi,Alcorn County,14727,488,91,49,42,57,111,219,2,68,51,6,20,84,38,23.07%,$30944,$595,$107400,N/A,N/A,45,7%,23%,10%,57,16 mins,5.40%,0.40%,1.20%,18.20%,79.90%,N/A,24.61%,69.72%,3.80%,Corinth,N/A,N/A,4.8,46.10%,54.40%,56,N/A,48,18.2%,16.1%,2.5%
Courtland,Mississippi,Panola County,569,503,92,51,41,55,100,215,1,69.2,52.6,6,24,46,32,17.14%,$41705,$964,$89100,N/A,N/A,38,-3%,17%,10%,64,25 mins,7.30%,-0.60%,15.00%,49.30%,49.40%,N/A,51.86%,44.42%,1.40%,None,N/A,N/A,4.8,71.00%,60.00%,0,N/A,15,25.2%,18.1%,0%
Crawford,Mississippi,Lowndes County,553,395,92,53,39,55,94,215,0,68.9,53.2,6,27,54,30,N/A,$17167,N/A,$74400,N/A,N/A,30,4%,24%,23%,59,20 mins,6.30%,-0.30%,5.10%,46.00%,51.60%,N/A,91.62%,7.98%,N/A,Columbus,N/A,N/A,5.1,69.00%,63.50%,9,N/A,22,28.1%,13.7%,0%
Crenshaw,Mississippi,Panola County,1138,2769,91,50,41,56,95,218,1,68.4,52.1,6,24,46,30,8.50%,$21023,$755,$63700,N/A,N/A,43,-3%,16%,10%,65,25 mins,7.30%,-0.60%,4.10%,49.30%,49.40%,N/A,77.86%,19.49%,1.10%,None,N/A,N/A,4.8,53.40%,56.20%,18,N/A,30,18.5%,15.3%,0.9%
Crosby,Mississippi,Wilkinson County,338,160,92,60,32,62,92,219,0,70.7,57.1,5,28,55,26,N/A,$22632,N/A,$81900,N/A,N/A,40,0%,13%,11%,62,33 mins,11.90%,-1.00%,-42.30%,67.70%,31.20%,2.29%,81.65%,16.06%,N/A,McComb,N/A,N/A,5.8,39.70%,66.10%,4,N/A,26,29.1%,20.3%,0.6%
Crowder,Mississippi,Quitman County,670,1469,91,51,40,54,93,214,1,68.8,52.6,6,28,56,30,8.49%,$14444,$570,$40400,N/A,N/A,36,0%,13%,11%,66,26 mins,9.50%,-0.50%,19.90%,68.70%,29.70%,N/A,54.36%,45.64%,N/A,None,N/A,N/A,5,43.40%,68.70%,11,N/A,N/A,23.1%,14.7%,0.9%
Cruger,Mississippi,Holmes County,391,406,92,53,39,54,94,219,1,69.6,54.4,6,26,53,49,17.39%,$17981,$363,$43100,N/A,N/A,37,0%,13%,10%,65,26 mins,12.20%,-1.30%,-18.50%,82.80%,16.20%,N/A,80.21%,19.79%,N/A,None,N/A,N/A,5.8,49.10%,70.70%,0,N/A,25,31.4%,19.3%,0%
Crystal Springs,Mississippi,Copiah County,4910,905,93,58,35,59,96,211,0,69.9,55.7,6,18,41,36,13.09%,$40025,$769,$95900,N/A,N/A,49,-1%,8%,2%,55,25 mins,7.30%,0.90%,-5.10%,51.90%,47.00%,N/A,70.40%,26.35%,4.50%,Jackson,Central Standard Time,331,5.7,59.80%,59.10%,53,N/A,45,26.8%,13.8%,1.7%
Darling,Mississippi,Quitman County,209,77,91,50,41,55,83,214,1,68.5,52.3,7,24,45,49,N/A,$16856,N/A,$55100,N/A,N/A,34,0%,13%,11%,66,26 mins,9.50%,-0.50%,32.30%,68.70%,29.70%,N/A,75.65%,24.35%,N/A,None,N/A,N/A,5,82.80%,62.60%,5,N/A,N/A,0%,28.8%,0%
De Kalb,Mississippi,Kemper County,1219,367,91,55,36,56,99,218,1,69,53.8,6,22,43,44,11.56%,$33750,$482,$68300,N/A,N/A,47,0%,13%,11%,56,32 mins,9.30%,-1.20%,-11.50%,60.90%,38.30%,N/A,75.63%,23.97%,N/A,Meridian,N/A,N/A,5.6,55.00%,55.90%,20,N/A,23,12.5%,21.0%,0%
Decatur,Mississippi,Newton County,1888,342,91,56,35,57,94,217,0,68.6,53.7,6,20,39,22,17.77%,$39891,$540,$122300,N/A,N/A,34,2%,19%,14%,57,26 mins,6.20%,-2.20%,-11.40%,29.20%,69.40%,N/A,47.60%,50.34%,2.30%,None,N/A,N/A,5.4,40.00%,69.60%,20,N/A,36,32.8%,13.9%,0.8%
DeLisle,Mississippi,Harrison County,1185,227,90,60,30,65,105,218,0,72.2,59.1,N/A,25,49,43,N/A,$51484,N/A,$245600,N/A,N/A,16,11%,18%,3%,73,22 mins,5.50%,0.00%,6.80%,33.40%,63.70%,N/A,46.27%,52.48%,N/A,Gulfport-Biloxi-Pascagoula,Central Standard Time,15,6,71.70%,63.70%,9,N/A,31,42.9%,26.5%,0%
Derma,Mississippi,Calhoun County,1036,585,90,52,38,57,91,216,1,68.6,52.2,6,28,54,39,7.44%,$23750,$609,$61200,N/A,N/A,38,-2%,12%,11%,60,25 mins,6.00%,0.20%,0.40%,29.90%,68.60%,N/A,50.27%,37.52%,N/A,None,N/A,N/A,5.1,58.70%,52.20%,22,N/A,N/A,30.4%,16.7%,1.3%
Diamondhead,Mississippi,Hancock County,8200,811,90,60,30,63,99,223,0,71.8,58.5,N/A,13,32,49,33.96%,$67138,$1039,$169500,N/A,N/A,22,6%,17%,0%,72,33 mins,5.90%,0.30%,3.30%,19.00%,78.30%,N/A,1.22%,96.24%,6.40%,Gulfport-Biloxi-Pascagoula,Central Standard Time,15,5.8,72.50%,33.90%,0,N/A,21,5.8%,15.8%,3%
D'Iberville,Mississippi,Harrison County,11150,1054,90,60,30,65,109,219,0,72.3,59.2,N/A,1,1,36,22.76%,$45378,$985,$108800,N/A,N/A,24,11%,18%,3%,61,22 mins,5.50%,0.00%,25.20%,33.40%,63.70%,9.73%,26.57%,57.67%,6.60%,Gulfport-Biloxi-Pascagoula,Central Standard Time,15,6,39.00%,50.80%,38,N/A,N/A,15.6%,17.3%,5.1%
D'Lo,Mississippi,Simpson County,567,815,92,57,35,57,92,219,0,69.5,54.7,N/A,1,1,37,16.50%,$35263,$633,$92800,N/A,N/A,39,2%,12%,6%,58,35 mins,5.60%,0.90%,18.40%,33.90%,64.70%,N/A,26.71%,73.29%,N/A,Jackson,Central Standard Time,331,5.4,64.30%,58.30%,1,N/A,25,16.8%,12.1%,0%
Doddsville,Mississippi,Sunflower County,267,348,92,51,41,54,104,219,1,69.6,54.5,7,26,53,21,11.81%,$14201,$640,$64100,N/A,N/A,15,0%,24%,10%,65,18 mins,9.30%,-1.60%,79.20%,70.10%,29.10%,N/A,96.90%,3.10%,N/A,Indianola,N/A,N/A,5.3,66.30%,63.50%,6,N/A,25,12.5%,29.8%,0%
Drew,Mississippi,Sunflower County,1992,1775,92,51,41,55,102,219,1,69.4,53.9,7,49,47,32,13.43%,$22273,$494,$42000,N/A,N/A,50,0%,24%,10%,66,21 mins,9.30%,-1.60%,3.90%,70.10%,29.10%,N/A,86.70%,12.96%,N/A,Indianola,N/A,N/A,5.3,39.60%,70.70%,27,N/A,37,34.4%,16.3%,0%
Duck Hill,Mississippi,Montgomery County,1157,1119,90,52,38,58,99,215,1,68.7,52.7,6,26,51,30,16.63%,$23846,$495,$78700,N/A,N/A,39,-1%,15%,10%,62,27 mins,6.50%,-1.40%,44.10%,42.30%,56.40%,N/A,70.69%,28.86%,N/A,None,N/A,N/A,5.5,57.70%,53.00%,15,N/A,N/A,41.8%,22.0%,0%
Dumas,Mississippi,Tippah County,429,110,90,49,41,57,106,220,2,68.1,51.2,6,19,37,45,11.79%,$39896,$719,$104500,N/A,N/A,32,0%,29%,10%,64,27 mins,5.90%,0.50%,-1.40%,19.90%,78.20%,N/A,N/A,97.07%,1.40%,None,N/A,N/A,5.1,56.90%,39.50%,18,N/A,N/A,4.3%,13.3%,0.6%
Duncan,Mississippi,Bolivar County,405,442,92,50,42,53,103,211,1,69,53.3,7,26,52,39,N/A,$28188,N/A,$47300,N/A,N/A,27,0%,14%,10%,67,18 mins,8.70%,-0.90%,23.50%,65.40%,33.20%,1.66%,75.17%,23.18%,3.70%,Cleveland,N/A,N/A,5,43.00%,74.90%,9,N/A,29,34.6%,19.4%,2.1%
Durant,Mississippi,Holmes County,2846,1271,90,54,36,56,91,216,0,68.9,53.6,6,28,55,33,6.38%,$23468,$564,$59100,N/A,N/A,37,0%,13%,11%,58,26 mins,12.20%,-1.30%,5.10%,82.80%,16.20%,N/A,86.83%,12.95%,N/A,None,N/A,N/A,5.8,42.40%,72.10%,35,N/A,42,43.7%,19.7%,0.2%
Ecru,Mississippi,Pontotoc County,1199,254,91,51,40,58,109,217,2,68.4,52,6,22,43,30,18.65%,$39167,$628,$85800,N/A,N/A,37,0%,14%,10%,62,19 mins,4.90%,0.70%,20.60%,18.40%,79.60%,N/A,20.64%,68.65%,11.40%,Tupelo,N/A,N/A,5,58.70%,43.80%,19,N/A,40,23.7%,13.7%,2.9%
Eden,Mississippi,Yazoo County,101,214,92,54,38,58,96,218,0,69.7,54.9,N/A,26,50,39,N/A,$12500,N/A,$59100,N/A,N/A,34,2%,12%,6%,63,27 mins,7.70%,1.00%,-46.00%,53.30%,45.70%,N/A,55.51%,38.77%,N/A,Jackson,Central Standard Time,331,5.3,82.70%,57.10%,0,N/A,N/A,12.5%,25.0%,0%
Edwards,Mississippi,Hinds County,980,590,92,57,35,57,101,216,1,69.8,55.4,N/A,51,42,38,19.27%,$31458,$531,$104200,N/A,N/A,38,-1%,18%,17%,61,29 mins,5.80%,1.00%,-28.50%,71.10%,26.60%,N/A,90.74%,7.80%,1.10%,Jackson,Central Standard Time,331,5.3,53.00%,67.00%,10,N/A,N/A,45.9%,18.8%,1.5%
Elliott,Mississippi,Grenada County,1314,290,91,52,39,58,96,215,1,68.8,52.8,N/A,25,50,42,10.94%,$21131,$537,$68000,N/A,N/A,34,0%,11%,10%,61,18 mins,5.60%,1.50%,-32.10%,42.10%,56.80%,N/A,11.13%,82.12%,N/A,Grenada,N/A,N/A,4.9,67.00%,36.00%,8,N/A,N/A,24.8%,28.2%,0%
Ellisville,Mississippi,Jones County,4570,438,91,59,32,58,103,221,0,69.5,55,6,20,49,32,20.44%,$25915,$750,$137400,N/A,N/A,44,10%,24%,20%,52,21 mins,6.00%,-1.20%,2.80%,27.50%,71.00%,N/A,49.83%,48.68%,2.20%,Laurel,N/A,N/A,5.7,41.90%,67.60%,56,N/A,41,33.9%,16.3%,1.5%
Enterprise,Mississippi,Clarke County,796,325,92,57,35,58,105,216,0,68.9,53.8,6,22,43,28,10.53%,$32708,$720,$128200,N/A,N/A,43,7%,15%,12%,49,29 mins,7.10%,-0.90%,18.60%,33.20%,65.90%,N/A,13.33%,86.67%,N/A,Meridian,N/A,N/A,5.6,69.90%,41.30%,19,N/A,31,11%,14.8%,0%
Escatawpa,Mississippi,Jackson County,3241,485,90,61,29,68,98,216,0,71.1,57.5,7,17,41,46,6.86%,$37538,$654,$114100,N/A,N/A,40,8%,22%,0%,60,24 mins,6.50%,-0.10%,-12.20%,29.60%,67.80%,N/A,18.87%,79.88%,N/A,Gulfport-Biloxi-Pascagoula,Central Standard Time,15,5.8,58.00%,45.80%,8,N/A,N/A,12.8%,16.2%,0%
Ethel,Mississippi,Attala County,491,841,91,54,37,58,96,218,1,69.1,53.4,6,23,45,35,N/A,$34688,N/A,$94500,N/A,N/A,50,0%,13%,10%,62,28 mins,6.80%,-2.00%,-4.80%,39.30%,59.30%,1.40%,54.21%,41.59%,N/A,None,N/A,N/A,5.6,61.80%,51.00%,10,N/A,25,15%,12.3%,0.6%
Eupora,Mississippi,Webster County,2273,684,90,53,37,56,95,216,1,68.8,52.7,6,22,25,36,18.62%,$21774,$474,$96300,N/A,N/A,39,-2%,14%,10%,54,28 mins,6.30%,-0.40%,-10.10%,20.10%,78.40%,N/A,47.70%,51.05%,N/A,None,N/A,N/A,5.7,38.30%,56.90%,44,N/A,41,41.2%,16.9%,0%
Falcon,Mississippi,Quitman County,137,350,93,51,42,56,91,215,1,68.6,52.6,7,26,52,28,7.14%,$22313,$753,$40400,N/A,N/A,29,0%,14%,10%,66,26 mins,9.50%,-0.50%,-42.40%,68.70%,29.70%,N/A,100.00%,N/A,N/A,None,N/A,N/A,5,56.90%,85.20%,10,N/A,N/A,18.9%,13.8%,0%
Falkner,Mississippi,Tippah County,712,140,90,49,41,57,107,216,2,68,51,6,16,33,33,16.93%,$26161,$528,$104800,N/A,N/A,28,0%,29%,10%,64,23 mins,5.90%,0.50%,46.80%,19.90%,78.20%,N/A,7.78%,87.34%,3.20%,None,N/A,N/A,5.1,75.10%,40.10%,3,N/A,N/A,7.2%,16.7%,0.4%
Farmington,Mississippi,Alcorn County,2355,369,91,49,42,57,111,219,2,68,51.2,6,18,35,34,17.96%,$44756,$745,$101800,N/A,N/A,36,8%,26%,10%,60,22 mins,5.40%,0.40%,-8.50%,18.20%,79.90%,N/A,3.90%,95.17%,N/A,Corinth,N/A,N/A,4.8,55.60%,37.50%,7,N/A,N/A,5.5%,13.7%,0.8%
Farrell,Mississippi,Coahoma County,264,203,93,51,42,53,95,214,1,68.6,52.6,7,27,53,31,N/A,$11786,N/A,$30900,N/A,N/A,25,-8%,24%,11%,66,21 mins,8.30%,-1.00%,-22.40%,71.60%,27.20%,N/A,95.29%,4.71%,N/A,Clarksdale,N/A,N/A,4.9,79.50%,77.90%,0,N/A,N/A,32.1%,12.5%,0%
Fayette,Mississippi,Jefferson County,1285,1093,91,58,33,60,100,213,0,70.2,56.2,6,26,52,32,25.18%,$20714,$379,$68400,N/A,N/A,41,0%,14%,11%,58,23 mins,18.30%,-1.50%,-14.30%,86.50%,12.70%,N/A,99.21%,N/A,N/A,None,N/A,N/A,5.7,35.70%,82.40%,23,N/A,N/A,45.1%,17.1%,0%
Flora,Mississippi,Madison County,1789,541,92,56,36,54,103,216,0,69.7,55,6,13,29,31,25.53%,$32411,$621,$174900,N/A,N/A,40,5%,12%,9%,60,23 mins,4.90%,1.00%,15.40%,40.60%,56.40%,N/A,45.91%,49.51%,1.80%,Jackson,Central Standard Time,331,5.6,49.30%,56.20%,27,N/A,33,19.8%,15.2%,1.1%
Florence,Mississippi,Rankin County,4341,534,91,57,34,55,102,219,1,69.5,55,6,7,10,32,25.60%,$60030,$971,$172200,N/A,N/A,21,7%,24%,20%,56,25 mins,4.20%,1.00%,10.70%,22.40%,74.80%,N/A,4.85%,95.15%,N/A,Jackson,Central Standard Time,331,5.5,71.20%,39.50%,44,N/A,41,0.9%,18.9%,2.2%
Flowood,Mississippi,Rankin County,8704,302,92,57,35,54,104,211,0,69.5,54.8,6,19,56,34,46.10%,$51367,$1147,$196400,N/A,N/A,21,4%,20%,9%,50,22 mins,4.20%,1.00%,14.70%,22.40%,74.80%,4.82%,31.20%,59.96%,2.80%,Jackson,Central Standard Time,331,5.5,52.00%,47.10%,11,N/A,27,4.6%,13.6%,5.7%
Forest,Mississippi,Scott County,5679,434,92,57,35,59,92,220,0,68.8,53.9,6,25,50,37,7.42%,$37961,$707,$66000,N/A,N/A,39,14%,28%,11%,47,25 mins,5.00%,1.40%,-0.60%,40.60%,58.20%,N/A,43.08%,48.85%,25.10%,None,N/A,N/A,5.6,44.50%,56.70%,49,N/A,44,28%,18.5%,19.8%
Foxworth,Mississippi,Marion County,325,118,93,60,33,61,104,217,0,70.9,57,5,22,43,48,N/A,$31523,N/A,$34600,N/A,N/A,42,0%,20%,16%,63,30 mins,6.20%,0.40%,-35.80%,31.40%,67.00%,N/A,21.96%,78.04%,N/A,None,N/A,N/A,5.3,83.60%,42.00%,21,N/A,N/A,36.4%,24.0%,0%
French Camp,Mississippi,Choctaw County,260,265,90,53,37,58,97,213,1,69.1,53.1,6,21,43,21,N/A,$55000,N/A,$231500,N/A,N/A,51,0%,13%,11%,60,29 mins,5.50%,1.10%,92.60%,30.00%,68.60%,N/A,6.12%,93.88%,5.40%,None,N/A,N/A,5.5,34.70%,57.10%,16,N/A,N/A,10.5%,13.3%,0%
Friars Point,Mississippi,Coahoma County,1044,949,93,51,42,53,94,212,1,68.4,52.3,7,27,54,36,7.93%,$19712,$484,$54700,N/A,N/A,34,-8%,24%,11%,67,21 mins,8.30%,-1.00%,-5.70%,71.60%,27.20%,N/A,96.85%,3.15%,N/A,Clarksdale,N/A,N/A,4.9,41.50%,73.10%,15,N/A,N/A,55.5%,20.3%,0%
Fulton,Mississippi,Itawamba County,4010,472,91,51,40,57,114,214,1,68.3,52.1,6,7,43,32,18.36%,$37400,$593,$92000,N/A,N/A,40,7%,28%,11%,57,24 mins,5.60%,0.50%,1.00%,11.50%,87.00%,N/A,18.55%,77.79%,N/A,Tupelo,N/A,N/A,5,48.50%,63.70%,41,N/A,50,15.4%,14.8%,1.4%
Gattman,Mississippi,Monroe County,95,169,92,53,39,57,99,213,1,68.1,51.5,6,19,37,53,N/A,$21429,N/A,$55200,N/A,N/A,46,6%,18%,10%,59,25 mins,6.70%,-0.30%,26.70%,34.80%,64.00%,N/A,N/A,100.00%,N/A,None,N/A,N/A,5.2,71.70%,56.00%,6,N/A,15,0%,16.5%,0%
Gautier,Mississippi,Jackson County,18555,613,90,61,29,67,98,221,0,72.3,59.2,7,18,47,37,20.52%,$45934,$923,$111200,N/A,N/A,30,6%,22%,-6%,69,26 mins,6.50%,-0.10%,2.60%,29.60%,67.80%,2.99%,30.79%,59.30%,8.10%,Gulfport-Biloxi-Pascagoula,Central Standard Time,15,5.8,51.20%,50.50%,10,N/A,34,10.9%,15.2%,4.1%
Georgetown,Mississippi,Copiah County,259,385,93,58,35,58,94,216,1,69.8,55.3,6,19,39,46,8.37%,$33750,$325,$73500,N/A,N/A,33,-1%,8%,2%,60,31 mins,7.30%,0.90%,-3.70%,51.90%,47.00%,N/A,31.10%,57.95%,10.00%,Jackson,Central Standard Time,331,5.7,67.30%,36.10%,26,N/A,26,17.5%,10.7%,5.7%
Glen,Mississippi,Alcorn County,507,109,90,49,41,58,112,214,2,67.9,51.2,6,17,34,32,N/A,$34583,N/A,$116500,N/A,N/A,29,8%,24%,11%,62,22 mins,5.40%,0.40%,17.90%,18.20%,79.90%,N/A,N/A,98.56%,N/A,Corinth,N/A,N/A,4.8,63.20%,36.20%,1,N/A,7,17.6%,15.0%,0.4%
Glendale,Mississippi,Forrest County,1836,1126,91,59,32,60,107,218,0,70.1,55.9,5,23,46,37,18.53%,$34063,$924,$79800,N/A,N/A,36,5%,16%,17%,55,21 mins,5.90%,1.20%,19.20%,41.70%,55.10%,N/A,55.45%,43.16%,1.50%,Hattiesburg,Central Standard Time,150,5.6,54.00%,48.30%,16,N/A,N/A,33%,14.5%,0%
Glendora,Mississippi,Tallahatchie County,109,757,92,51,41,57,95,218,1,69.2,53.6,7,27,54,23,5.00%,$32250,$638,$36900,N/A,N/A,24,0%,13%,10%,66,13 mins,6.40%,0.80%,-57.10%,56.80%,41.90%,N/A,100.00%,N/A,N/A,None,N/A,N/A,4.8,25.60%,62.30%,0,N/A,N/A,39.1%,25.0%,0%
Gloster,Mississippi,Amite County,1039,570,92,60,32,62,92,216,0,70.2,56.3,5,23,16,38,4.39%,$28125,$470,$70100,N/A,N/A,44,0%,13%,10%,63,28 mins,7.70%,-0.60%,-25.10%,38.30%,60.80%,N/A,81.13%,18.87%,N/A,McComb,N/A,N/A,6.1,32.20%,57.10%,16,N/A,26,44.5%,16.9%,0%
Golden,Mississippi,Tishomingo County,158,272,89,50,39,59,114,220,2,68,51.6,6,21,43,38,20.77%,$20938,$463,$90600,N/A,N/A,48,2%,18%,10%,64,22 mins,5.80%,1.20%,-23.30%,11.90%,85.60%,N/A,3.76%,95.16%,8.90%,None,N/A,N/A,5.2,39.20%,46.90%,9,N/A,35,22.4%,14.3%,5%
Goodman,Mississippi,Holmes County,1289,1568,91,55,36,55,93,211,0,69.1,53.8,6,19,38,20,6.86%,$16250,$493,$53100,N/A,N/A,34,0%,14%,10%,61,26 mins,12.20%,-1.30%,2.80%,82.80%,16.20%,N/A,70.85%,28.75%,1.10%,None,N/A,N/A,5.8,24.10%,79.70%,14,N/A,21,50.6%,19.2%,0%
Greenville,Mississippi,Washington County,31934,1187,92,52,40,53,92,211,0,69.4,54.2,7,14,94,36,18.78%,$30096,$694,$86300,N/A,N/A,48,0%,13%,11%,54,15 mins,8.50%,-2.00%,-9.10%,67.60%,31.20%,N/A,81.73%,16.09%,N/A,Greenville,N/A,N/A,5.7,41.40%,64.00%,33,N/A,47,30.2%,17.0%,1.2%
Greenwood,Mississippi,Leflore County,14496,1175,92,53,39,55,103,218,1,69.4,54,6,35,80,35,21.95%,$26126,$572,$73400,N/A,N/A,49,-6%,9%,10%,56,15 mins,8.20%,-1.70%,-8.70%,69.90%,28.80%,N/A,73.07%,25.52%,N/A,Greenwood,N/A,N/A,5.7,39.00%,68.80%,63,N/A,52,33.7%,16.9%,0.6%
Grenada,Mississippi,Grenada County,12719,424,91,52,39,58,96,213,1,68.8,52.8,6,34,63,36,22.05%,$29286,$684,$96000,N/A,N/A,44,0%,12%,10%,53,14 mins,5.60%,1.50%,-5.20%,42.10%,56.80%,N/A,56.46%,42.94%,N/A,Grenada,N/A,N/A,4.9,43.60%,63.90%,66,N/A,N/A,23.9%,18.5%,0.4%
Gulf Hills,Mississippi,Jackson County,8249,1077,90,61,29,67,100,222,0,71.8,58.7,7,19,46,36,30.23%,$57500,$999,$145500,N/A,N/A,30,5%,16%,2%,68,24 mins,6.50%,-0.10%,4.60%,29.60%,67.80%,8.03%,23.60%,65.11%,3.10%,Gulfport-Biloxi-Pascagoula,Central Standard Time,15,5.8,66.00%,55.20%,3,N/A,22,11.8%,17.2%,5.9%
Gulf Park Estates,Mississippi,Jackson County,6461,2434,90,61,29,67,100,220,0,71.8,58.7,7,18,43,30,32.48%,$64980,$1332,$141200,N/A,N/A,18,8%,23%,0%,73,25 mins,6.50%,-0.10%,16.50%,29.60%,67.80%,3.40%,4.13%,87.66%,5.40%,Gulfport-Biloxi-Pascagoula,Central Standard Time,15,5.8,65.70%,44.70%,11,N/A,N/A,7.3%,19.1%,1.2%
Gulfport,Mississippi,Harrison County,71318,1282,90,60,30,65,110,219,0,72.1,59,7,18,70,34,22.24%,$36658,$860,$112400,N/A,N/A,35,10%,18%,3%,62,21 mins,6.00%,0.00%,7.60%,33.40%,63.70%,1.33%,37.66%,56.70%,5.70%,Gulfport-Biloxi-Pascagoula,Central Standard Time,15,6,41.30%,59.30%,23,N/A,41,21.2%,18.6%,4.1%
Gunnison,Mississippi,Bolivar County,352,359,92,51,41,53,100,213,0,69,53.3,7,27,53,36,6.95%,$22500,$470,$65300,N/A,N/A,26,0%,13%,10%,67,18 mins,8.70%,-0.90%,-16.40%,65.40%,33.20%,N/A,90.56%,6.29%,N/A,Cleveland,N/A,N/A,5,44.80%,88.00%,11,N/A,N/A,46.9%,18.8%,0%
Guntown,Mississippi,Lee County,2596,557,90,51,39,57,100,213,1,68.1,51.9,6,18,35,32,19.19%,$50375,$912,$135800,N/A,N/A,16,2%,14%,10%,60,21 mins,5.20%,0.50%,34.90%,30.50%,67.50%,N/A,16.84%,79.01%,N/A,Tupelo,N/A,N/A,5.1,74.00%,39.90%,18,N/A,22,7.2%,19.2%,0.3%
Hamilton,Mississippi,Monroe County,371,118,92,53,39,55,104,216,0,68.5,52.2,6,16,32,47,N/A,$60996,N/A,$104600,N/A,N/A,41,6%,18%,10%,57,25 mins,6.70%,-0.30%,-30.00%,34.80%,64.00%,N/A,7.47%,92.53%,N/A,None,N/A,N/A,5.2,83.00%,60.00%,9,N/A,27,16.8%,13.2%,0%
Hatley,Mississippi,Monroe County,566,414,91,52,39,54,111,217,0,68.5,52.2,6,18,36,37,23.36%,$43977,$675,$87600,N/A,N/A,42,6%,18%,11%,59,22 mins,6.70%,-0.30%,8.20%,34.80%,64.00%,N/A,3.34%,94.59%,2.30%,None,N/A,N/A,5.2,77.10%,41.50%,9,N/A,N/A,17.2%,14.1%,0.8%
Hattiesburg,Mississippi,Forrest County,46495,870,91,59,32,60,107,220,0,70,55.9,5,21,77,28,32.62%,$27827,$791,$150300,N/A,N/A,42,4%,16%,14%,44,17 mins,5.90%,1.20%,1.70%,41.70%,55.10%,1.07%,52.97%,43.12%,2.80%,Hattiesburg,Central Standard Time,150,5.6,30.40%,69.10%,36,N/A,51,23.8%,17.5%,3.9%
Hazlehurst,Mississippi,Copiah County,3895,890,92,58,34,59,96,212,0,69.9,55.8,6,25,50,39,14.50%,$32682,$579,$62500,N/A,N/A,49,0%,12%,4%,49,31 mins,7.30%,0.90%,-3.70%,51.90%,47.00%,2.45%,77.88%,19.25%,2.30%,Jackson,Central Standard Time,331,5.7,45.50%,73.50%,35,N/A,40,27.5%,14.5%,6.7%
Heidelberg,Mississippi,Jasper County,735,144,92,58,34,56,100,222,0,69.5,54.8,5,8,48,45,9.33%,$29688,$694,$103200,N/A,N/A,37,2%,22%,11%,49,32 mins,7.40%,-1.30%,-32.90%,51.50%,47.60%,N/A,84.78%,15.08%,N/A,Laurel,N/A,N/A,5.7,61.20%,52.90%,N/A,N/A,N/A,19.8%,19.6%,0%
Helena,Mississippi,Jackson County,1133,270,90,61,29,68,98,218,0,71.8,58.7,7,21,41,46,N/A,$44271,N/A,$110600,N/A,N/A,42,8%,22%,0%,60,24 mins,6.50%,-0.10%,-21.90%,29.60%,67.80%,N/A,N/A,100.00%,N/A,Gulfport-Biloxi-Pascagoula,Central Standard Time,15,5.8,73.80%,50.50%,8,N/A,N/A,13.8%,19.0%,0%
Henderson Point,Mississippi,Harrison County,186,176,90,60,30,65,105,218,0,72.2,59.1,N/A,20,41,64,N/A,$45938,N/A,$160100,N/A,N/A,11,11%,18%,3%,75,22 mins,5.50%,0.00%,520.00%,33.40%,63.70%,N/A,N/A,100.00%,20.40%,Gulfport-Biloxi-Pascagoula,Central Standard Time,15,6,36.80%,47.00%,0,N/A,25,21.2%,14.5%,0%
Hernando,Mississippi,DeSoto County,15534,614,92,50,42,55,102,215,2,67.8,51.4,7,14,33,36,33.41%,$61466,$1039,$219400,N/A,N/A,17,9%,27%,17%,60,23 mins,4.80%,1.50%,17.20%,31.10%,65.10%,N/A,13.40%,82.81%,3.20%,Memphis,Central Standard Time,284,4.8,78.20%,43.20%,62,N/A,45,5.2%,17.0%,2.8%
Hickory,Mississippi,Newton County,527,563,91,56,35,57,106,222,0,68.6,53.7,6,25,50,28,6.94%,$36023,$387,$62700,N/A,N/A,36,4%,18%,14%,53,26 mins,6.20%,-2.20%,9.80%,29.20%,69.40%,N/A,64.87%,34.34%,N/A,None,N/A,N/A,5.4,67.20%,66.00%,15,N/A,34,42.2%,20.2%,0.6%
Hickory Flat,Mississippi,Benton County,616,643,90,49,41,58,107,218,3,68.1,51.4,6,23,47,31,18.50%,$30179,$475,$84700,N/A,N/A,38,7%,29%,16%,63,30 mins,6.80%,1.40%,42.90%,42.70%,56.00%,N/A,16.36%,83.33%,7.30%,Memphis,Central Standard Time,284,4.8,46.30%,57.20%,13,N/A,28,13.1%,12.7%,3.1%
Hide-A-Way Lake,Mississippi,Pearl River County,1881,1240,91,61,30,63,100,219,0,71.2,57.6,N/A,14,28,55,N/A,$60446,N/A,$161900,N/A,N/A,27,3%,18%,10%,61,34 mins,5.60%,0.50%,21.00%,16.50%,81.30%,N/A,N/A,98.54%,1.50%,Picayune,N/A,N/A,5.8,74.70%,36.10%,0,N/A,20,0%,9.0%,0%
Hillsboro,Mississippi,Scott County,925,101,92,57,35,59,92,216,0,68.8,54,6,24,47,32,N/A,$53406,N/A,$75900,N/A,N/A,30,14%,29%,10%,59,25 mins,5.00%,1.40%,-32.80%,40.60%,58.20%,2.07%,45.58%,45.98%,1.90%,None,N/A,N/A,5.6,66.20%,54.90%,0,N/A,N/A,15.5%,14.6%,6.1%
Holcomb,Mississippi,Grenada County,427,90,91,52,39,58,94,215,1,69,53.3,6,23,45,41,N/A,$12244,N/A,$97500,N/A,N/A,27,0%,9%,10%,63,18 mins,5.60%,1.50%,-21.70%,42.10%,56.80%,N/A,20.11%,79.89%,N/A,Grenada,N/A,N/A,4.9,91.20%,64.50%,18,N/A,30,16%,16.1%,0%
Hollandale,Mississippi,Washington County,2502,1129,92,53,39,53,99,215,0,69.6,54.9,7,14,31,39,13.74%,$21912,$540,$66700,N/A,N/A,45,0%,14%,11%,64,16 mins,8.50%,-2.00%,-10.60%,67.60%,31.20%,N/A,83.73%,15.94%,N/A,Greenville,N/A,N/A,5.7,39.20%,67.30%,19,N/A,38,25.4%,17.6%,0.4%
Holly Springs,Mississippi,Marshall County,7538,590,90,50,40,56,104,217,2,68.1,51.2,6,75,55,32,11.89%,$27591,$674,$70300,N/A,N/A,40,7%,28%,16%,57,22 mins,6.50%,1.60%,-3.70%,54.10%,44.40%,N/A,80.95%,18.04%,N/A,Memphis,Central Standard Time,284,4.8,38.30%,73.10%,58,N/A,46,27%,25.2%,0.7%
Horn Lake,Mississippi,DeSoto County,26804,1670,92,50,42,53,98,218,3,67.6,51.3,7,9,34,33,15.76%,$45817,$1033,$104900,N/A,N/A,26,8%,30%,11%,48,26 mins,5.30%,1.50%,5.10%,31.10%,65.10%,N/A,45.00%,48.18%,6.10%,Memphis,Central Standard Time,284,4.8,52.00%,54.80%,23,N/A,33,12.5%,17.6%,4.7%
Houston,Mississippi,Chickasaw County,3505,475,90,51,39,58,99,216,1,68.9,52.5,6,7,5,35,14.47%,$30139,$628,$81800,N/A,N/A,39,3%,19%,10%,60,18 mins,6.80%,0.00%,-4.70%,46.20%,52.30%,N/A,48.96%,44.39%,18.00%,None,N/A,N/A,5.1,50.90%,58.90%,60,N/A,54,20.7%,14.1%,7.3%
Hurley,Mississippi,Jackson County,982,191,90,61,29,68,98,218,0,71.8,58.7,7,13,26,52,20.37%,$46607,$846,$148500,N/A,N/A,29,7%,23%,0%,64,24 mins,6.50%,-0.10%,-41.10%,29.60%,67.80%,N/A,N/A,99.23%,N/A,Gulfport-Biloxi-Pascagoula,Central Standard Time,15,5.8,81.90%,29.10%,27,N/A,34,26%,15.1%,0%
Indianola,Mississippi,Sunflower County,9805,1144,92,52,40,54,103,218,1,69.6,54.4,7,60,95,33,21.24%,$27181,$693,$52000,N/A,N/A,42,0%,24%,10%,59,17 mins,9.30%,-1.60%,-9.90%,70.10%,29.10%,N/A,81.75%,16.55%,1.30%,Indianola,N/A,N/A,5.3,47.30%,65.80%,47,N/A,48,24%,18.7%,0.2%
Inverness,Mississippi,Sunflower County,925,642,92,52,40,55,102,217,0,69.6,54.6,7,23,46,42,23.02%,$31000,$713,$71500,N/A,N/A,44,0%,24%,10%,64,18 mins,9.30%,-1.60%,-13.10%,70.10%,29.10%,N/A,55.96%,43.50%,N/A,Indianola,N/A,N/A,5.3,61.30%,56.30%,31,N/A,42,20.9%,17.5%,0%
Isola,Mississippi,Humphreys County,913,1235,92,52,40,55,102,216,0,69.7,54.8,7,27,54,29,N/A,$17250,N/A,$91300,N/A,N/A,41,0%,14%,10%,64,22 mins,9.90%,-1.30%,16.90%,72.20%,27.10%,N/A,79.37%,20.63%,3.50%,None,N/A,N/A,5.6,54.50%,61.30%,0,N/A,N/A,38%,16.2%,1.2%
Itta Bena,Mississippi,Leflore County,1828,1296,92,52,40,55,103,213,1,69.5,54.2,7,31,95,33,13.27%,$22867,$582,$51500,N/A,N/A,45,-6%,9%,10%,66,15 mins,8.20%,-1.70%,-24.20%,69.90%,28.80%,N/A,90.16%,8.74%,N/A,Greenwood,N/A,N/A,5.7,29.40%,73.30%,44,N/A,N/A,40.2%,22.9%,0%
Iuka,Mississippi,Tishomingo County,2964,306,90,50,40,58,114,212,2,67.6,50.9,6,11,42,46,8.60%,$30960,$553,$97000,N/A,N/A,41,-10%,10%,10%,60,22 mins,5.80%,1.20%,-2.60%,11.90%,85.60%,N/A,5.99%,93.40%,N/A,None,N/A,N/A,5.2,41.00%,50.50%,6,N/A,N/A,12.6%,12.5%,1.3%
Jackson,Mississippi,Hinds County,170393,1534,92,57,35,54,104,211,1,69.6,55,6,45,71,32,27.23%,$33080,$847,$165000,1813,$91,48,3%,20%,16%,42,20 mins,6.10%,1.00%,-2.90%,71.10%,26.60%,N/A,82.18%,16.54%,1.10%,Jackson,Central Standard Time,331,5.3,41.60%,67.00%,28,20,38,21.7%,18.1%,1.3%
Jonestown,Mississippi,Coahoma County,1349,3486,93,51,42,53,94,212,1,68.5,52.4,7,27,53,27,8.81%,$19185,$388,$49900,N/A,N/A,33,-8%,24%,10%,67,21 mins,8.30%,-1.00%,-2.30%,71.60%,27.20%,N/A,100.00%,N/A,N/A,Clarksdale,N/A,N/A,4.9,38.10%,72.80%,22,N/A,33,38.3%,17.4%,0%
Jumpertown,Mississippi,Prentiss County,630,352,90,49,41,57,104,220,1,68.2,51.7,6,21,42,29,9.90%,$39375,$688,$80700,N/A,N/A,33,5%,17%,10%,63,25 mins,5.90%,-0.30%,79.50%,20.90%,77.50%,2.26%,N/A,91.13%,3.80%,None,N/A,N/A,4.8,55.30%,47.50%,5,N/A,N/A,9.6%,14.7%,1%
Kearney Park,Mississippi,Madison County,1483,552,92,56,36,54,103,215,0,69.5,54.7,N/A,18,35,27,N/A,$36071,N/A,$94700,N/A,N/A,38,5%,13%,9%,60,22 mins,4.90%,1.00%,3.10%,40.60%,56.40%,N/A,95.72%,4.28%,N/A,Jackson,Central Standard Time,331,5.6,64.60%,50.80%,0,N/A,27,0%,13.3%,0%
Kilmichael,Mississippi,Montgomery County,841,302,90,53,37,57,98,219,1,68.6,52.6,6,20,39,44,11.52%,$27800,$519,$77900,N/A,N/A,46,0%,16%,11%,61,25 mins,6.50%,-1.40%,-13.20%,42.30%,56.40%,N/A,61.40%,37.39%,N/A,None,N/A,N/A,5.5,57.50%,49.60%,28,N/A,35,22.9%,18.7%,0%
Kiln,Mississippi,Hancock County,2021,154,90,60,30,63,99,217,0,71.6,58.2,8,17,34,54,9.43%,$39844,$869,$145500,N/A,N/A,22,14%,23%,3%,64,29 mins,5.90%,0.30%,10.90%,19.00%,78.30%,N/A,N/A,92.93%,6.70%,Gulfport-Biloxi-Pascagoula,Central Standard Time,15,5.8,72.20%,47.90%,21,N/A,32,9.2%,11.1%,1.3%
Kosciusko,Mississippi,Attala County,7018,931,91,54,37,57,95,219,1,69.3,53.5,6,20,36,36,15.75%,$28125,$471,$77100,N/A,N/A,44,0%,13%,11%,55,28 mins,6.80%,-2.00%,-4.60%,39.30%,59.30%,N/A,53.95%,43.76%,N/A,None,N/A,N/A,5.6,38.10%,59.00%,53,N/A,N/A,37.1%,15.6%,0.2%
Kossuth,Mississippi,Alcorn County,214,222,91,49,42,57,111,214,2,68,51.2,6,13,27,48,16.47%,$47778,$814,$118800,N/A,N/A,31,7%,24%,10%,64,22 mins,5.40%,0.40%,48.60%,18.20%,79.90%,N/A,N/A,99.56%,7.90%,Corinth,N/A,N/A,4.8,60.50%,30.20%,12,N/A,N/A,0%,14.5%,2%
Lake,Mississippi,Scott County,477,430,91,56,35,58,95,215,0,68.8,53.9,6,24,47,28,3.11%,$36094,$594,$112200,N/A,N/A,46,14%,30%,11%,58,25 mins,5.00%,1.40%,13.80%,40.60%,58.20%,N/A,61.73%,38.27%,N/A,None,N/A,N/A,5.6,61.90%,50.50%,11,N/A,30,28.8%,17.6%,0%
Lambert,Mississippi,Quitman County,983,1162,92,50,42,55,93,214,1,68.7,52.6,6,27,54,42,6.59%,$18226,$388,$65900,N/A,N/A,40,0%,13%,11%,68,26 mins,9.50%,-0.50%,-39.10%,68.70%,29.70%,N/A,93.75%,4.55%,N/A,None,N/A,N/A,5,35.50%,65.40%,11,N/A,30,35.1%,19.2%,0%
Latimer,Mississippi,Jackson County,7209,441,90,60,30,67,101,219,0,71.8,58.7,7,15,36,37,14.43%,$53860,$819,$146500,N/A,N/A,23,7%,23%,0%,67,27 mins,6.50%,-0.10%,16.70%,29.60%,67.80%,3.68%,6.27%,83.34%,7.10%,Gulfport-Biloxi-Pascagoula,Central Standard Time,15,5.8,68.50%,41.40%,0,N/A,30,5.3%,15.9%,7.1%
Lauderdale,Mississippi,Lauderdale County,827,289,92,56,36,58,107,218,1,68.8,53.5,6,16,31,31,N/A,$25536,N/A,$62900,N/A,N/A,27,0%,13%,10%,50,19 mins,6.30%,-1.10%,105.70%,38.20%,60.10%,N/A,19.51%,67.04%,N/A,Meridian,N/A,N/A,5.2,57.60%,36.50%,0,N/A,5,0%,20.3%,0%
Laurel,Mississippi,Jones County,18661,1149,91,58,33,58,99,221,0,69.8,55.2,6,17,67,34,21.96%,$28002,$668,$112400,N/A,N/A,48,10%,24%,20%,43,20 mins,6.00%,-1.20%,0.80%,27.50%,71.00%,N/A,64.12%,33.24%,4.10%,Laurel,N/A,N/A,5.7,51.30%,61.10%,34,N/A,41,24.8%,16.3%,5.3%
Leakesville,Mississippi,Greene County,971,614,92,60,32,61,108,215,0,70.5,56.1,5,5,22,40,20.07%,$43636,$568,$104700,N/A,N/A,48,0%,19%,10%,60,33 mins,8.50%,-0.70%,-0.40%,18.10%,80.70%,N/A,19.41%,79.07%,9.70%,None,N/A,N/A,5.6,54.50%,51.20%,40,N/A,39,12.8%,20.1%,2.2%
Learned,Mississippi,Hinds County,93,277,92,57,35,55,102,219,1,69.6,55.1,6,13,26,47,N/A,$41875,N/A,$112500,N/A,N/A,34,3%,21%,16%,62,22 mins,5.80%,1.00%,4.50%,71.10%,26.60%,N/A,13.95%,86.05%,N/A,Jackson,Central Standard Time,331,5.3,78.40%,25.30%,11,N/A,31,6.9%,9.0%,0%
Leland,Mississippi,Washington County,4150,1158,92,52,40,53,101,218,1,69.4,54.3,7,18,56,38,24.68%,$26461,$643,$81100,N/A,N/A,50,0%,13%,11%,60,18 mins,8.50%,-2.00%,-9.60%,67.60%,31.20%,N/A,71.45%,25.32%,1.60%,Greenville,N/A,N/A,5.7,47.50%,59.90%,55,N/A,45,22.3%,14.5%,3.2%
Lena,Mississippi,Leake County,176,106,92,57,35,58,97,218,0,69,54.1,6,15,31,50,N/A,$34063,N/A,$84000,N/A,N/A,47,5%,27%,10%,62,29 mins,6.00%,-1.00%,-27.60%,42.40%,56.60%,N/A,5.96%,94.04%,N/A,None,N/A,N/A,5.3,74.70%,36.70%,0,N/A,25,6.5%,14.6%,0%
Lexington,Mississippi,Holmes County,2127,880,91,54,37,56,92,217,0,69,53.8,6,25,20,35,16.41%,$21793,$630,$68200,N/A,N/A,45,0%,13%,11%,64,22 mins,12.20%,-1.30%,18.50%,82.80%,16.20%,N/A,84.59%,15.30%,N/A,None,N/A,N/A,5.8,42.80%,69.40%,43,N/A,N/A,30.8%,17.6%,0%
Liberty,Mississippi,Amite County,768,373,91,59,32,63,104,216,0,70,56,6,18,35,49,N/A,$33264,N/A,$104900,N/A,N/A,45,0%,13%,11%,63,37 mins,7.70%,-0.60%,20.20%,38.30%,60.80%,N/A,36.21%,61.18%,N/A,McComb,N/A,N/A,6.1,57.80%,45.60%,0,N/A,18,4%,14.2%,0%
Long Beach,Mississippi,Harrison County,15446,1506,90,60,30,65,110,216,0,72.2,59.2,7,8,32,41,20.90%,$50051,$965,$116100,N/A,N/A,34,11%,18%,3%,71,22 mins,5.50%,0.00%,4.60%,33.40%,63.70%,3.09%,7.75%,86.62%,3.40%,Gulfport-Biloxi-Pascagoula,Central Standard Time,15,6,55.40%,49.80%,62,N/A,50,13.2%,19.1%,5.4%
Louin,Mississippi,Jasper County,395,65,91,56,35,57,91,218,0,69,54.3,6,16,31,36,32.00%,$29500,$705,$114400,N/A,N/A,44,-3%,17%,11%,55,32 mins,7.40%,-1.30%,-6.80%,51.50%,47.60%,N/A,44.44%,55.03%,N/A,Laurel,N/A,N/A,5.7,55.70%,30.80%,8,N/A,23,11.6%,10.1%,0%
Louise,Mississippi,Humphreys County,207,1169,92,53,39,57,96,214,0,70,55.2,7,27,54,49,11.97%,$35357,$382,$68100,N/A,N/A,55,0%,13%,11%,66,22 mins,9.90%,-1.30%,4.00%,72.20%,27.10%,3.63%,65.28%,29.02%,N/A,None,N/A,N/A,5.6,42.50%,69.20%,7,N/A,N/A,33.8%,36.2%,1.3%
Louisville,Mississippi,Winston County,6325,419,91,54,37,56,94,222,1,69.3,53.6,6,14,19,35,17.22%,$26061,$688,$81100,N/A,N/A,46,-4%,12%,11%,49,25 mins,6.90%,0.60%,-5.60%,43.40%,55.30%,N/A,63.72%,32.63%,2.60%,None,N/A,N/A,5.3,55.00%,57.20%,50,N/A,48,29.3%,15.1%,1.3%
Lucedale,Mississippi,George County,3007,471,92,62,30,66,116,218,0,70.8,56.9,5,16,41,33,13.13%,$34363,$692,$141200,N/A,N/A,41,-1%,18%,11%,58,35 mins,8.00%,-1.20%,2.50%,10.40%,87.90%,1.27%,24.17%,74.04%,2.30%,None,N/A,N/A,5.5,53.70%,57.00%,47,N/A,45,16.7%,13.9%,1.6%
Lula,Mississippi,Coahoma County,248,595,93,51,42,53,89,215,1,68.3,52.1,7,28,55,44,10.90%,$20167,$264,$49600,N/A,N/A,44,-8%,23%,10%,67,21 mins,8.30%,-1.00%,-13.30%,71.60%,27.20%,N/A,93.88%,6.12%,1.20%,Clarksdale,N/A,N/A,4.9,44.30%,62.40%,1,N/A,27,14%,11.7%,0%
Lumberton,Mississippi,Lamar County,2096,295,91,60,31,61,113,217,0,70.6,56.7,5,27,53,34,9.08%,$18942,$554,$103400,N/A,N/A,44,4%,20%,16%,61,37 mins,4.60%,1.20%,8.20%,21.10%,76.20%,N/A,54.46%,42.72%,N/A,Hattiesburg,Central Standard Time,150,5.7,32.50%,59.30%,34,N/A,26,32.9%,22.8%,0%
Lyman,Mississippi,Harrison County,2732,351,90,60,30,65,112,218,0,72.2,59.1,N/A,17,34,37,18.83%,$38542,$827,$154500,N/A,N/A,18,11%,18%,3%,65,22 mins,5.50%,0.00%,51.40%,33.40%,63.70%,N/A,6.18%,93.82%,3.30%,Gulfport-Biloxi-Pascagoula,Central Standard Time,15,6,54.50%,43.60%,8,N/A,26,7.4%,15.6%,0%
Lynchburg,Mississippi,DeSoto County,2390,1236,91,48,43,53,98,210,3,67.7,51.3,N/A,15,30,36,17.37%,$76080,$876,$153800,N/A,N/A,22,10%,25%,16%,58,27 mins,4.80%,1.50%,14.10%,31.10%,65.10%,1.18%,18.16%,77.81%,3.60%,Memphis,Central Standard Time,284,4.8,88.80%,43.60%,16,N/A,24,9%,17.7%,3%
Lyon,Mississippi,Coahoma County,363,781,93,51,42,53,95,211,1,68.7,52.7,7,18,36,52,38.73%,$59444,$625,$138700,N/A,N/A,52,-8%,24%,11%,66,21 mins,8.30%,-1.00%,-24.80%,71.60%,27.20%,N/A,42.25%,54.25%,1.90%,Clarksdale,N/A,N/A,4.9,43.60%,37.30%,1,N/A,N/A,14.2%,13.6%,1.7%
Maben,Mississippi,Oktibbeha County,743,383,91,53,38,55,100,218,1,68.8,52.8,6,27,54,32,6.65%,$12813,$659,$111900,N/A,N/A,42,2%,25%,16%,59,19 mins,6.80%,0.50%,-0.10%,48.90%,47.30%,N/A,68.15%,31.70%,3.00%,Starkville,N/A,N/A,5.7,41.20%,70.60%,16,N/A,29,35.1%,18.2%,1.7%
Macon,Mississippi,Noxubee County,2595,678,92,54,38,54,96,215,0,68.9,53,6,48,61,30,19.61%,$18232,$585,$65100,N/A,N/A,40,0%,14%,10%,48,26 mins,8.60%,-0.50%,-9.50%,78.00%,21.50%,N/A,77.32%,22.68%,1.00%,None,N/A,N/A,5.4,46.00%,71.70%,46,N/A,N/A,43.3%,18.4%,0.6%
Madison,Mississippi,Madison County,25350,1004,92,56,36,54,104,216,0,69.6,54.9,6,8,16,40,68.47%,$99109,$1549,$280800,N/A,N/A,22,5%,11%,11%,51,22 mins,3.90%,1.00%,8.80%,40.60%,56.40%,4.96%,10.73%,82.54%,1.30%,Jackson,Central Standard Time,331,5.6,89.80%,32.80%,8,N/A,29,2.1%,15.5%,4.9%
Magee,Mississippi,Simpson County,4343,825,91,57,34,58,95,212,1,69.5,54.9,6,7,24,34,11.34%,$30020,$618,$110300,N/A,N/A,39,2%,12%,6%,54,35 mins,5.60%,0.90%,-0.90%,33.90%,64.70%,N/A,47.81%,51.55%,1.70%,Jackson,Central Standard Time,331,5.4,46.90%,66.70%,46,N/A,43,19%,16.1%,0.5%
Magnolia,Mississippi,Pike County,2001,326,92,60,32,63,102,221,0,70.2,56.3,6,14,31,38,16.13%,$22077,$717,$99500,N/A,N/A,44,5%,22%,20%,61,24 mins,7.30%,-0.40%,-23.30%,49.20%,49.00%,N/A,63.76%,35.27%,N/A,McComb,N/A,N/A,5.9,53.90%,69.60%,37,N/A,37,25.1%,14.1%,0.6%
Mantachie,Mississippi,Itawamba County,1421,361,91,51,40,58,101,214,1,68.3,52,6,24,48,35,9.05%,$35357,$701,$105700,N/A,N/A,36,7%,26%,10%,61,24 mins,5.60%,0.50%,27.30%,11.50%,87.00%,N/A,N/A,98.37%,N/A,Tupelo,N/A,N/A,5,55.40%,54.00%,36,N/A,29,16.3%,17.4%,0%
Mantee,Mississippi,Webster County,259,58,90,52,38,57,93,218,1,68.6,52.6,6,16,32,40,20.43%,$49450,$717,$117900,N/A,N/A,46,-2%,15%,11%,60,28 mins,6.30%,-0.40%,20.50%,20.10%,78.40%,N/A,2.02%,97.17%,2.70%,None,N/A,N/A,5.7,78.80%,30.60%,0,N/A,21,7.2%,13.4%,0%
Marietta,Mississippi,Prentiss County,283,159,90,50,40,58,100,217,1,68.3,52,6,18,35,44,16.88%,$24868,$625,$91300,N/A,N/A,41,5%,24%,10%,62,20 mins,5.90%,-0.30%,47.40%,20.90%,77.50%,N/A,N/A,100.00%,N/A,None,N/A,N/A,4.8,74.50%,31.70%,21,N/A,20,10%,14.1%,3.2%
Marion,Mississippi,Lauderdale County,1492,512,92,56,36,58,106,218,1,69,54.1,6,26,53,32,25.53%,$41343,$859,$166400,N/A,N/A,33,0%,14%,11%,50,22 mins,6.30%,-1.10%,11.70%,38.20%,60.10%,N/A,57.16%,41.65%,2.20%,Meridian,N/A,N/A,5.2,36.50%,60.10%,20,N/A,32,29.7%,19.7%,1.7%
Marks,Mississippi,Quitman County,1637,1276,91,50,41,55,91,216,1,68.6,52.5,7,26,50,43,13.49%,$31207,$611,$75700,N/A,N/A,54,0%,14%,10%,60,24 mins,9.50%,-0.50%,-29.60%,68.70%,29.70%,N/A,76.45%,22.52%,N/A,None,N/A,N/A,5,59.50%,62.00%,35,N/A,42,23%,16.1%,0.2%
Mathiston,Mississippi,Webster County,593,241,91,53,38,55,99,212,1,68.8,52.9,6,19,38,39,20.62%,$32417,$500,$104300,N/A,N/A,43,-2%,15%,11%,60,21 mins,6.30%,-0.40%,-24.80%,20.10%,78.40%,2.35%,23.32%,71.48%,N/A,None,N/A,N/A,5.7,70.30%,44.90%,28,N/A,43,14.6%,13.1%,2.5%
Mayersville,Mississippi,Issaquena County,683,620,93,54,39,56,101,216,0,69.8,55.1,7,28,56,33,1.63%,$13854,$244,$35800,N/A,N/A,26,0%,14%,11%,66,0 mins,12.00%,-1.70%,11.40%,56.50%,42.60%,N/A,78.82%,19.87%,1.50%,None,N/A,N/A,5.8,16.80%,71.10%,18,N/A,45,42.7%,19.3%,0.8%
McComb,Mississippi,Pike County,12620,1090,92,59,33,63,105,218,0,70.2,56.4,6,21,82,34,15.30%,$29798,$695,$97800,N/A,N/A,46,1%,16%,14%,52,19 mins,7.30%,-0.40%,-2.40%,49.20%,49.00%,N/A,77.51%,22.29%,1.80%,McComb,N/A,N/A,5.9,37.20%,55.20%,52,N/A,44,40%,14.6%,0.6%
McCool,Mississippi,Attala County,201,214,90,53,37,57,94,217,1,69.4,53.7,6,21,43,49,N/A,$44750,N/A,$84000,N/A,N/A,49,0%,13%,11%,62,28 mins,6.80%,-2.00%,-4.30%,39.30%,59.30%,N/A,10.99%,89.01%,N/A,None,N/A,N/A,5.6,56.10%,62.00%,0,N/A,N/A,6.9%,12.0%,0%
McLain,Mississippi,Greene County,311,92,92,60,32,60,107,222,0,69.9,55.5,5,23,46,43,6.77%,$29250,$642,$52700,N/A,N/A,30,0%,19%,11%,60,33 mins,8.50%,-0.70%,-66.60%,18.10%,80.70%,N/A,28.94%,70.74%,N/A,None,N/A,N/A,5.6,44.70%,48.20%,4,N/A,26,8.3%,17.1%,0%
Meadville,Mississippi,Franklin County,561,508,91,59,32,60,97,220,0,70.3,56.1,6,27,54,37,29.55%,$34706,$915,$98400,N/A,N/A,44,0%,14%,10%,62,31 mins,7.80%,-1.00%,14.00%,35.00%,63.40%,N/A,17.88%,80.13%,N/A,None,N/A,N/A,5.4,49.10%,67.70%,31,N/A,N/A,31.8%,13.2%,0.6%
Mendenhall,Mississippi,Simpson County,2711,507,91,57,34,57,92,215,0,69.4,54.8,6,25,49,39,21.00%,$28431,$704,$101300,N/A,N/A,44,2%,12%,6%,58,35 mins,5.60%,0.90%,7.10%,33.90%,64.70%,N/A,54.65%,45.25%,1.10%,Jackson,Central Standard Time,331,5.4,52.10%,57.00%,27,N/A,37,27.5%,14.6%,0.3%
Meridian,Mississippi,Lauderdale County,39213,730,92,56,36,57,105,222,1,69,54.2,6,29,68,36,20.20%,$29531,$728,$94100,N/A,N/A,49,0%,13%,11%,26,17 mins,6.70%,-1.10%,-4.20%,38.20%,60.10%,N/A,62.88%,35.03%,2.20%,Meridian,N/A,N/A,5.2,41.20%,58.70%,29,N/A,33,22.2%,17.1%,1.8%
Meridian Station,Mississippi,Lauderdale County,602,355,92,56,36,58,103,221,1,68.7,53.5,N/A,18,38,22,33.51%,$63681,$1375,$149200,N/A,N/A,16,0%,14%,10%,50,19 mins,6.30%,-1.10%,-76.20%,38.20%,60.10%,11.21%,24.85%,60.76%,6.80%,Meridian,N/A,N/A,5.2,0.00%,80.70%,11,N/A,28,0%,N/A,7.7%
Merigold,Mississippi,Bolivar County,407,420,92,50,42,53,103,213,1,69.2,53.7,7,23,45,42,25.67%,$42708,$885,$101300,N/A,N/A,49,0%,14%,11%,66,18 mins,8.70%,-0.90%,-20.50%,65.40%,33.20%,N/A,55.48%,43.82%,7.40%,Cleveland,N/A,N/A,5,55.20%,56.20%,24,N/A,32,15.6%,23.5%,5.7%
Metcalfe,Mississippi,Washington County,1000,997,92,52,40,53,92,218,0,69.3,54.1,7,27,55,30,N/A,$23516,N/A,$73200,N/A,N/A,40,0%,13%,11%,62,16 mins,8.50%,-2.00%,31.40%,67.60%,31.20%,N/A,100.00%,N/A,N/A,Greenville,N/A,N/A,5.7,32.10%,78.20%,7,N/A,26,42.2%,22.2%,0%
Mississippi State,Mississippi,Oktibbeha County,4062,1737,92,53,39,55,100,216,0,68.8,53,N/A,13,32,19,85.32%,$86063,$1139,$301900,N/A,N/A,58,2%,21%,17%,53,19 mins,6.80%,0.50%,16.10%,48.90%,47.30%,1.33%,22.73%,73.46%,2.30%,Starkville,N/A,N/A,5.7,14.20%,97.30%,N/A,N/A,N/A,0%,9.0%,3.7%
Mississippi Valley State University,Mississippi,Leflore County,1414,788,92,52,40,55,103,215,1,69.5,54.2,7,17,33,20,48.32%,$36369,$783,$84100,N/A,N/A,20,-7%,10%,11%,66,15 mins,8.20%,-1.70%,70.40%,69.90%,28.80%,N/A,93.77%,4.94%,1.50%,Greenwood,N/A,N/A,5.7,0.00%,93.40%,1,N/A,25,19.6%,N/A,2.2%
Mize,Mississippi,Smith County,265,115,91,57,34,57,93,220,0,69.8,55.1,6,21,42,33,19.47%,$25417,$635,$77500,N/A,N/A,37,14%,14%,10%,60,33 mins,5.40%,-0.50%,-29.30%,21.20%,77.70%,1.85%,N/A,80.74%,6.80%,None,N/A,N/A,5.6,50.40%,42.00%,14,N/A,27,24.1%,16.2%,7.4%
Monticello,Mississippi,Lawrence County,1422,341,93,59,34,59,95,211,0,70.1,55.8,6,24,48,31,30.67%,$28869,$589,$103100,N/A,N/A,48,-1%,15%,11%,54,35 mins,7.40%,0.10%,-22.60%,34.50%,64.30%,1.46%,28.12%,68.30%,N/A,None,N/A,N/A,5.4,50.60%,54.90%,47,N/A,43,27.1%,14.6%,1.1%
Montrose,Mississippi,Jasper County,216,80,91,56,35,57,91,222,0,69.2,54.5,6,15,29,32,N/A,$45179,N/A,$89600,N/A,N/A,23,-3%,16%,10%,55,32 mins,7.40%,-1.30%,45.00%,51.50%,47.60%,N/A,12.20%,70.73%,N/A,Laurel,N/A,N/A,5.7,60.20%,23.50%,0,N/A,17,13.3%,12.3%,0%
Mooreville,Mississippi,Lee County,813,291,91,51,40,57,114,216,1,68.3,52.1,6,17,33,37,36.61%,$48750,$577,$148100,N/A,N/A,26,5%,15%,15%,58,19 mins,5.20%,0.50%,24.70%,30.50%,67.50%,N/A,3.90%,96.10%,14.60%,Tupelo,N/A,N/A,5.1,69.20%,52.30%,16,N/A,22,4.1%,21.5%,1%
Moorhead,Mississippi,Sunflower County,1802,1392,92,52,40,55,103,218,0,69.7,54.7,7,22,44,27,7.50%,$21000,$543,$41600,N/A,N/A,35,0%,25%,11%,65,18 mins,9.30%,-1.60%,-18.20%,70.10%,29.10%,N/A,91.84%,7.63%,N/A,Indianola,N/A,N/A,5.3,33.60%,77.80%,27,N/A,31,48%,17.9%,0%
Morgan City,Mississippi,Leflore County,250,426,92,52,40,54,100,213,1,69.7,54.6,6,28,56,27,9.77%,$20500,$667,$66100,N/A,N/A,29,-6%,9%,10%,66,15 mins,8.20%,-1.70%,-16.70%,69.90%,28.80%,N/A,100.00%,N/A,N/A,Greenwood,N/A,N/A,5.7,48.60%,90.60%,0,N/A,N/A,79.2%,31.7%,0%
Morgantown,Mississippi,Adams County,1918,2342,92,58,34,59,96,218,0,70.4,56.8,5,25,48,35,15.53%,$36156,$941,$99600,N/A,N/A,53,-4%,17%,16%,62,18 mins,7.90%,0.50%,9.30%,56.10%,42.50%,N/A,62.18%,37.82%,37.40%,Natchez,N/A,N/A,5.9,60.80%,55.20%,7,N/A,N/A,40.8%,17.5%,13.4%
Morton,Mississippi,Scott County,3429,386,92,57,35,59,93,216,0,68.9,54.1,6,27,21,32,7.66%,$30768,$718,$93700,N/A,N/A,44,14%,28%,10%,52,25 mins,5.00%,1.40%,-0.70%,40.60%,58.20%,N/A,39.12%,50.38%,22.70%,None,N/A,N/A,5.6,41.90%,57.60%,49,N/A,36,25.9%,13.6%,17.7%
Moss Point,Mississippi,Jackson County,13501,560,90,61,29,68,98,219,0,72,58.7,7,37,83,44,16.38%,$37006,$867,$78700,N/A,N/A,49,8%,15%,0%,57,19 mins,6.50%,-0.10%,-3.30%,29.60%,67.80%,N/A,69.80%,25.29%,2.30%,Gulfport-Biloxi-Pascagoula,Central Standard Time,15,5.8,56.40%,59.70%,34,N/A,36,18.8%,16.3%,1.6%
Mound Bayou,Mississippi,Bolivar County,1734,1977,92,50,42,53,103,215,1,69.1,53.5,7,26,52,27,21.72%,$24242,$465,$95300,N/A,N/A,38,0%,13%,11%,66,18 mins,8.70%,-0.90%,10.20%,65.40%,33.20%,N/A,100.00%,N/A,N/A,Cleveland,N/A,N/A,5,29.60%,76.00%,33,N/A,N/A,50.6%,16.6%,0%
Mount Olive,Mississippi,Covington County,970,313,91,57,34,58,96,215,0,69.9,55.5,6,28,55,32,18.85%,$27500,$572,$85100,N/A,N/A,41,0%,13%,10%,59,25 mins,5.30%,-0.40%,-17.50%,37.20%,61.70%,N/A,65.12%,34.39%,5.70%,None,N/A,N/A,5.5,46.10%,62.00%,24,N/A,N/A,27.8%,13.1%,0.9%
Myrtle,Mississippi,Union County,483,232,90,50,40,58,107,214,2,68.2,51.7,6,21,43,34,9.72%,$19688,$669,$166700,N/A,N/A,41,4%,22%,10%,63,23 mins,4.50%,1.70%,-19.80%,17.50%,80.30%,N/A,15.56%,80.56%,N/A,None,N/A,N/A,5.1,53.20%,50.10%,5,N/A,N/A,18.1%,17.1%,1.5%
Natchez,Mississippi,Adams County,15191,961,92,58,34,59,96,215,0,70.4,56.8,6,22,83,39,21.71%,$26853,$592,$111100,N/A,N/A,51,-4%,17%,16%,57,14 mins,7.90%,0.50%,-6.70%,56.10%,42.50%,N/A,63.80%,33.90%,1.90%,Natchez,N/A,N/A,5.9,41.90%,63.30%,54,N/A,54,33%,16.0%,0.9%
Nellieburg,Mississippi,Lauderdale County,1585,223,92,56,36,57,106,216,1,69,53.9,N/A,19,37,47,12.38%,$52419,$572,$168900,N/A,N/A,34,0%,13%,10%,52,19 mins,6.30%,-1.10%,-20.10%,38.20%,60.10%,N/A,27.12%,72.88%,N/A,Meridian,N/A,N/A,5.2,69.00%,57.50%,1,N/A,25,0%,14.7%,0%
Nettleton,Mississippi,Monroe County,2022,502,91,51,40,55,113,220,1,68.7,52.5,6,24,47,44,5.78%,$32241,$624,$107100,N/A,N/A,41,6%,18%,10%,59,23 mins,6.70%,-0.30%,-12.70%,34.80%,64.00%,N/A,37.77%,62.23%,2.30%,Tupelo,N/A,N/A,5.2,61.50%,55.50%,38,N/A,39,12.3%,12.7%,3.2%
New Albany,Mississippi,Union County,8642,474,91,51,40,57,106,219,2,68.1,51.7,6,13,21,35,16.74%,$37571,$754,$172300,N/A,N/A,40,4%,22%,10%,56,21 mins,4.50%,1.70%,8.00%,17.50%,80.30%,N/A,33.08%,57.55%,10.60%,None,N/A,N/A,5.1,46.80%,51.50%,62,N/A,51,8.8%,16.1%,5.2%
New Augusta,Mississippi,Perry County,695,135,92,60,32,59,105,219,0,69.7,55,5,23,46,43,10.23%,$31324,$457,$90700,N/A,N/A,46,2%,19%,9%,58,25 mins,7.30%,1.20%,-20.50%,22.50%,76.10%,1.22%,37.14%,59.06%,N/A,Hattiesburg,Central Standard Time,150,5.8,50.80%,62.70%,20,N/A,32,26%,12.2%,0%
New Hamilton,Mississippi,Monroe County,534,150,92,53,39,55,104,216,0,68.4,52.2,N/A,15,29,36,N/A,$52778,N/A,$104600,N/A,N/A,35,6%,18%,10%,57,25 mins,6.70%,-0.30%,7.00%,34.80%,64.00%,N/A,N/A,100.00%,N/A,None,N/A,N/A,5.2,73.30%,34.70%,10,N/A,28,0%,12.1%,0%
New Hebron,Mississippi,Lawrence County,636,949,93,58,35,59,95,219,0,69.6,55.4,N/A,18,35,35,24.20%,$44444,$867,$88000,N/A,N/A,45,-2%,14%,10%,55,35 mins,7.40%,0.10%,35.30%,34.50%,64.30%,N/A,17.68%,81.22%,1.60%,None,N/A,N/A,5.4,62.70%,36.30%,28,N/A,38,14.7%,15.0%,1%
New Hope,Mississippi,Lowndes County,3804,754,92,54,38,55,106,213,0,68.6,52.6,6,15,35,38,26.46%,$62738,$804,$150100,N/A,N/A,30,4%,25%,22%,55,20 mins,6.30%,-0.30%,26.70%,46.00%,51.60%,N/A,32.22%,67.12%,3.90%,Columbus,N/A,N/A,5.1,86.60%,42.50%,29,N/A,34,4.4%,16.3%,0.8%
New Houlka,Mississippi,Chickasaw County,784,638,90,51,39,59,106,212,1,69,52.5,N/A,27,53,26,9.78%,$23793,$514,$67600,N/A,N/A,42,1%,19%,10%,63,24 mins,6.80%,0.00%,20.80%,46.20%,52.30%,1.70%,22.57%,62.13%,3.70%,None,N/A,N/A,5.1,37.40%,64.00%,19,N/A,50,36.8%,19.7%,4.3%
Newton,Mississippi,Newton County,3278,458,91,56,35,57,93,214,0,68.6,53.7,6,8,16,39,15.92%,$31687,$670,$82100,N/A,N/A,45,6%,17%,14%,40,21 mins,6.20%,-2.20%,-4.90%,29.20%,69.40%,N/A,73.54%,25.65%,3.00%,None,N/A,N/A,5.4,50.60%,55.90%,35,N/A,34,27.2%,15.9%,1.4%
Nicholson,Mississippi,Pearl River County,2829,470,91,61,30,63,97,219,0,71.2,57.6,8,27,53,31,13.06%,$29972,$683,$69800,N/A,N/A,31,3%,18%,10%,57,27 mins,5.60%,0.50%,-14.40%,16.50%,81.30%,N/A,7.54%,91.55%,4.10%,Picayune,N/A,N/A,5.8,49.30%,56.10%,21,N/A,30,20.9%,12.4%,1.1%
North Carrollton,Mississippi,Carroll County,327,1038,91,53,38,56,100,212,1,68.8,53.1,6,26,52,39,3.52%,$29250,$530,$118500,N/A,N/A,51,0%,14%,10%,63,28 mins,6.80%,-1.40%,-50.10%,30.40%,68.70%,N/A,42.64%,52.55%,N/A,Greenwood,N/A,N/A,5.7,37.90%,69.60%,22,N/A,33,13.9%,15.1%,0%
North Tunica,Mississippi,Tunica County,872,1506,93,50,43,53,98,210,1,68,51.9,7,28,55,28,12.69%,$37775,$767,$99000,N/A,N/A,40,7%,28%,15%,66,21 mins,6.70%,1.20%,38.40%,74.80%,23.90%,N/A,97.97%,2.03%,N/A,Memphis,Central Standard Time,284,4.9,54.90%,53.40%,30,N/A,38,32%,13.2%,0%
Noxapater,Mississippi,Winston County,377,374,91,54,37,57,89,217,1,69.2,53.7,6,25,49,43,10.96%,$22917,$645,$70000,N/A,N/A,43,-4%,12%,11%,59,27 mins,6.90%,0.60%,-20.10%,43.40%,55.30%,N/A,51.78%,47.63%,N/A,None,N/A,N/A,5.3,42.50%,56.60%,26,N/A,N/A,11.7%,16.4%,0%
Oakland,Mississippi,Yalobusha County,702,514,91,51,40,56,99,214,1,68.9,52.4,6,28,56,40,4.05%,$29028,$525,$71800,N/A,N/A,41,0%,13%,10%,64,25 mins,6.60%,2.40%,32.20%,42.50%,55.60%,N/A,86.16%,11.53%,9.50%,None,N/A,N/A,4.8,55.30%,61.80%,0,N/A,23,13.5%,13.8%,0%
Ocean Springs,Mississippi,Jackson County,17514,1520,90,61,29,67,100,216,0,72.2,59.3,7,13,52,39,37.73%,$57080,$954,$158800,N/A,N/A,39,6%,24%,4%,65,23 mins,6.50%,-0.10%,1.50%,29.60%,67.80%,3.67%,6.92%,82.64%,9.00%,Gulfport-Biloxi-Pascagoula,Central Standard Time,15,5.8,64.30%,50.80%,25,N/A,41,5.9%,17.9%,5.8%
Okolona,Mississippi,Chickasaw County,2603,363,91,51,40,57,106,212,1,69,52.7,6,23,14,37,13.00%,$21053,$565,$71200,N/A,N/A,42,0%,13%,11%,60,22 mins,6.80%,0.00%,-5.30%,46.20%,52.30%,N/A,77.04%,22.57%,N/A,None,N/A,N/A,5.1,52.00%,71.50%,36,N/A,42,23.7%,18.5%,0.3%
Olive Branch,Mississippi,DeSoto County,36033,968,92,51,41,56,97,217,3,68,51.5,7,14,39,37,27.32%,$64253,$1164,$208600,N/A,N/A,20,11%,29%,17%,52,23 mins,4.30%,1.50%,12.90%,31.10%,65.10%,1.69%,30.42%,62.23%,5.20%,Memphis,Central Standard Time,284,4.8,74.20%,45.30%,14,N/A,29,4.9%,17.4%,3.5%
Osyka,Mississippi,Pike County,384,363,92,61,31,63,96,220,0,70.5,56.7,6,26,53,34,13.28%,$28750,$635,$132900,N/A,N/A,43,3%,20%,16%,63,24 mins,7.30%,-0.40%,-25.90%,49.20%,49.00%,N/A,48.13%,48.33%,N/A,McComb,N/A,N/A,5.9,42.00%,58.80%,18,N/A,27,23.5%,15.3%,1%
Oxford,Mississippi,Lafayette County,22092,1340,92,52,40,59,101,217,2,67.6,51,6,13,38,26,56.34%,$31230,$959,$211700,N/A,N/A,20,0%,19%,14%,57,13 mins,5.60%,2.20%,22.80%,40.60%,55.30%,3.42%,24.37%,70.59%,2.00%,Oxford,N/A,N/A,4.7,31.50%,69.20%,24,N/A,37,14.4%,18.0%,4.5%
Pace,Mississippi,Bolivar County,170,1111,92,51,41,54,101,216,1,69.3,53.9,7,23,46,57,18.45%,$34125,$425,$66100,N/A,N/A,48,0%,14%,11%,68,18 mins,8.70%,-0.90%,-39.30%,65.40%,33.20%,6.31%,80.58%,13.11%,N/A,Cleveland,N/A,N/A,5,55.20%,60.80%,7,N/A,29,13.6%,12.0%,2.7%
Pachuta,Mississippi,Clarke County,219,90,92,57,35,58,98,215,0,69,54.2,6,24,48,50,17.35%,$32778,$600,$92300,N/A,N/A,48,2%,14%,9%,55,32 mins,7.10%,-0.90%,-32.20%,33.20%,65.90%,N/A,37.76%,62.24%,N/A,Meridian,N/A,N/A,5.6,40.30%,56.60%,13,N/A,N/A,35.8%,18.0%,0%
Paden,Mississippi,Tishomingo County,131,146,89,49,40,58,113,215,2,67.7,51.1,6,23,45,45,5.56%,$32500,$666,$77900,N/A,N/A,42,-3%,11%,11%,64,22 mins,5.80%,1.20%,19.10%,11.90%,85.60%,N/A,N/A,100.00%,N/A,None,N/A,N/A,5.2,65.00%,55.60%,1,N/A,20,29%,20.9%,0%
Pascagoula,Mississippi,Jackson County,21935,1427,90,61,29,68,98,215,0,72.1,59,7,31,90,36,16.87%,$38574,$752,$91800,N/A,N/A,45,15%,45%,-8%,59,17 mins,6.80%,-0.10%,-4.40%,29.60%,67.80%,N/A,35.10%,57.14%,12.60%,Gulfport-Biloxi-Pascagoula,Central Standard Time,15,5.8,43.80%,59.50%,34,N/A,46,19.9%,16.6%,4.6%
Pass Christian,Mississippi,Harrison County,5475,665,90,60,30,65,105,222,0,72,58.8,7,10,45,40,35.70%,$50489,$882,$175600,N/A,N/A,18,12%,21%,3%,74,24 mins,5.50%,0.00%,13.90%,33.40%,63.70%,4.90%,23.87%,63.04%,1.20%,Gulfport-Biloxi-Pascagoula,Central Standard Time,15,6,48.50%,53.00%,37,N/A,40,20.1%,16.2%,4.3%
Pearl,Mississippi,Rankin County,26468,1039,92,57,35,54,103,219,1,69.6,55,6,18,41,34,18.05%,$41326,$881,$128700,N/A,N/A,36,2%,14%,11%,44,20 mins,4.60%,1.00%,5.60%,22.40%,74.80%,N/A,26.36%,69.12%,5.50%,Jackson,Central Standard Time,331,5.5,57.70%,54.10%,20,N/A,35,9.4%,14.9%,2.5%
Pearl River,Mississippi,Neshoba County,4163,134,92,56,36,56,83,219,0,69.3,54.1,6,25,49,27,7.07%,$40844,$463,$103300,N/A,N/A,26,2%,18%,15%,61,25 mins,6.20%,1.50%,-3.30%,25.70%,72.80%,1.78%,1.73%,9.61%,1.10%,None,N/A,N/A,5.5,68.40%,71.70%,6,N/A,17,22.8%,12.0%,1.6%
Pearlington,Mississippi,Hancock County,1374,151,90,60,30,63,106,221,0,71.7,58.6,8,23,45,39,N/A,$36250,N/A,$103800,N/A,N/A,17,10%,19%,2%,65,34 mins,5.90%,0.30%,27.80%,19.00%,78.30%,N/A,9.55%,87.05%,2.00%,Gulfport-Biloxi-Pascagoula,Central Standard Time,15,5.8,71.50%,49.30%,3,N/A,27,8.2%,14.3%,0%
Pelahatchie,Mississippi,Rankin County,1645,277,92,57,35,57,100,213,0,69.3,54.5,6,6,6,33,9.04%,$30320,$790,$153800,N/A,N/A,42,8%,34%,34%,57,25 mins,4.20%,1.00%,4.30%,22.40%,74.80%,N/A,31.78%,66.39%,N/A,Jackson,Central Standard Time,331,5.5,62.70%,47.40%,42,N/A,38,11.7%,13.4%,1.1%
Petal,Mississippi,Forrest County,10669,636,91,59,32,60,107,218,0,69.9,55.7,5,6,17,35,31.02%,$50955,$884,$148000,N/A,N/A,39,6%,18%,19%,55,23 mins,5.90%,1.20%,3.60%,41.70%,55.10%,N/A,13.14%,83.61%,5.80%,Hattiesburg,Central Standard Time,150,5.6,58.50%,46.10%,61,N/A,45,7.7%,14.7%,3%
Philadelphia,Mississippi,Neshoba County,7334,601,92,56,36,56,83,219,0,69.3,53.9,6,40,51,35,16.30%,$32730,$755,$115700,N/A,N/A,46,2%,18%,14%,41,23 mins,6.20%,1.50%,-2.00%,25.70%,72.80%,N/A,47.55%,47.48%,4.00%,None,N/A,N/A,5.5,46.10%,59.00%,56,N/A,34,23.7%,16.3%,2.9%
Picayune,Mississippi,Pearl River County,10528,584,91,61,30,63,97,222,0,71.3,57.8,5,27,65,35,14.25%,$32969,$767,$134100,N/A,N/A,36,3%,17%,10%,57,27 mins,5.60%,0.50%,-5.00%,16.50%,81.30%,N/A,39.16%,56.77%,3.60%,Picayune,N/A,N/A,5.8,45.70%,51.50%,67,N/A,48,25.5%,19.0%,2.4%
Pickens,Mississippi,Holmes County,841,659,91,55,36,55,94,211,0,68.8,53.9,6,10,19,35,24.85%,$17917,$492,$64200,N/A,N/A,36,0%,13%,10%,61,26 mins,12.20%,-1.30%,-35.90%,82.80%,16.20%,N/A,98.98%,1.02%,N/A,None,N/A,N/A,5.8,46.40%,68.70%,9,N/A,29,35.4%,21.9%,0%
Pittsboro,Mississippi,Calhoun County,191,195,90,51,39,57,97,220,1,68.7,52.2,6,18,35,40,N/A,$34875,N/A,$69000,N/A,N/A,49,-2%,12%,10%,64,25 mins,6.00%,0.20%,-42.00%,29.90%,68.60%,N/A,49.28%,50.72%,N/A,None,N/A,N/A,5.1,70.00%,55.50%,0,N/A,N/A,0%,10.3%,0%
Plantersville,Mississippi,Lee County,864,413,91,51,40,56,114,215,1,68.4,52.3,6,23,45,43,18.94%,$32450,$702,$89500,N/A,N/A,35,4%,14%,9%,59,19 mins,5.20%,0.50%,-18.00%,30.50%,67.50%,N/A,75.40%,19.42%,N/A,Tupelo,N/A,N/A,5.1,47.70%,46.60%,20,N/A,21,12.6%,13.8%,0%
Polkville,Mississippi,Smith County,676,39,92,57,35,59,93,216,0,69.7,55,N/A,21,42,34,5.32%,$30441,$750,$98800,N/A,N/A,28,14%,13%,10%,59,33 mins,5.40%,-0.50%,2.10%,21.20%,77.70%,N/A,3.57%,96.43%,N/A,None,N/A,N/A,5.6,68.80%,51.40%,6,N/A,N/A,14.3%,12.4%,0%
Pontotoc,Mississippi,Pontotoc County,5923,530,90,51,39,58,109,214,2,68.6,52.1,6,20,47,35,16.32%,$43137,$714,$97100,N/A,N/A,41,0%,13%,11%,58,23 mins,4.90%,0.70%,5.50%,18.40%,79.60%,N/A,27.35%,60.42%,14.00%,Tupelo,N/A,N/A,5,45.30%,54.60%,35,N/A,31,11.7%,13.5%,5.5%
Pope,Mississippi,Panola County,230,224,92,51,41,55,100,210,1,69.3,52.6,6,22,43,45,26.56%,$34261,$590,$82100,N/A,N/A,43,-3%,17%,11%,64,25 mins,7.30%,-0.60%,50.30%,49.30%,49.40%,N/A,26.89%,72.62%,N/A,None,N/A,N/A,4.8,74.00%,53.40%,10,N/A,21,22.4%,10.4%,0%
Poplarville,Mississippi,Pearl River County,2942,543,91,60,31,61,110,216,0,71.1,57.5,5,11,34,20,24.42%,$46563,$545,$137100,N/A,N/A,47,3%,18%,10%,61,34 mins,5.60%,0.50%,-2.50%,16.50%,81.30%,N/A,31.29%,64.89%,2.00%,Picayune,N/A,N/A,5.8,44.40%,70.60%,56,N/A,45,11.3%,17.0%,1%
Port Gibson,Mississippi,Claiborne County,1743,992,92,57,35,58,101,211,0,69.7,55.4,6,13,18,30,34.70%,$20093,$625,$69800,N/A,N/A,49,-7%,10%,11%,53,17 mins,13.10%,1.80%,-20.20%,86.80%,12.60%,N/A,88.43%,11.37%,1.20%,Vicksburg,N/A,N/A,5.3,36.20%,69.90%,48,N/A,41,37.4%,13.6%,1.6%
Potts Camp,Mississippi,Marshall County,700,721,90,50,40,58,104,217,2,68,51.4,6,27,54,30,11.36%,$40536,$738,$87600,N/A,N/A,41,7%,28%,15%,64,30 mins,6.50%,1.60%,51.50%,54.10%,44.40%,N/A,39.08%,51.89%,6.70%,Memphis,Central Standard Time,284,4.8,52.70%,61.30%,21,N/A,22,25.9%,19.1%,3.3%
Prentiss,Mississippi,Jefferson Davis County,1343,449,92,58,34,59,96,214,0,70,55.7,6,26,51,45,17.26%,$31176,$623,$94600,N/A,N/A,49,0%,19%,10%,57,34 mins,8.50%,1.40%,-4.70%,59.60%,39.50%,N/A,44.09%,55.91%,N/A,None,N/A,N/A,5.7,49.90%,62.40%,55,N/A,65,25.1%,14.0%,0%
Puckett,Mississippi,Rankin County,365,168,92,57,35,56,100,215,0,69.5,54.8,6,19,39,40,12.96%,$41500,$793,$141300,N/A,N/A,36,5%,21%,17%,60,25 mins,4.20%,1.00%,2.20%,22.40%,74.80%,N/A,N/A,100.00%,N/A,Jackson,Central Standard Time,331,5.5,66.70%,39.40%,25,N/A,25,3.2%,13.4%,0%
Purvis,Mississippi,Lamar County,2577,615,91,59,32,60,107,218,0,70.3,56.4,5,7,7,32,12.47%,$39688,$749,$170300,N/A,N/A,44,4%,19%,15%,60,22 mins,4.60%,1.20%,41.90%,21.10%,76.20%,N/A,28.68%,63.92%,4.00%,Hattiesburg,Central Standard Time,150,5.7,50.00%,57.00%,56,N/A,45,22.1%,13.3%,0%
Quitman,Mississippi,Clarke County,1811,350,92,57,35,59,110,218,0,68.9,53.9,6,22,44,51,27.40%,$31420,$723,$86100,N/A,N/A,47,2%,14%,10%,51,24 mins,7.10%,-0.90%,-17.20%,33.20%,65.90%,N/A,40.22%,58.16%,2.30%,Meridian,N/A,N/A,5.6,59.40%,46.00%,48,N/A,45,27%,15.0%,0%
Raleigh,Mississippi,Smith County,1438,282,91,57,34,58,90,216,0,69.3,54.5,6,25,48,45,11.86%,$37564,$421,$83800,N/A,N/A,41,14%,14%,10%,59,24 mins,5.40%,-0.50%,-10.60%,21.20%,77.70%,N/A,49.05%,50.95%,N/A,None,N/A,N/A,5.6,47.90%,62.60%,23,N/A,19,22.8%,14.2%,0%
Rawls Springs,Mississippi,Forrest County,866,474,91,59,32,60,107,218,0,70.1,55.9,5,26,51,37,18.91%,$39662,$873,$73500,N/A,N/A,45,5%,16%,16%,55,21 mins,5.90%,1.20%,-36.10%,41.70%,55.10%,2.29%,44.41%,53.30%,N/A,Hattiesburg,Central Standard Time,150,5.6,78.00%,69.30%,14,N/A,29,50.3%,14.5%,3.3%
Raymond,Mississippi,Hinds County,2059,687,92,57,35,55,102,212,1,69.8,55.4,6,9,14,20,35.86%,$43458,$577,$123500,N/A,N/A,49,3%,20%,17%,60,22 mins,5.80%,1.00%,-14.90%,71.10%,26.60%,N/A,60.67%,37.36%,N/A,Jackson,Central Standard Time,331,5.3,42.70%,87.10%,40,N/A,37,15.2%,10.8%,1.5%
Redwater,Mississippi,Leake County,762,72,92,55,37,56,91,218,1,68.8,53.8,N/A,25,49,30,30.47%,$47969,$463,$81800,N/A,N/A,24,5%,26%,11%,60,29 mins,6.00%,-1.00%,55.80%,42.40%,56.60%,N/A,17.91%,4.36%,N/A,None,N/A,N/A,5.3,65.40%,61.00%,0,N/A,14,27.9%,11.4%,0%
Renova,Mississippi,Bolivar County,969,1116,92,51,41,54,104,214,1,69.3,53.7,N/A,27,53,34,15.09%,$28068,$426,$117600,N/A,N/A,35,0%,14%,10%,63,18 mins,8.70%,-0.90%,20.50%,65.40%,33.20%,N/A,98.16%,N/A,N/A,Cleveland,N/A,N/A,5,45.20%,57.20%,6,N/A,27,41.5%,25.5%,0%
Richland,Mississippi,Rankin County,7175,573,92,57,35,54,103,217,1,69.5,54.9,6,21,69,33,18.57%,$45338,$961,$151600,N/A,N/A,24,6%,17%,17%,55,24 mins,4.20%,1.00%,5.00%,22.40%,74.80%,N/A,21.57%,70.09%,10.50%,Jackson,Central Standard Time,331,5.5,56.90%,44.20%,33,N/A,32,14.1%,14.6%,7.8%
Richton,Mississippi,Perry County,952,415,92,60,32,59,102,217,0,69.9,55.4,5,28,55,38,17.30%,$29625,$306,$108000,N/A,N/A,40,2%,18%,9%,59,31 mins,7.30%,1.20%,-2.60%,22.50%,76.10%,N/A,36.50%,63.50%,6.20%,Hattiesburg,Central Standard Time,150,5.8,42.30%,72.80%,50,N/A,38,28.9%,14.7%,0.4%
Ridgeland,Mississippi,Madison County,24312,1137,92,57,35,54,104,211,0,69.6,54.9,6,17,41,34,51.58%,$55012,$1043,$194700,N/A,N/A,27,4%,10%,6%,47,18 mins,4.90%,1.00%,3.50%,40.60%,56.40%,3.49%,37.09%,55.50%,5.10%,Jackson,Central Standard Time,331,5.6,45.10%,52.80%,31,N/A,45,5.5%,15.9%,6%
Rienzi,Mississippi,Alcorn County,315,318,90,49,41,57,109,215,2,68,51.3,6,20,40,53,4.35%,$22813,$667,$104200,N/A,N/A,44,8%,25%,11%,63,22 mins,5.40%,0.40%,24.50%,18.20%,79.90%,N/A,21.01%,76.09%,1.90%,Corinth,N/A,N/A,4.8,70.10%,43.70%,19,N/A,N/A,13.2%,14.0%,1.9%
Ripley,Mississippi,Tippah County,5302,464,90,49,41,58,106,218,2,68,51.1,N/A,10,27,38,18.12%,$33759,$599,$102900,N/A,N/A,41,0%,28%,11%,58,20 mins,5.90%,0.50%,-2.00%,19.90%,78.20%,N/A,34.22%,46.39%,14.10%,None,N/A,N/A,5.1,48.10%,55.50%,61,N/A,N/A,14.3%,15.4%,6.8%
Robinhood,Mississippi,Rankin County,1396,275,92,57,35,56,101,215,0,69.5,54.8,N/A,21,41,40,11.67%,$29891,$639,$50600,N/A,N/A,36,5%,22%,16%,57,31 mins,4.20%,1.00%,-2.50%,22.40%,74.80%,N/A,3.68%,95.57%,3.60%,Jackson,Central Standard Time,331,5.5,77.90%,49.90%,6,N/A,23,3.6%,10.7%,1.9%
Rolling Fork,Mississippi,Sharkey County,2266,1605,92,54,38,57,101,214,0,69.6,55,7,27,53,42,21.38%,$30176,$478,$56300,N/A,N/A,46,0%,14%,10%,56,0 mins,7.80%,1.50%,4.30%,67.50%,31.60%,N/A,77.98%,21.49%,1.20%,None,N/A,N/A,5.3,49.50%,65.60%,37,N/A,39,15.5%,16.9%,0.1%
Rosedale,Mississippi,Bolivar County,1663,307,92,51,41,53,93,211,1,69.2,53.6,7,26,23,32,6.12%,$18833,$403,$81900,N/A,N/A,38,0%,13%,11%,68,18 mins,8.70%,-0.90%,-24.60%,65.40%,33.20%,N/A,93.05%,6.95%,N/A,Cleveland,N/A,N/A,5,33.90%,75.50%,25,N/A,47,54.6%,23.3%,0%
Roxie,Mississippi,Franklin County,589,521,91,59,32,60,94,217,0,70.2,56.2,6,6,5,36,10.94%,$27667,$481,$66300,N/A,N/A,42,0%,14%,10%,63,22 mins,7.80%,-1.00%,13.30%,35.00%,63.40%,N/A,64.34%,35.66%,N/A,None,N/A,N/A,5.4,42.60%,55.70%,7,N/A,20,19%,14.6%,0%
Ruleville,Mississippi,Sunflower County,2768,1099,92,51,41,54,104,214,1,69.4,54.2,7,27,54,36,17.07%,$27697,$499,$54200,N/A,N/A,44,0%,24%,10%,65,19 mins,9.30%,-1.60%,-9.50%,70.10%,29.10%,N/A,76.46%,23.39%,1.30%,Indianola,N/A,N/A,5.3,46.70%,71.40%,32,N/A,43,34.5%,16.3%,0%
Sallis,Mississippi,Attala County,212,516,90,54,36,57,91,218,1,69,53.6,6,17,33,43,18.51%,$38854,$858,$78100,N/A,N/A,40,0%,14%,11%,62,28 mins,6.80%,-2.00%,-13.80%,39.30%,59.30%,9.75%,25.85%,64.41%,3.80%,None,N/A,N/A,5.6,74.20%,27.90%,7,N/A,19,9.9%,9.0%,5.3%
Saltillo,Mississippi,Lee County,4975,608,91,51,40,55,107,212,1,68,52,6,10,32,34,26.76%,$58361,$769,$167400,N/A,N/A,23,2%,20%,9%,59,21 mins,5.20%,0.50%,10.90%,30.50%,67.50%,2.40%,10.04%,86.70%,3.00%,Tupelo,N/A,N/A,5.1,62.20%,39.20%,27,N/A,37,1.9%,16.8%,0.3%
Sandersville,Mississippi,Jones County,779,157,92,58,34,56,102,220,0,69.6,55.1,6,18,35,46,17.10%,$30764,$836,$138300,N/A,N/A,35,10%,24%,20%,50,21 mins,6.00%,-1.20%,15.80%,27.50%,71.00%,N/A,1.86%,98.14%,N/A,Laurel,N/A,N/A,5.7,60.60%,36.60%,22,N/A,N/A,27.5%,16.8%,0%
Sardis,Mississippi,Panola County,1978,989,92,51,41,56,99,211,1,68.5,52,6,26,52,35,15.21%,$30817,$628,$78000,N/A,N/A,44,-6%,10%,11%,59,25 mins,7.30%,-0.60%,33.20%,49.30%,49.40%,N/A,66.74%,31.93%,1.40%,None,N/A,N/A,4.8,55.50%,61.60%,36,N/A,34,18.4%,15.1%,1.3%
Saucier,Mississippi,Harrison County,1030,149,91,62,29,67,112,218,0,71.5,58.3,7,19,39,47,26.66%,$40746,$770,$148000,N/A,N/A,33,10%,18%,3%,64,22 mins,5.50%,0.00%,56.10%,33.40%,63.70%,N/A,N/A,100.00%,N/A,Gulfport-Biloxi-Pascagoula,Central Standard Time,15,6,42.60%,43.90%,18,N/A,27,0%,17.9%,0%
Schlater,Mississippi,Leflore County,232,201,92,52,40,55,103,215,1,69.4,54.1,7,26,51,48,5.74%,$32188,$340,$68900,N/A,N/A,37,-7%,9%,10%,66,15 mins,8.20%,-1.70%,-29.50%,69.90%,28.80%,N/A,76.74%,20.00%,N/A,Greenwood,N/A,N/A,5.7,39.90%,61.70%,0,N/A,25,29.1%,19.0%,0%
Scooba,Mississippi,Kemper County,912,368,92,55,37,54,98,220,1,69,53.4,6,18,37,19,13.45%,$21184,$388,$65700,N/A,N/A,44,0%,14%,10%,56,32 mins,9.30%,-1.20%,15.00%,60.90%,38.30%,N/A,70.16%,29.04%,N/A,Meridian,N/A,N/A,5.6,34.00%,81.60%,10,N/A,N/A,38.5%,19.4%,0%
Sebastopol,Mississippi,Scott County,383,244,92,57,35,59,86,212,0,68.8,53.7,6,20,39,30,24.04%,$58750,$636,$154700,N/A,N/A,31,14%,30%,11%,59,25 mins,5.00%,1.40%,-11.10%,40.60%,58.20%,N/A,16.43%,83.57%,5.00%,None,N/A,N/A,5.6,66.40%,46.50%,24,N/A,25,3.1%,9.0%,0%
Seminary,Mississippi,Covington County,461,305,91,59,32,59,103,215,0,69.6,55.2,6,17,34,35,N/A,$40568,N/A,$119000,N/A,N/A,49,0%,14%,10%,57,26 mins,5.30%,-0.40%,47.30%,37.20%,61.70%,N/A,N/A,99.28%,3.50%,None,N/A,N/A,5.5,71.80%,43.10%,34,N/A,N/A,0%,18.6%,0%
Senatobia,Mississippi,Tate County,7903,508,92,50,42,55,103,212,2,68.2,51.8,6,11,51,31,21.22%,$40843,$704,$142900,N/A,N/A,29,10%,24%,16%,54,29 mins,6.30%,1.50%,-0.70%,33.80%,64.50%,N/A,40.19%,57.26%,3.80%,Memphis,Central Standard Time,284,4.9,50.70%,65.90%,53,N/A,44,19.3%,14.9%,3.1%
Shannon,Mississippi,Lee County,1596,394,91,51,40,56,114,215,1,68.8,52.6,6,27,53,31,11.36%,$30926,$502,$102900,N/A,N/A,35,5%,14%,9%,59,19 mins,5.20%,0.50%,-12.80%,30.50%,67.50%,N/A,61.41%,36.32%,N/A,Tupelo,N/A,N/A,5.1,50.40%,62.00%,14,N/A,N/A,29.7%,13.1%,1.3%
Sharon,Mississippi,Jones County,1401,164,91,58,33,58,101,218,0,69.8,55.2,6,17,34,38,N/A,$48711,N/A,$116400,N/A,N/A,30,10%,23%,21%,50,21 mins,6.00%,-1.20%,-6.50%,27.50%,71.00%,N/A,14.17%,81.80%,1.10%,Laurel,N/A,N/A,5.7,69.60%,39.90%,0,N/A,17,5.1%,9.0%,1%
Shaw,Mississippi,Bolivar County,1818,1633,92,51,41,54,105,212,1,69.5,54.2,7,19,69,36,17.94%,$18125,$518,$68700,N/A,N/A,44,0%,13%,10%,65,18 mins,8.70%,-0.90%,-5.90%,65.40%,33.20%,N/A,94.66%,5.34%,N/A,Cleveland,N/A,N/A,5,52.20%,70.20%,13,N/A,N/A,41%,17.1%,0%
Shelby,Mississippi,Bolivar County,2144,785,92,50,42,53,103,213,1,69.1,53.5,7,21,18,29,14.19%,$18295,$481,$72200,N/A,N/A,40,0%,14%,10%,67,18 mins,8.70%,-0.90%,-2.90%,65.40%,33.20%,N/A,95.91%,3.79%,N/A,Cleveland,N/A,N/A,5,46.20%,72.90%,3,N/A,25,37.5%,17.2%,0%
Sherman,Mississippi,Pontotoc County,691,397,91,51,40,56,107,212,1,68.1,51.9,6,24,47,32,11.83%,$27188,$563,$113400,N/A,N/A,38,0%,14%,11%,63,23 mins,4.90%,0.70%,53.60%,18.40%,79.60%,N/A,33.00%,65.01%,N/A,Tupelo,N/A,N/A,5,48.10%,55.10%,22,N/A,30,26%,13.2%,0%
Shubuta,Mississippi,Clarke County,397,165,91,57,34,58,96,220,0,69.4,54.5,5,25,50,38,4.49%,$28194,$619,$66200,N/A,N/A,39,-2%,12%,6%,55,32 mins,7.10%,-0.90%,-29.40%,33.20%,65.90%,N/A,80.71%,19.29%,N/A,Meridian,N/A,N/A,5.6,60.50%,59.40%,19,N/A,31,15.7%,14.1%,0%
Shuqualak,Mississippi,Noxubee County,418,370,92,54,38,55,94,221,0,69,53.4,6,28,55,43,7.29%,$18125,$355,$59000,N/A,N/A,39,0%,13%,10%,57,26 mins,8.60%,-0.50%,-48.60%,78.00%,21.50%,N/A,95.05%,4.95%,N/A,None,N/A,N/A,5.4,53.80%,72.20%,8,N/A,N/A,29.9%,19.5%,0%
Sidon,Mississippi,Leflore County,456,3677,92,53,39,55,103,214,1,69.4,54.1,6,28,55,32,4.35%,$13295,$650,$53500,N/A,N/A,42,-6%,9%,10%,65,23 mins,8.20%,-1.70%,-12.60%,69.90%,28.80%,N/A,98.72%,1.28%,N/A,Greenwood,N/A,N/A,5.7,48.60%,72.90%,0,N/A,25,64.7%,30.2%,0%
Silver City,Mississippi,Humphreys County,324,536,92,53,39,57,96,213,0,70.1,55.3,7,28,55,34,18.30%,$24792,$292,$62900,N/A,N/A,34,0%,13%,11%,66,22 mins,9.90%,-1.30%,107.70%,72.20%,27.10%,N/A,81.62%,18.38%,N/A,None,N/A,N/A,5.6,48.40%,60.40%,0,N/A,N/A,42.4%,25.7%,0%
Silver Creek,Mississippi,Lawrence County,156,104,92,58,34,59,95,217,0,70,55.6,6,22,44,42,N/A,$26964,N/A,$90000,N/A,N/A,48,-3%,14%,11%,55,35 mins,7.40%,0.10%,-30.70%,34.50%,64.30%,N/A,16.24%,82.23%,N/A,None,N/A,N/A,5.4,61.60%,52.80%,7,N/A,28,17.5%,16.7%,0%
Slate Springs,Mississippi,Calhoun County,107,75,90,52,38,57,91,212,1,68.6,52.2,N/A,18,35,46,N/A,$49750,N/A,$88300,N/A,N/A,42,-2%,11%,11%,64,25 mins,6.00%,0.20%,-51.60%,29.90%,68.60%,N/A,N/A,99.06%,N/A,None,N/A,N/A,5.1,54.50%,39.20%,20,N/A,25,12%,18.8%,0%
Sledge,Mississippi,Quitman County,461,887,93,51,42,56,91,215,1,68.4,52.1,6,27,54,42,7.53%,$28750,$696,$56600,N/A,N/A,44,0%,14%,10%,66,26 mins,9.50%,-0.50%,-23.30%,68.70%,29.70%,N/A,89.50%,10.50%,N/A,None,N/A,N/A,5,63.20%,70.00%,7,N/A,31,11.2%,18.6%,0%
Smithville,Mississippi,Monroe County,636,429,91,51,40,57,106,220,1,68.5,52.3,6,22,44,41,8.95%,$45833,$531,$91100,N/A,N/A,41,10%,25%,10%,59,26 mins,6.70%,-0.30%,-28.10%,34.80%,64.00%,N/A,1.72%,96.24%,N/A,None,N/A,N/A,5.2,53.20%,53.00%,9,N/A,38,8.8%,13.8%,0%
Snow Lake Shores,Mississippi,Benton County,316,464,90,49,41,57,109,219,2,68,51.2,6,18,35,62,24.04%,$36500,$575,$100200,N/A,N/A,49,7%,29%,15%,65,30 mins,6.80%,1.40%,-26.90%,42.70%,56.00%,N/A,N/A,98.40%,N/A,Memphis,Central Standard Time,284,4.8,48.00%,45.90%,0,N/A,14,2.2%,14.6%,2.4%
Soso,Mississippi,Jones County,542,267,91,58,33,58,102,220,0,69.7,55.2,6,19,38,33,9.49%,$50114,$967,$121800,N/A,N/A,42,10%,24%,21%,56,21 mins,6.00%,-1.20%,41.20%,27.50%,71.00%,N/A,31.96%,65.98%,1.70%,Laurel,N/A,N/A,5.7,82.90%,43.60%,20,N/A,23,8.9%,13.7%,1.5%
Southaven,Mississippi,DeSoto County,52434,1269,91,49,42,55,102,215,3,67.5,51.1,7,13,40,36,25.15%,$58712,$1056,$154200,N/A,N/A,23,9%,28%,13%,49,23 mins,4.50%,1.50%,12.20%,31.10%,65.10%,1.99%,27.95%,65.92%,5.10%,Memphis,Central Standard Time,284,4.8,62.70%,48.50%,17,N/A,30,6.5%,16.0%,4.3%
St. Martin,Mississippi,Jackson County,8242,1938,90,60,30,64,104,221,0,71.8,58.7,N/A,21,51,32,N/A,$39654,N/A,$109900,N/A,N/A,26,8%,23%,0%,67,24 mins,6.50%,-0.10%,23.50%,29.60%,67.80%,N/A,N/A,N/A,1.60%,Gulfport-Biloxi-Pascagoula,Central Standard Time,15,5.8,40.80%,60.10%,25,N/A,34,7.5%,17.7%,4.2%
Standing Pine,Mississippi,Leake County,534,153,92,56,36,56,90,216,1,68.8,53.8,N/A,17,33,25,9.75%,$45714,$460,$305000,N/A,N/A,19,5%,27%,10%,61,29 mins,6.00%,-1.00%,-33.20%,42.40%,56.60%,N/A,N/A,17.51%,N/A,None,N/A,N/A,5.3,78.20%,29.20%,0,N/A,12,37.6%,16.5%,0%
Starkville,Mississippi,Oktibbeha County,24954,978,92,53,39,55,100,220,0,68.8,53,6,15,46,26,47.26%,$31357,$776,$193500,N/A,N/A,30,2%,17%,17%,51,20 mins,6.80%,0.50%,6.50%,48.90%,47.30%,4.23%,34.97%,58.01%,1.50%,Starkville,N/A,N/A,5.7,34.50%,64.20%,28,N/A,38,20.4%,15.5%,5.1%
State Line,Mississippi,Greene County,620,145,91,58,33,60,105,219,0,69.8,55,5,25,49,43,3.77%,$25469,$412,$65000,N/A,N/A,30,0%,20%,11%,60,33 mins,8.50%,-0.70%,31.60%,18.10%,80.70%,N/A,64.39%,35.61%,N/A,None,N/A,N/A,5.6,64.60%,56.80%,20,N/A,N/A,27.9%,14.5%,0%
Stonewall,Mississippi,Clarke County,1014,382,92,57,35,58,104,217,0,68.9,53.9,6,6,13,46,11.08%,$27083,$571,$66700,N/A,N/A,52,2%,14%,9%,49,32 mins,7.10%,-0.90%,-5.80%,33.20%,65.90%,N/A,20.04%,79.96%,N/A,Meridian,N/A,N/A,5.6,43.60%,46.90%,9,N/A,29,12.1%,12.0%,0%
Sturgis,Mississippi,Oktibbeha County,235,182,91,53,38,55,100,218,0,69.4,53.4,6,14,27,45,30.77%,$41786,$625,$97900,N/A,N/A,44,2%,22%,17%,58,19 mins,6.80%,0.50%,39.10%,48.90%,47.30%,N/A,11.45%,88.55%,N/A,Starkville,N/A,N/A,5.7,66.30%,24.40%,8,N/A,27,0%,15.8%,0%
Summit,Mississippi,Pike County,2404,1063,91,59,32,63,104,215,0,70.1,56.2,6,11,36,31,21.26%,$25577,$736,$157000,N/A,N/A,43,3%,20%,17%,58,24 mins,7.30%,-0.40%,47.40%,49.20%,49.00%,N/A,82.06%,17.94%,1.70%,McComb,N/A,N/A,5.9,56.60%,67.00%,46,N/A,N/A,36.5%,21.1%,0.1%
Sumner,Mississippi,Tallahatchie County,331,602,92,51,41,57,92,216,1,68.9,53.2,7,20,40,45,23.45%,$45000,$500,$95300,N/A,N/A,70,0%,14%,11%,67,26 mins,6.40%,0.80%,11.10%,56.80%,41.90%,4.95%,38.61%,55.78%,N/A,None,N/A,N/A,4.8,54.50%,56.60%,9,N/A,28,0%,15.7%,0%
Sumrall,Mississippi,Lamar County,2001,534,91,59,32,60,106,215,0,70.1,56.2,5,20,40,34,34.21%,$41198,$790,$173900,N/A,N/A,20,4%,24%,15%,59,26 mins,4.60%,1.20%,65.50%,21.10%,76.20%,N/A,22.92%,75.52%,N/A,Hattiesburg,Central Standard Time,150,5.7,67.50%,49.50%,38,N/A,45,13.2%,20.8%,1.6%
Sunflower,Mississippi,Sunflower County,1115,1840,92,51,41,54,105,213,1,69.8,54.6,7,6,9,32,16.74%,$19044,$479,$42800,N/A,N/A,41,0%,24%,10%,65,18 mins,9.30%,-1.60%,-19.40%,70.10%,29.10%,N/A,77.83%,21.46%,N/A,Indianola,N/A,N/A,5.3,44.70%,68.60%,22,N/A,43,34%,16.0%,0%
Sylvarena,Mississippi,Smith County,116,44,91,57,34,58,92,214,0,69.7,55,6,19,38,48,N/A,$44583,N/A,$115200,N/A,N/A,51,14%,14%,10%,58,33 mins,5.40%,-0.50%,-16.60%,21.20%,77.70%,N/A,7.48%,92.52%,5.20%,None,N/A,N/A,5.6,77.80%,62.00%,0,N/A,24,0%,13.3%,0%
Taylor,Mississippi,Lafayette County,373,127,92,52,40,58,103,215,2,68,51.3,6,13,26,34,35.43%,$37500,$597,$225300,N/A,N/A,25,0%,20%,14%,63,18 mins,5.60%,2.20%,18.00%,40.60%,55.30%,N/A,30.14%,64.89%,N/A,Oxford,N/A,N/A,4.7,51.50%,22.30%,17,N/A,27,7.6%,14.3%,0%
Taylorsville,Mississippi,Smith County,1667,432,91,57,34,58,101,218,0,70,55.5,6,23,45,34,13.12%,$39306,$574,$112300,N/A,N/A,44,14%,13%,11%,57,19 mins,5.40%,-0.50%,24.10%,21.20%,77.70%,N/A,30.38%,68.56%,3.30%,None,N/A,N/A,5.6,60.90%,49.90%,37,N/A,39,24%,13.4%,0.4%
Tchula,Mississippi,Holmes County,1845,1310,91,53,38,57,91,217,0,69.5,54.5,6,27,54,28,4.07%,$13932,$325,$49100,N/A,N/A,34,0%,13%,10%,65,26 mins,12.20%,-1.30%,-16.70%,82.80%,16.20%,N/A,98.08%,1.77%,N/A,None,N/A,N/A,5.8,36.60%,83.10%,10,N/A,32,50.4%,17.8%,0.2%
Terry,Mississippi,Hinds County,1582,415,93,57,36,57,102,219,1,69.5,55.1,6,21,42,35,37.13%,$60813,$809,$188900,N/A,N/A,17,6%,23%,19%,57,26 mins,5.80%,1.00%,98.30%,71.10%,26.60%,N/A,71.07%,28.93%,N/A,Jackson,Central Standard Time,331,5.3,66.70%,59.70%,22,N/A,30,13.2%,19.4%,0%
Thaxton,Mississippi,Pontotoc County,891,86,90,51,39,58,105,217,2,68.4,51.8,6,18,36,29,25.57%,$45000,$850,$89700,N/A,N/A,28,0%,13%,11%,63,30 mins,4.90%,0.70%,19.00%,18.40%,79.60%,N/A,3.20%,89.72%,5.70%,Tupelo,N/A,N/A,5,56.30%,36.60%,9,N/A,N/A,8%,14.2%,0%
Tishomingo,Mississippi,Tishomingo County,381,689,89,49,40,58,113,214,2,67.4,50.7,6,26,51,40,13.31%,$22917,$542,$93700,N/A,N/A,58,-3%,11%,11%,64,22 mins,5.80%,1.20%,24.90%,11.90%,85.60%,N/A,8.72%,89.10%,N/A,None,N/A,N/A,5.2,57.50%,61.40%,0,N/A,N/A,17.6%,17.3%,0%
Toccopola,Mississippi,Pontotoc County,239,28,90,51,39,58,107,216,2,68.4,52,6,19,38,40,N/A,$28542,N/A,$68100,N/A,N/A,38,0%,14%,10%,63,23 mins,4.90%,0.70%,16.00%,18.40%,79.60%,N/A,N/A,98.92%,2.50%,Tupelo,N/A,N/A,5,68.70%,44.50%,21,N/A,25,9.9%,11.5%,0%
Toomsuba,Mississippi,Lauderdale County,991,211,92,56,36,58,106,218,1,69.3,53.9,6,22,44,24,N/A,$24219,N/A,$37600,N/A,N/A,26,0%,13%,10%,50,19 mins,6.30%,-1.10%,130.50%,38.20%,60.10%,N/A,56.79%,43.21%,N/A,Meridian,N/A,N/A,5.2,78.50%,76.30%,20,N/A,21,30.3%,30.3%,0%
Tremont,Mississippi,Itawamba County,479,98,91,51,40,59,108,216,1,68.1,51.6,6,23,46,38,18.81%,$31364,$654,$91100,N/A,N/A,34,7%,28%,10%,61,21 mins,5.60%,0.50%,127.00%,11.50%,87.00%,N/A,N/A,99.78%,N/A,Tupelo,N/A,N/A,5,58.00%,49.00%,6,N/A,N/A,16.8%,11.6%,0%
Tucker,Mississippi,Neshoba County,468,121,92,56,36,56,83,221,0,69.3,54.1,N/A,26,51,16,N/A,$36838,N/A,$101300,N/A,N/A,24,2%,18%,15%,59,25 mins,6.20%,1.50%,-22.60%,25.70%,72.80%,N/A,N/A,N/A,3.00%,None,N/A,N/A,5.5,67.90%,86.50%,0,N/A,25,48.1%,21.8%,9.2%
Tunica,Mississippi,Tunica County,1205,1815,93,50,43,53,98,215,1,68.2,52,7,20,41,45,27.02%,$43125,$625,$99000,N/A,N/A,44,7%,28%,15%,66,21 mins,6.70%,1.20%,-2.00%,74.80%,23.90%,N/A,35.76%,59.31%,2.40%,Memphis,Central Standard Time,284,4.9,46.10%,45.50%,46,N/A,N/A,5%,13.0%,1.6%
Tunica Resorts,Mississippi,Tunica County,1934,66,91,48,43,53,100,214,2,67.9,51.7,N/A,24,50,30,26.95%,$32913,$820,$171000,N/A,N/A,15,7%,28%,15%,66,21 mins,6.70%,1.20%,31.40%,74.80%,23.90%,5.88%,71.19%,22.92%,N/A,Memphis,Central Standard Time,284,4.9,11.40%,57.90%,8,N/A,29,0%,14.8%,10.4%
Tupelo,Mississippi,Lee County,38321,595,91,51,40,56,114,219,1,68.1,52.1,6,16,68,35,31.79%,$41979,$790,$131900,N/A,N/A,37,3%,9%,5%,50,18 mins,5.50%,0.50%,11.50%,30.50%,67.50%,N/A,39.13%,56.68%,3.00%,Tupelo,N/A,N/A,5.1,51.80%,53.40%,21,N/A,35,14.8%,17.3%,2.9%
Tutwiler,Mississippi,Tallahatchie County,1062,384,91,50,41,55,94,211,1,68.9,53.2,6,24,47,42,3.42%,$29798,$467,$67700,N/A,N/A,54,0%,13%,10%,67,26 mins,6.40%,0.80%,-66.40%,56.80%,41.90%,4.38%,46.08%,12.82%,1.50%,None,N/A,N/A,4.8,64.50%,52.40%,23,N/A,N/A,13%,14.3%,15%
Tylertown,Mississippi,Walthall County,1786,545,92,60,32,65,102,222,0,70.6,56.8,6,25,49,44,17.97%,$25357,$570,$107400,N/A,N/A,49,0%,15%,11%,57,35 mins,8.70%,0.00%,-14.30%,40.30%,58.60%,N/A,48.51%,46.94%,3.00%,None,N/A,N/A,6,57.70%,56.60%,0,N/A,N/A,24.9%,17.5%,4.3%
Union,Mississippi,Newton County,2053,599,92,56,36,57,90,221,0,69.2,54.3,6,25,50,41,15.69%,$30840,$475,$107400,N/A,N/A,47,4%,17%,14%,59,32 mins,6.20%,-2.20%,-8.40%,29.20%,69.40%,N/A,49.04%,49.85%,N/A,None,N/A,N/A,5.4,54.10%,57.70%,37,N/A,39,17.9%,16.1%,0.1%
University,Mississippi,Lafayette County,4492,6381,92,52,40,58,103,215,2,67.6,50.9,N/A,13,32,19,N/A,$9766,N/A,$201900,N/A,N/A,22,0%,19%,14%,51,18 mins,5.60%,2.20%,3.00%,40.60%,55.30%,1.89%,10.87%,84.44%,1.30%,Oxford,N/A,N/A,4.7,0.00%,100.00%,58,N/A,N/A,N/A,N/A,1.4%
Utica,Mississippi,Hinds County,791,264,93,58,35,58,99,213,1,69.8,55.5,6,24,47,30,12.57%,$20833,$792,$92400,N/A,N/A,43,0%,15%,15%,62,22 mins,5.80%,1.00%,-18.50%,71.10%,26.60%,N/A,72.32%,17.93%,4.30%,Jackson,Central Standard Time,331,5.3,64.60%,59.20%,10,N/A,19,22.5%,17.2%,6.6%
Vaiden,Mississippi,Carroll County,755,352,90,53,37,58,98,215,1,68.8,53,6,6,5,39,19.29%,$25125,$268,$85800,N/A,N/A,32,0%,14%,10%,63,28 mins,6.80%,-1.40%,-35.80%,30.40%,68.70%,N/A,61.66%,38.34%,N/A,Greenwood,N/A,N/A,5.7,30.80%,74.10%,N/A,N/A,N/A,31.8%,18.8%,0%
Vancleave,Mississippi,Jackson County,4917,114,90,61,29,67,100,219,0,71.1,57.9,7,16,38,40,17.36%,$55466,$1182,$173000,N/A,N/A,23,6%,14%,4%,65,24 mins,6.50%,-0.10%,-8.70%,29.60%,67.80%,N/A,3.93%,93.38%,N/A,Gulfport-Biloxi-Pascagoula,Central Standard Time,15,5.8,62.40%,40.70%,9,N/A,29,10.5%,16.4%,1.8%
Vardaman,Mississippi,Calhoun County,1363,1004,90,51,39,57,92,218,1,68.8,52.4,6,26,50,31,6.76%,$26830,$651,$68000,N/A,N/A,41,-3%,10%,10%,64,24 mins,6.00%,0.20%,-6.60%,29.90%,68.60%,N/A,24.08%,45.92%,29.10%,None,N/A,N/A,5.1,58.10%,53.30%,38,N/A,48,21.2%,13.6%,13.6%
Verona,Mississippi,Lee County,3059,833,91,51,40,56,114,217,1,68.4,52.3,6,23,80,33,6.35%,$24625,$667,$74600,N/A,N/A,38,4%,14%,9%,55,19 mins,5.20%,0.50%,0.30%,30.50%,67.50%,N/A,70.49%,24.86%,3.00%,Tupelo,N/A,N/A,5.1,28.50%,64.10%,29,N/A,28,33.6%,25.4%,1.9%
Vicksburg,Mississippi,Warren County,22961,696,92,56,36,57,98,212,0,70.2,56,6,33,81,35,22.07%,$27991,$694,$146400,N/A,N/A,47,8%,13%,11%,54,15 mins,7.60%,1.80%,-5.10%,47.80%,50.30%,N/A,67.59%,29.29%,N/A,Vicksburg,N/A,N/A,5.5,41.30%,64.50%,21,N/A,25,27.6%,19.0%,3%
Wade,Mississippi,Jackson County,1104,179,90,61,29,68,98,218,0,71.8,58.7,7,16,32,45,N/A,$42232,N/A,$171200,N/A,N/A,23,8%,22%,0%,63,24 mins,6.50%,-0.10%,43.40%,29.60%,67.80%,N/A,12.65%,87.35%,N/A,Gulfport-Biloxi-Pascagoula,Central Standard Time,15,5.8,85.10%,50.20%,0,N/A,N/A,0%,19.3%,0%
Walls,Mississippi,DeSoto County,1340,113,91,49,42,53,99,214,3,67.8,51.5,7,23,47,27,18.35%,$36310,$883,$195100,N/A,N/A,17,9%,27%,15%,60,27 mins,4.80%,1.50%,129.50%,31.10%,65.10%,2.06%,65.32%,31.86%,N/A,Memphis,Central Standard Time,284,4.8,32.40%,62.00%,8,N/A,33,22.3%,19.6%,1.3%
Walnut,Mississippi,Tippah County,1110,204,90,49,41,57,106,216,2,68,51,6,27,53,31,18.61%,$17411,$443,$82700,N/A,N/A,43,0%,28%,10%,65,23 mins,5.90%,0.50%,18.50%,19.90%,78.20%,N/A,18.58%,80.30%,N/A,None,N/A,N/A,5.1,42.70%,58.10%,0,N/A,25,37.2%,14.2%,0.6%
Walnut Grove,Mississippi,Leake County,779,482,92,57,35,56,90,218,1,68.8,53.7,6,27,54,32,10.05%,$20417,$644,$81700,N/A,N/A,35,5%,27%,10%,61,29 mins,6.00%,-1.00%,29.60%,42.40%,56.60%,N/A,75.80%,24.20%,1.30%,None,N/A,N/A,5.3,36.40%,77.00%,20,N/A,N/A,20.5%,13.9%,3.1%
Walthall,Mississippi,Webster County,106,109,90,53,37,56,95,217,1,68.6,52.6,6,14,29,34,43.29%,$53388,$725,$110600,N/A,N/A,43,-2%,15%,11%,61,28 mins,6.30%,-0.40%,-50.70%,20.10%,78.40%,N/A,9.17%,89.17%,N/A,None,N/A,N/A,5.7,68.70%,25.00%,0,N/A,N/A,2.9%,10.6%,1.1%
Water Valley,Mississippi,Yalobusha County,3340,477,92,52,40,57,101,219,1,68.4,51.7,6,22,53,36,15.18%,$28208,$516,$91100,N/A,N/A,43,0%,14%,10%,62,25 mins,6.60%,2.40%,-4.20%,42.50%,55.60%,N/A,52.54%,46.58%,1.10%,None,N/A,N/A,4.8,48.90%,56.40%,51,N/A,32,8.4%,18.4%,0.3%
Waveland,Mississippi,Hancock County,6382,752,90,60,30,64,100,219,0,72.2,59.1,8,18,69,38,25.60%,$33909,$806,$105000,N/A,N/A,17,10%,20%,2%,74,29 mins,5.90%,0.30%,-1.70%,19.00%,78.30%,N/A,13.27%,82.12%,1.80%,Gulfport-Biloxi-Pascagoula,Central Standard Time,15,5.8,52.00%,56.30%,17,N/A,37,16.1%,17.1%,2.3%
Waynesboro,Mississippi,Wayne County,4924,388,91,58,33,58,102,221,0,69.7,54.8,5,28,30,34,11.47%,$18386,$505,$96200,N/A,N/A,41,0%,15%,11%,52,33 mins,7.00%,0.50%,-5.50%,36.70%,62.40%,N/A,63.01%,30.97%,2.10%,None,N/A,N/A,5.7,52.30%,65.10%,57,N/A,44,38.7%,20.2%,0.5%
Webb,Mississippi,Tallahatchie County,408,967,92,51,41,57,92,213,1,69,53.3,7,28,55,41,13.50%,$26964,$619,$64300,N/A,N/A,42,0%,13%,10%,67,26 mins,6.40%,0.80%,13.70%,56.80%,41.90%,3.23%,85.48%,11.29%,N/A,None,N/A,N/A,4.8,42.10%,74.00%,17,N/A,N/A,45.7%,21.8%,0.7%
Weir,Mississippi,Choctaw County,695,661,90,53,37,56,96,214,1,69.5,53.7,6,24,48,30,10.72%,$40926,$542,$56800,N/A,N/A,42,0%,14%,10%,60,29 mins,5.50%,1.10%,44.20%,30.00%,68.60%,N/A,75.46%,24.29%,N/A,None,N/A,N/A,5.5,45.20%,54.10%,11,N/A,29,35.3%,12.5%,1.2%
Wesson,Mississippi,Copiah County,2085,468,92,58,34,60,97,219,0,69.8,55.8,6,17,34,24,20.29%,$51250,$856,$85000,N/A,N/A,43,-1%,4%,0%,61,26 mins,7.30%,0.90%,0.80%,51.90%,47.00%,N/A,17.20%,77.86%,N/A,Jackson,Central Standard Time,331,5.7,56.90%,56.50%,40,N/A,31,10.5%,13.7%,4.1%
West,Mississippi,Holmes County,189,339,90,54,36,57,96,218,1,69.2,53.6,6,23,45,43,N/A,$21354,N/A,$104200,N/A,N/A,54,0%,13%,11%,58,26 mins,12.20%,-1.30%,31.30%,82.80%,16.20%,N/A,36.97%,61.34%,N/A,None,N/A,N/A,5.8,49.40%,44.40%,9,N/A,21,8.7%,11.2%,0%
West Hattiesburg,Mississippi,Lamar County,6016,2493,91,59,32,60,107,215,0,70.3,56.4,N/A,22,53,33,34.47%,$44263,$843,$159200,N/A,N/A,24,4%,21%,15%,48,25 mins,4.60%,1.20%,-7.70%,21.10%,76.20%,1.90%,37.11%,56.75%,9.00%,Hattiesburg,Central Standard Time,150,5.7,43.50%,51.60%,42,N/A,40,11.9%,15.3%,7%
West Point,Mississippi,Clay County,10903,522,92,53,39,55,109,220,0,68.7,52.7,6,19,42,35,19.38%,$26784,$751,$101600,N/A,N/A,45,1%,16%,11%,48,18 mins,9.00%,-0.30%,-4.90%,57.20%,41.50%,N/A,62.14%,37.32%,N/A,None,N/A,N/A,5,51.50%,58.20%,65,N/A,52,24.8%,17.6%,0.4%
White Oak,Mississippi,Tunica County,437,946,93,50,43,53,98,214,1,68.2,52,N/A,28,55,45,N/A,$35391,N/A,$75200,N/A,N/A,41,7%,29%,15%,66,21 mins,6.70%,1.20%,-54.10%,74.80%,23.90%,N/A,100.00%,N/A,N/A,Memphis,Central Standard Time,284,4.9,67.80%,76.50%,23,37,N/A,0%,20.0%,0%
Wiggins,Mississippi,Stone County,4502,419,92,62,30,64,114,216,0,71.2,57.4,5,9,60,36,13.22%,$42534,$686,$106300,N/A,N/A,40,0%,7%,11%,56,32 mins,7.20%,0.20%,5.20%,22.30%,75.30%,N/A,27.94%,69.20%,4.10%,None,N/A,N/A,5.6,44.60%,54.50%,43,N/A,48,15.6%,14.6%,1.2%
Winona,Mississippi,Montgomery County,4478,331,90,53,37,58,99,219,1,68.5,52.5,6,11,14,38,19.58%,$28935,$598,$72300,N/A,N/A,45,-1%,15%,10%,55,24 mins,6.50%,-1.40%,-12.30%,42.30%,56.40%,N/A,54.22%,41.28%,N/A,None,N/A,N/A,5.5,40.10%,57.50%,41,N/A,31,30.5%,13.2%,0.8%
Winstonville,Mississippi,Bolivar County,231,783,92,50,42,53,103,217,1,69.2,53.5,7,26,53,39,17.02%,$18636,$247,$75000,N/A,N/A,35,0%,14%,10%,66,18 mins,8.70%,-0.90%,124.30%,65.40%,33.20%,N/A,100.00%,N/A,N/A,Cleveland,N/A,N/A,5,52.50%,68.20%,7,N/A,25,24.1%,16.9%,0%
Woodland,Mississippi,Chickasaw County,217,383,90,52,38,57,93,213,1,68.7,52.6,6,27,53,26,2.13%,$20313,$708,$104600,N/A,N/A,35,2%,28%,11%,61,24 mins,6.80%,0.00%,133.30%,46.20%,52.30%,N/A,45.40%,50.57%,N/A,None,N/A,N/A,5.1,38.90%,64.30%,0,N/A,N/A,27.1%,9.0%,0%
Woodville,Mississippi,Wilkinson County,1015,980,92,60,32,63,96,214,0,70.5,57,5,25,50,39,15.88%,$24046,$586,$87400,N/A,N/A,44,0%,14%,11%,64,33 mins,11.90%,-1.00%,-10.10%,67.70%,31.20%,N/A,63.35%,36.00%,N/A,None,N/A,N/A,5.8,53.70%,62.80%,43,N/A,33,31.8%,17.2%,0%
Yazoo City,Mississippi,Yazoo County,11189,1137,92,54,38,58,96,219,0,70.1,55.5,7,28,54,30,10.92%,$18566,$625,$64600,N/A,N/A,46,2%,12%,6%,57,21 mins,7.70%,1.00%,-3.90%,53.30%,45.70%,N/A,85.39%,11.73%,2.40%,Jackson,Central Standard Time,331,5.3,39.30%,71.40%,49,N/A,42,39.6%,18.1%,1.5%
