City,State,County,Population,People per sq mi,Hottest month's avg high (F),Coldest month's avg high (F),Hottest high minus coldest high,Annual rainfall (in),Annual days of precipitation,Annual days of sunshine,Annual snowfall (in),Avg Summer Dew Point,Avg Annual Dew Point,Average yearly windspeed (mph),Violent crime index,Property crime index,Median age,% with at least Bachelor's degree,Median household income,Median rent,Median home price,Median home square feet,Median home cost per sq ft,Median home age,Home appreciation Last Year,Home appreciation Last 5 Years,Home appreciation Last 10 Years,Air quality Index,Average one-way commute time,Unemployment rate,Job growth last year,Population growth since 2010,% Democrat,% Republican,% Asian,% Black,% White,% Hispanic,Metro,Timezone,Elevation (ft),UV Index,Home Ownership Rate,Single Population,Walk Score,Transit Score,Bike Score,Poverty Rate, % of income spent on housing costs (owners),Foreign Born %,Number of sex offenders per 10k residents,Number of hurricanes since 1930,Number of tornadoes per year
Absarokee,Montana,Stillwater County,1022,480,86,37,49,16,72,200,56,41,27.6,7,13,20,52,21.55%,$39028,$828,$152100,N/A,N/A,45,6%,24%,23%,96,24 mins,2.50%,-0.80%,2.10%,18.60%,75.10%,N/A,N/A,94.34%,2.90%,None,N/A,N/A,3.7,66.60%,29.00%,41,N/A,38,0%,14.0%,1%,18.30,0,0
Alberton,Montana,Mineral County,464,848,82,31,51,20,146,155,109,39.4,29.2,4,20,30,42,18.75%,$25804,$700,$130000,N/A,N/A,39,5%,31%,24%,89,22 mins,3.90%,-2.50%,45.50%,25.80%,66.10%,3.24%,N/A,90.09%,N/A,None,N/A,N/A,3.2,63.30%,48.90%,35,N/A,N/A,10.9%,23.8%,1.5%,66.37,0,0
Alder,Montana,Madison County,88,44,80,32,48,16,98,186,76,38.7,26.9,5,15,23,50,N/A,$35536,N/A,$143700,N/A,N/A,71,6%,30%,24%,98,21 mins,2.60%,-1.50%,-40.10%,24.90%,69.50%,N/A,N/A,100.00%,N/A,None,N/A,N/A,3.6,66.20%,28.20%,3,N/A,40,8%,14.6%,0%,72.46,0,0
Alzada,Montana,Carter County,29,56,87,33,54,15,60,221,33,46,30.3,9,22,33,60,N/A,$42188,N/A,$38900,N/A,N/A,57,6%,32%,25%,94,0 mins,1.90%,-1.60%,314.30%,8.90%,86.30%,N/A,N/A,100.00%,N/A,None,N/A,N/A,3.8,70.00%,82.80%,3,N/A,N/A,0%,9.0%,0%,0.00,0,0
Amsterdam,Montana,Gallatin County,170,63,86,33,53,15,97,187,41,40.2,27.2,5,14,22,31,N/A,$66029,N/A,$310600,N/A,N/A,61,9%,45%,34%,93,17 mins,1.60%,2.60%,-6.10%,45.10%,44.20%,6.94%,N/A,79.19%,8.20%,Bozeman,N/A,N/A,3.8,71.40%,36.60%,0,N/A,30,0%,14.8%,1.6%,0.00,0,0
Anaconda-Deer Lodge,Montana,Deer Lodge County,9131,12,81,32,49,14,115,178,57,N/A,N/A,N/A,20,40,47,N/A,$41015,N/A,$118300,N/A,N/A,64,6%,30%,24%,95,17 mins,2.60%,-1.30%,-1.50%,48.90%,41.90%,N/A,N/A,N/A,3.30%,None,N/A,N/A,3.7,50.80%,48.30%,0,N/A,1,N/A,N/A,N/A,N/A,N/A,0
Antelope,Montana,Sheridan County,93,460,83,22,61,13,64,205,26,47.7,29.2,10,10,15,30,N/A,$31477,N/A,$228100,N/A,N/A,54,3%,23%,23%,96,14 mins,1.60%,-4.50%,447.10%,26.00%,67.60%,N/A,N/A,100.00%,N/A,None,N/A,N/A,3.7,33.30%,22.00%,0,N/A,N/A,0%,13.2%,0%,7,0,0
Arlee,Montana,Lake County,634,98,85,33,52,15,119,152,41,43,32.4,4,19,29,36,23.28%,$21806,$542,$260000,N/A,N/A,40,7%,29%,21%,92,19 mins,3.40%,2.40%,-2.30%,36.20%,57.10%,N/A,N/A,49.30%,2.80%,None,N/A,N/A,3.1,48.00%,56.30%,31,N/A,N/A,25.2%,12.4%,0%,201.34,0,0
Ashland,Montana,Rosebud County,1048,51,90,36,54,14,81,202,39,44.6,29.9,8,23,36,23,25.00%,$45000,$570,$81900,N/A,N/A,42,2%,16%,25%,88,12 mins,4.50%,-2.20%,31.70%,28.60%,65.20%,N/A,1.04%,26.33%,N/A,None,N/A,N/A,3.7,21.30%,65.00%,3,N/A,N/A,21.3%,10.7%,0.1%,66.31,0,0
Augusta,Montana,Lewis and Clark County,364,395,81,35,46,15,79,186,63,41.7,29.2,N/A,15,23,47,33.48%,$46042,$557,$203300,N/A,N/A,58,8%,26%,30%,92,16 mins,2.40%,-1.60%,27.30%,41.00%,47.90%,N/A,N/A,100.00%,N/A,Helena,N/A,N/A,3.9,44.10%,36.40%,36,N/A,42,10.1%,14.2%,1.7%,152.28,0,0
Avon,Montana,Powell County,155,12,80,29,51,16,91,178,60,39.7,27.3,N/A,16,25,34,N/A,$43750,N/A,$155000,N/A,N/A,74,6%,31%,24%,93,21 mins,2.60%,-1.90%,66.70%,19.70%,72.60%,N/A,N/A,100.00%,N/A,None,N/A,N/A,3.7,68.10%,37.60%,14,N/A,N/A,21.9%,26.5%,0%,0.00,0,0
Azure,Montana,Hill County,309,69,84,32,52,13,76,185,45,42.9,28.2,N/A,22,34,21,8.81%,$35000,$283,$104600,N/A,N/A,32,4%,27%,23%,96,11 mins,3.40%,1.10%,9.20%,36.80%,54.00%,N/A,N/A,N/A,N/A,None,N/A,N/A,3.8,48.50%,49.20%,0,N/A,N/A,32.4%,10.5%,0%,0.00,0,0
Babb,Montana,Glacier County,119,13,76,32,44,23,90,158,101,41.5,27.6,6,17,25,28,N/A,$4250,N/A,$87000,N/A,N/A,42,3%,19%,23%,97,14 mins,6.60%,-1.30%,0.90%,61.50%,31.90%,N/A,N/A,11.11%,N/A,None,N/A,N/A,3.1,42.60%,26.40%,25,N/A,34,86.2%,9.0%,0%,243.90,0,0
Bainville,Montana,Roosevelt County,312,311,86,24,62,14,75,202,39,47.9,29.8,9,14,22,32,N/A,$50625,N/A,$132400,N/A,N/A,41,6%,30%,23%,94,14 mins,4.20%,-1.20%,72.40%,42.70%,49.20%,N/A,N/A,82.79%,N/A,None,N/A,N/A,3.7,67.00%,50.90%,17,N/A,30,0%,10.6%,1.4%,178.57,0,0
Baker,Montana,Fallon County,1860,1646,86,29,57,14,72,205,32,46.7,30.6,11,12,12,34,17.44%,$48438,$746,$163200,N/A,N/A,52,5%,32%,23%,91,0 mins,1.20%,-5.40%,0.50%,10.40%,86.20%,2.90%,N/A,92.31%,1.90%,None,N/A,N/A,3.7,64.00%,44.40%,54,N/A,N/A,10.4%,14.0%,2%,38.21,0,0
Ballantine,Montana,Yellowstone County,231,254,88,36,52,14,78,201,43,42.9,29.2,8,16,23,67,N/A,$18269,N/A,$68100,N/A,N/A,45,5%,15%,24%,89,18 mins,2.80%,-0.30%,60.40%,31.50%,58.10%,N/A,N/A,51.56%,N/A,Billings,Mountain Standard Time,3570,3.8,58.00%,43.90%,12,N/A,35,0%,16.7%,5.5%,0.00,0,0
Basin,Montana,Jefferson County,222,17,81,32,49,14,84,186,60,37.2,25.1,5,15,23,41,21.51%,$32500,$513,$111800,N/A,N/A,78,5%,31%,24%,95,20 mins,2.50%,-1.70%,35.40%,29.80%,62.20%,N/A,1.29%,97.84%,N/A,Helena,N/A,N/A,3.6,71.80%,40.80%,21,N/A,5,11.5%,16.7%,1.3%,0.00,0,0
Batavia,Montana,Flathead County,373,207,81,30,51,18,129,151,56,43.9,31.4,N/A,22,33,31,24.47%,$29583,$838,$288900,N/A,N/A,32,12%,39%,26%,90,19 mins,3.30%,2.20%,3.60%,28.00%,63.70%,N/A,N/A,91.06%,6.40%,Kalispell,N/A,N/A,3.2,75.20%,61.30%,13,N/A,34,15.1%,21.9%,0%,0.00,0,0
Bear Dance,Montana,Lake County,212,76,80,31,49,23,120,154,54,44.3,33.3,N/A,11,17,58,N/A,$56510,N/A,$735000,N/A,N/A,42,7%,29%,22%,89,19 mins,3.40%,2.40%,-28.60%,36.20%,57.10%,N/A,N/A,100.00%,7.10%,None,N/A,N/A,3.1,57.60%,22.20%,5,N/A,20,0%,37.6%,6.7%,0.00,0,1
Bearcreek,Montana,Carbon County,153,1342,86,35,51,11,67,198,25,39.1,26,6,11,17,47,26.09%,$35313,$1208,$171600,N/A,N/A,43,3%,20%,24%,95,27 mins,2.60%,-0.60%,101.30%,30.50%,62.60%,N/A,N/A,91.45%,N/A,Billings,Mountain Standard Time,3570,3.9,54.50%,12.70%,0,N/A,N/A,13%,21.5%,0%,0.00,0,0
Beaver Creek,Montana,Hill County,348,76,85,29,56,12,84,185,33,42.9,28.2,N/A,13,19,45,N/A,$87750,N/A,$243400,N/A,N/A,40,4%,27%,24%,95,11 mins,3.40%,1.10%,21.30%,36.80%,54.00%,N/A,N/A,78.04%,N/A,None,N/A,N/A,3.8,81.80%,44.60%,0,N/A,25,0%,15.5%,1.8%,0.00,0,0
Belfry,Montana,Carbon County,212,127,87,35,52,8,49,201,19,40.8,27.3,6,19,30,48,13.70%,$18125,$788,$72800,N/A,N/A,46,3%,19%,23%,95,27 mins,2.60%,-0.60%,27.70%,30.50%,62.60%,N/A,N/A,98.03%,1.90%,Billings,Mountain Standard Time,3570,3.9,69.40%,65.10%,10,N/A,30,15.8%,19.0%,0%,97.56,0,0
Belgrade,Montana,Gallatin County,8026,2108,85,33,52,16,110,186,56,42,28.7,5,22,35,32,33.60%,$46010,$914,$308200,N/A,N/A,25,11%,44%,34%,75,17 mins,1.60%,2.60%,10.20%,45.10%,44.20%,N/A,N/A,94.39%,7.20%,Bozeman,N/A,N/A,3.8,55.70%,45.60%,68,N/A,55,3.9%,18.9%,2.7%,49.74,0,0
Belknap,Montana,Sanders County,296,62,86,33,53,23,141,157,42,43.5,33.3,N/A,10,16,39,N/A,$66484,N/A,$634000,N/A,N/A,14,6%,30%,23%,90,19 mins,4.30%,1.60%,193.10%,20.50%,72.00%,N/A,N/A,100.00%,N/A,None,N/A,N/A,3.2,68.30%,46.10%,3,N/A,1,0%,9.0%,0%,0.00,0,0
Belt,Montana,Cascade County,582,1722,85,36,49,15,99,185,78,42.1,28.8,7,16,24,41,8.40%,$37159,$375,$189100,N/A,N/A,62,4%,21%,30%,95,15 mins,2.80%,-0.40%,-14.90%,35.20%,56.80%,N/A,N/A,97.67%,3.40%,Great Falls,Mountain Standard Time,3670,3.8,65.40%,43.30%,42,N/A,N/A,8.3%,15.1%,0.9%,40.16,0,0
Biddle,Montana,Powder River County,44,3,89,36,53,14,63,209,40,45.2,30.1,10,18,29,39,N/A,$64375,N/A,$160200,N/A,N/A,40,6%,31%,23%,88,16 mins,1.90%,-2.20%,29.40%,12.10%,84.00%,N/A,N/A,100.00%,N/A,None,N/A,N/A,3.8,34.80%,39.50%,9,N/A,23,0%,13.3%,0%,263.16,0,0
Big Arm,Montana,Lake County,242,45,82,33,49,18,108,151,43,43.8,32.9,4,9,14,63,N/A,$45577,N/A,$281300,N/A,N/A,45,7%,28%,21%,88,19 mins,3.40%,2.40%,-24.10%,36.20%,57.10%,N/A,N/A,89.94%,N/A,None,N/A,N/A,3.1,59.70%,15.40%,6,N/A,N/A,16.2%,19.4%,0%,0.00,0,1
Big Sandy,Montana,Chouteau County,571,1197,85,33,52,13,58,185,36,42.8,28.3,9,17,27,51,27.85%,$34375,$575,$102400,N/A,N/A,63,3%,23%,24%,95,17 mins,2.00%,-0.80%,-12.70%,28.10%,64.50%,3.04%,1.79%,83.39%,N/A,None,N/A,N/A,3.9,57.20%,51.40%,34,N/A,38,5%,13.5%,1.7%,26.01,0,0
Big Sky,Montana,Gallatin County,2904,24,78,28,50,20,124,187,46,36.5,23.9,5,15,24,34,60.67%,$65602,$1405,$393100,N/A,N/A,19,9%,47%,34%,99,17 mins,1.60%,2.60%,90.10%,45.10%,44.20%,N/A,N/A,97.19%,7.70%,Bozeman,N/A,N/A,3.8,19.50%,50.90%,7,N/A,16,5.1%,24.9%,9.3%,0.00,0,0
Big Timber,Montana,Sweet Grass County,1498,1625,86,36,50,15,82,201,50,42.5,29,N/A,17,26,46,22.89%,$38594,$649,$207100,N/A,N/A,48,6%,29%,24%,95,22 mins,2.30%,0.50%,-15.90%,19.10%,75.70%,N/A,N/A,96.40%,3.30%,None,N/A,N/A,3.6,48.80%,50.40%,62,N/A,48,9.3%,15.5%,0.9%,44.53,0,0
Bigfork,Montana,Flathead County,4797,153,80,31,49,23,121,151,55,44,32.5,N/A,15,32,49,38.06%,$54608,$884,$402200,N/A,N/A,25,11%,37%,20%,88,18 mins,3.30%,2.20%,9.00%,28.00%,63.70%,N/A,N/A,92.20%,4.00%,Kalispell,N/A,N/A,3.2,48.70%,34.20%,53,N/A,31,7.1%,17.1%,5.3%,61.98,0,0
Billings,Montana,Yellowstone County,109082,2480,88,37,51,14,88,205,46,42.8,29.2,8,23,68,37,35.04%,$49265,$899,$299900,1922,$156,41,6%,17%,26%,71,16 mins,2.90%,-0.30%,7.40%,31.50%,58.10%,N/A,1.02%,89.14%,6.30%,Billings,Mountain Standard Time,3570,3.8,58.60%,49.90%,35,N/A,47,6.9%,18.5%,2.5%,41.04,0,0
Birney,Montana,Rosebud County,116,8,90,36,54,14,76,208,34,43.5,29.4,7,22,34,26,N/A,$12500,N/A,$110200,N/A,N/A,33,2%,17%,25%,87,12 mins,4.50%,-2.20%,-46.50%,28.60%,65.20%,N/A,N/A,N/A,N/A,None,N/A,N/A,3.7,31.10%,52.00%,0,N/A,N/A,0%,N/A,0%,96.15,0,0
Black Eagle,Montana,Cascade County,1054,683,85,36,49,14,89,185,58,42.2,29,9,21,33,38,23.49%,$24503,$597,$107400,N/A,N/A,73,3%,18%,23%,90,15 mins,2.80%,-0.40%,23.00%,35.20%,56.80%,N/A,N/A,86.24%,N/A,Great Falls,Mountain Standard Time,3670,3.8,50.40%,63.30%,36,N/A,46,12.2%,19.4%,0.9%,94.07,0,0
Boneau,Montana,Chouteau County,370,156,84,32,52,13,76,185,45,42.4,28.5,N/A,21,33,23,4.59%,$17679,$254,$134600,N/A,N/A,28,3%,21%,25%,95,17 mins,2.00%,-0.80%,101.10%,28.10%,64.50%,N/A,1.13%,N/A,5.70%,None,N/A,N/A,3.9,15.80%,61.40%,0,N/A,17,48.5%,N/A,0%,0.00,0,0
Bonner-West Riverside,Montana,Missoula County,1769,1162,85,31,54,15,118,155,47,41.9,30.3,N/A,18,28,33,15.57%,$40694,$857,$270900,N/A,N/A,48,7%,28%,25%,83,22 mins,2.50%,0.30%,7.60%,51.90%,36.60%,N/A,N/A,96.84%,5.60%,Missoula,Mountain Standard Time,3361,3.1,53.80%,59.50%,22,N/A,32,9.1%,20.4%,1.8%,23.19,0,0
Boulder,Montana,Jefferson County,1001,891,81,32,49,14,85,188,55,40,27.5,5,30,20,47,17.40%,$37375,$612,$93800,N/A,N/A,44,6%,30%,25%,95,20 mins,2.50%,-1.70%,-32.60%,29.80%,62.20%,N/A,N/A,93.10%,9.30%,Helena,N/A,N/A,3.6,49.30%,55.90%,38,N/A,41,12.2%,17.9%,0.5%,69.34,0,0
Box Elder,Montana,Hill County,68,87,84,32,52,13,76,185,45,42.9,28.2,9,21,32,41,N/A,$23750,N/A,$80200,N/A,N/A,50,4%,27%,23%,96,11 mins,3.40%,1.10%,-28.40%,36.80%,54.00%,N/A,N/A,72.34%,17.60%,None,N/A,N/A,3.8,43.20%,41.00%,11,N/A,N/A,24%,10.6%,0%,3,0,0
Boyd,Montana,Carbon County,44,196,87,36,51,14,77,201,43,41.5,27.9,6,11,18,29,N/A,$0,N/A,$214100,N/A,N/A,52,3%,19%,24%,93,27 mins,2.60%,-0.60%,-4.40%,30.50%,62.60%,N/A,N/A,100.00%,N/A,Billings,Mountain Standard Time,3570,3.9,37.50%,20.50%,0,N/A,25,0%,N/A,0%,0.00,0,0
Bozeman,Montana,Gallatin County,43132,2144,84,34,50,17,113,188,63,42.4,29,5,14,40,28,58.71%,$46422,$1078,$775000,2164,$358,25,9%,48%,36%,78,14 mins,1.80%,2.60%,18.40%,45.10%,44.20%,2.24%,N/A,92.07%,2.80%,Bozeman,N/A,N/A,3.8,39.90%,64.00%,48,N/A,62,6.3%,18.6%,4.5%,14.20,0,0
Brady,Montana,Pondera County,179,58,83,34,49,12,70,179,40,42.3,28.2,9,15,24,58,N/A,$62857,N/A,$140200,N/A,N/A,52,1%,20%,24%,95,14 mins,3.20%,-2.50%,-5.80%,27.10%,66.10%,N/A,N/A,100.00%,N/A,None,N/A,N/A,3.9,61.40%,73.20%,3,N/A,N/A,0%,9.0%,0%,0.00,0,0
Bridger,Montana,Carbon County,765,961,86,35,51,14,75,200,42,41.9,28.4,6,13,17,46,15.23%,$48438,$695,$109700,N/A,N/A,61,3%,20%,23%,94,27 mins,2.60%,-0.60%,3.00%,30.50%,62.60%,N/A,N/A,95.87%,3.80%,Billings,Mountain Standard Time,3570,3.9,59.10%,46.30%,51,N/A,36,38.5%,N/A,8.2%,43.62,0,0
Broadus,Montana,Powder River County,448,1273,89,36,53,14,68,213,39,45.5,30.2,10,17,26,46,21.05%,$42841,$548,$114800,N/A,N/A,51,6%,32%,24%,88,16 mins,1.90%,-2.20%,-23.70%,12.10%,84.00%,N/A,N/A,96.14%,3.10%,None,N/A,N/A,3.8,58.20%,39.30%,50,N/A,49,0%,14.5%,1.8%,0.00,0,0
Broadview,Montana,Yellowstone County,138,527,87,37,50,14,82,202,53,41.7,28.3,8,12,19,47,N/A,$44375,N/A,$148200,N/A,N/A,37,6%,14%,26%,87,18 mins,2.80%,-0.30%,-36.10%,31.50%,58.10%,N/A,N/A,96.67%,2.20%,Billings,Mountain Standard Time,3570,3.8,80.30%,43.40%,9,N/A,N/A,15.8%,21.7%,0.7%,162.16,0,0
Brockton,Montana,Roosevelt County,164,982,86,25,61,14,64,199,22,47.4,29.5,10,24,36,30,14.11%,$29844,$260,$50700,N/A,N/A,42,6%,31%,25%,95,14 mins,4.20%,-1.20%,-65.80%,42.70%,49.20%,N/A,N/A,3.76%,1.20%,None,N/A,N/A,3.7,44.20%,83.80%,5,N/A,21,32.4%,14.8%,0%,240.00,0,0
Browning,Montana,Glacier County,967,3504,76,31,45,25,87,160,81,41.7,27.8,10,21,33,38,12.92%,$24306,$620,$88300,N/A,N/A,46,3%,18%,24%,93,14 mins,6.60%,-1.30%,3.60%,61.50%,31.90%,N/A,N/A,4.04%,N/A,None,N/A,N/A,3.1,50.50%,61.20%,61,N/A,N/A,28%,11.0%,2%,298.63,0,0
Busby,Montana,Big Horn County,648,45,89,35,54,14,74,204,37,42.6,29,8,23,35,23,12.58%,$33603,$553,$86400,N/A,N/A,39,3%,20%,15%,89,18 mins,6.20%,-1.30%,58.40%,49.40%,43.70%,N/A,N/A,2.01%,N/A,None,N/A,N/A,3.7,34.80%,67.50%,11,N/A,27,21.8%,12.6%,0%,170.21,0,0
Butte-Silver Bow,Montana,Silver Bow County,33645,47,81,31,50,13,104,186,54,N/A,N/A,N/A,23,49,40,N/A,$37654,N/A,$132400,N/A,N/A,61,6%,32%,24%,86,15 mins,3.00%,-0.40%,2.40%,52.40%,38.80%,N/A,N/A,N/A,4.20%,Butte-Silver Bow,N/A,N/A,3.7,59.70%,52.40%,40,17,45,N/A,N/A,N/A,N/A,N/A,0
Bynum,Montana,Teton County,37,23,81,36,45,12,71,185,40,42.3,28.6,9,11,17,59,N/A,$47083,N/A,$66600,N/A,N/A,78,4%,22%,24%,95,18 mins,2.40%,-2.70%,-59.80%,25.30%,68.10%,N/A,N/A,100.00%,N/A,None,N/A,N/A,3.9,63.60%,10.80%,4,N/A,N/A,0%,11.3%,0%,0.00,0,0
Camas,Montana,Sanders County,112,205,84,33,51,16,109,157,39,43.5,33.3,5,24,37,30,N/A,$9063,N/A,$231100,N/A,N/A,50,5%,32%,24%,92,19 mins,4.30%,1.60%,20.40%,20.50%,72.00%,N/A,N/A,57.53%,21.40%,None,N/A,N/A,3.2,56.50%,68.80%,2,N/A,22,48.1%,13.9%,0%,0.00,0,0
Camp Three,Montana,Musselshell County,95,21,88,37,51,14,74,201,33,42.7,28.7,N/A,11,18,45,27.05%,$58523,$980,$132300,N/A,N/A,58,3%,18%,24%,92,20 mins,3.30%,-0.30%,-55.40%,13.60%,80.60%,1.49%,N/A,96.27%,N/A,None,N/A,N/A,3.8,25.00%,26.00%,3,N/A,15,9.1%,21.0%,1.1%,0.00,0,0
Cardwell,Montana,Jefferson County,100,47,86,36,50,13,87,186,60,39.6,27.2,4,15,22,28,N/A,$50000,N/A,$126000,N/A,N/A,24,6%,30%,23%,96,20 mins,2.50%,-1.70%,270.40%,29.80%,62.20%,N/A,N/A,98.08%,N/A,Helena,N/A,N/A,3.6,86.20%,51.50%,10,N/A,30,10%,14.7%,0%,0.00,0,1
Carlton,Montana,Missoula County,700,114,86,33,53,15,117,158,34,42.5,31.3,N/A,15,23,53,N/A,$83269,N/A,$396900,N/A,N/A,41,7%,27%,24%,90,18 mins,2.50%,0.30%,-17.70%,51.90%,36.60%,5.20%,N/A,90.00%,2.60%,Missoula,Mountain Standard Time,3361,3.1,100.00%,41.90%,2,N/A,44,22.8%,23.8%,9%,0.00,0,0
Carter,Montana,Chouteau County,68,23,86,36,50,13,73,185,42,42.4,28.4,9,11,17,34,N/A,$41875,N/A,$86000,N/A,N/A,78,3%,21%,23%,94,17 mins,2.00%,-0.80%,21.40%,28.10%,64.50%,N/A,N/A,100.00%,N/A,None,N/A,N/A,3.9,51.70%,20.00%,6,N/A,N/A,17.6%,20.0%,5.6%,0.00,0,0
Cascade,Montana,Cascade County,655,998,83,37,46,14,73,183,48,42.1,29.7,8,16,25,48,18.16%,$41923,$735,$203700,N/A,N/A,59,4%,16%,17%,95,15 mins,2.80%,-0.40%,26.90%,35.20%,56.80%,1.26%,N/A,90.59%,2.60%,Great Falls,Mountain Standard Time,3670,3.8,59.40%,40.00%,38,N/A,35,5.8%,19.5%,0.3%,0.00,0,0
Charlo,Montana,Lake County,392,197,84,34,50,16,108,154,35,45.8,34.4,4,18,28,31,23.59%,$42917,$703,$157200,N/A,N/A,44,7%,30%,21%,92,19 mins,3.40%,2.40%,0.00%,36.20%,57.10%,N/A,4.90%,80.77%,N/A,None,N/A,N/A,3.1,46.80%,45.70%,10,N/A,N/A,8.6%,14.6%,2.5%,164.47,0,0
Charlos Heights,Montana,Ravalli County,123,104,84,33,51,13,106,158,32,41.3,30.2,N/A,12,20,50,N/A,$0,N/A,$216600,N/A,N/A,38,9%,25%,22%,86,22 mins,3.00%,1.60%,44.70%,27.60%,65.70%,N/A,N/A,100.00%,N/A,None,N/A,N/A,3,29.80%,13.00%,0,N/A,43,0%,N/A,0%,0.00,0,0
Chester,Montana,Liberty County,913,1875,84,31,53,11,60,187,23,42.6,28,9,15,24,58,20.61%,$37917,$581,$126800,N/A,N/A,43,6%,32%,24%,96,0 mins,2.00%,-1.20%,19.40%,21.40%,72.60%,N/A,N/A,99.00%,N/A,None,N/A,N/A,3.7,48.90%,42.60%,39,N/A,N/A,2.7%,13.1%,0%,51.28,0,0
Chinook,Montana,Blaine County,1056,2019,85,30,55,12,78,197,30,43.3,28.1,10,12,14,48,26.74%,$37344,$496,$146200,N/A,N/A,60,3%,23%,24%,94,15 mins,2.80%,-1.10%,-25.50%,44.80%,47.20%,N/A,1.80%,87.32%,2.80%,None,N/A,N/A,3.6,56.20%,46.60%,45,N/A,44,9%,17.9%,0%,15.55,0,0
Choteau,Montana,Teton County,1676,1152,80,36,44,12,73,187,44,42.4,29.4,9,16,25,49,23.42%,$38466,$778,$155200,N/A,N/A,56,3%,23%,24%,96,18 mins,2.40%,-2.70%,-2.40%,25.30%,68.10%,N/A,1.48%,91.91%,3.20%,None,N/A,N/A,3.9,54.10%,50.20%,50,N/A,48,2.1%,17.3%,2.2%,33.19,0,0
Churchill,Montana,Gallatin County,877,247,86,33,53,15,97,187,41,40.2,27.2,N/A,12,18,41,41.74%,$54028,$1099,$341400,N/A,N/A,34,9%,46%,33%,93,17 mins,1.60%,2.60%,12.40%,45.10%,44.20%,1.35%,N/A,97.49%,4.00%,Bozeman,N/A,N/A,3.8,72.80%,23.50%,0,N/A,18,4.4%,23.8%,2.7%,0.00,0,0
Circle,Montana,McCone County,485,619,86,29,57,13,55,195,21,46,29.5,10,14,23,52,13.02%,$37917,$529,$130300,N/A,N/A,60,6%,31%,23%,96,0 mins,2.20%,-3.80%,18.30%,14.10%,78.70%,N/A,N/A,97.09%,N/A,None,N/A,N/A,3.7,50.60%,41.20%,31,N/A,43,7.9%,16.2%,0%,63.80,0,0
Clancy,Montana,Jefferson County,1714,44,83,31,52,13,90,186,37,39.8,27.2,5,13,20,45,33.59%,$76250,$1031,$212900,N/A,N/A,34,6%,30%,24%,93,20 mins,2.50%,-1.70%,-7.20%,29.80%,62.20%,N/A,N/A,89.67%,1.60%,Helena,N/A,N/A,3.6,81.80%,34.00%,10,N/A,24,4.3%,15.8%,0.3%,32.20,0,0
Clinton,Montana,Missoula County,999,305,84,31,53,15,108,158,43,41.6,30.1,5,18,27,41,19.81%,$52000,$925,$272000,N/A,N/A,30,4%,22%,21%,83,18 mins,2.50%,0.30%,23.80%,51.90%,36.60%,2.91%,N/A,88.24%,9.50%,Missoula,Mountain Standard Time,3361,3.1,80.10%,58.40%,12,N/A,27,14.6%,18.3%,1.3%,42.11,0,0
Clyde Park,Montana,Park County,206,567,85,34,51,15,95,185,44,40.3,27.6,6,14,22,51,17.24%,$37639,$686,$162400,N/A,N/A,41,5%,29%,21%,96,25 mins,2.30%,2.20%,-42.80%,38.40%,53.20%,N/A,N/A,99.28%,N/A,None,N/A,N/A,3.6,61.00%,43.60%,38,N/A,44,1.8%,15.4%,0%,0.00,0,0
Colstrip,Montana,Rosebud County,2253,557,87,35,52,15,78,205,42,43.9,29.6,8,7,11,39,19.01%,$82303,$810,$105400,N/A,N/A,36,2%,17%,25%,88,12 mins,4.50%,-2.20%,-0.90%,28.60%,65.20%,1.51%,N/A,76.23%,12.40%,None,N/A,N/A,3.7,68.90%,25.70%,18,N/A,75,3.6%,13.0%,2.4%,20.88,0,0
Columbia Falls,Montana,Flathead County,5054,2298,81,30,51,18,127,152,57,44.4,31.8,4,12,38,45,26.82%,$45393,$705,$281800,N/A,N/A,40,9%,39%,30%,79,18 mins,3.30%,2.20%,9.30%,28.00%,63.70%,N/A,N/A,97.37%,1.70%,Kalispell,N/A,N/A,3.2,69.60%,40.70%,61,N/A,66,8.7%,20.6%,1.3%,81.02,0,0
Columbus,Montana,Stillwater County,2320,1690,86,36,50,14,78,202,43,41.1,27.7,7,9,24,36,26.17%,$52833,$735,$207100,N/A,N/A,39,6%,24%,24%,91,24 mins,2.50%,-0.80%,-0.20%,18.60%,75.10%,1.28%,N/A,94.17%,3.50%,None,N/A,N/A,3.7,67.20%,39.90%,54,N/A,N/A,6.6%,16.3%,1.5%,25.23,0,0
Condon,Montana,Missoula County,315,15,81,29,52,21,137,158,114,42.1,30.8,N/A,16,25,59,31.25%,$40500,$1000,$280900,N/A,N/A,35,7%,27%,23%,89,18 mins,2.50%,0.30%,1.90%,51.90%,36.60%,N/A,N/A,100.00%,1.00%,Missoula,Mountain Standard Time,3361,3.1,42.10%,48.90%,7,N/A,N/A,5.9%,13.8%,1.1%,0.00,0,0
Conner,Montana,Ravalli County,93,52,83,31,52,17,110,158,49,37.5,27.7,4,18,27,53,N/A,$27188,N/A,$145300,N/A,N/A,59,10%,26%,22%,89,22 mins,3.00%,1.60%,-6.10%,27.60%,65.70%,N/A,N/A,95.92%,3.20%,None,N/A,N/A,3,56.20%,63.90%,9,N/A,N/A,29.2%,20.4%,0%,62.11,0,0
Conrad,Montana,Pondera County,2841,2235,81,33,48,12,69,177,32,42.7,28.4,9,13,26,39,19.84%,$36364,$757,$139400,N/A,N/A,59,1%,21%,24%,95,14 mins,3.20%,-2.50%,10.00%,27.10%,66.10%,N/A,N/A,96.58%,2.10%,None,N/A,N/A,3.9,59.50%,48.70%,56,N/A,56,14.6%,14.5%,1.3%,31.10,0,0
Cooke City,Montana,Park County,41,4,84,36,48,15,85,187,80,31.8,19.7,6,12,20,55,50.91%,$54583,$830,$269300,N/A,N/A,39,6%,29%,22%,96,25 mins,2.30%,2.20%,-26.80%,38.40%,53.20%,N/A,N/A,100.00%,7.30%,None,N/A,N/A,3.6,21.50%,36.60%,0,N/A,16,0%,18.8%,2.2%,0.00,0,0
Coram,Montana,Flathead County,481,130,81,30,51,27,139,151,81,44.1,31.5,4,19,29,48,N/A,$33523,N/A,$206500,N/A,N/A,49,12%,41%,26%,91,19 mins,3.30%,2.20%,16.50%,28.00%,63.70%,N/A,N/A,89.17%,N/A,Kalispell,N/A,N/A,3.2,59.00%,51.00%,15,N/A,62,0%,9.0%,2.3%,65.36,0,0
Corvallis,Montana,Ravalli County,1083,1877,85,33,52,12,107,158,34,44,32.2,4,18,28,35,10.08%,$17823,$737,$160400,N/A,N/A,24,9%,26%,22%,83,22 mins,3.00%,1.60%,75.80%,27.60%,65.70%,N/A,N/A,100.00%,3.60%,None,N/A,N/A,3,54.60%,47.50%,45,N/A,55,10.8%,27.0%,0%,247.25,0,0
Corwin Springs,Montana,Park County,109,77,76,26,50,22,138,187,157,38.2,25.7,6,14,23,55,N/A,$29844,N/A,$395600,N/A,N/A,27,5%,29%,22%,96,25 mins,2.30%,2.20%,31.30%,38.40%,53.20%,N/A,N/A,89.66%,N/A,None,N/A,N/A,3.6,32.20%,33.30%,7,N/A,4,0%,9.0%,6.1%,0.00,0,0
Craig,Montana,Lewis and Clark County,22,74,84,36,48,15,80,186,58,39.1,26.8,7,19,29,56,N/A,$28750,N/A,$248000,N/A,N/A,34,8%,27%,31%,94,16 mins,2.40%,-1.60%,-46.30%,41.00%,47.90%,N/A,N/A,100.00%,N/A,Helena,N/A,N/A,3.9,31.00%,81.80%,8,N/A,N/A,0%,26.7%,0%,243.90,0,0
Crane,Montana,Richland County,194,77,87,28,59,14,77,205,32,47.8,30.1,10,9,14,51,N/A,$21979,N/A,$222000,N/A,N/A,33,3%,17%,24%,92,16 mins,2.30%,-5.70%,223.30%,13.80%,80.20%,N/A,N/A,100.00%,N/A,None,N/A,N/A,3.7,96.20%,15.70%,5,N/A,17,0%,15.4%,2.8%,0.00,0,0
Crow Agency,Montana,Big Horn County,2118,290,90,36,54,13,74,202,49,43.1,29.4,8,23,35,24,9.96%,$56034,$614,$80400,N/A,N/A,41,3%,21%,16%,91,18 mins,6.20%,-1.30%,129.50%,49.40%,43.70%,N/A,N/A,1.04%,5.70%,None,N/A,N/A,3.7,55.00%,57.60%,15,N/A,25,36%,10.3%,0%,81.80,0,0
Culbertson,Montana,Roosevelt County,740,723,86,25,61,14,74,203,38,47.5,29.5,10,13,20,35,25.15%,$49250,$850,$218800,N/A,N/A,50,6%,30%,24%,94,14 mins,4.20%,-1.20%,-1.60%,42.70%,49.20%,N/A,N/A,85.07%,10.30%,None,N/A,N/A,3.7,65.30%,38.30%,49,N/A,39,5.6%,9.0%,0%,39.11,0,0
Custer,Montana,Yellowstone County,125,397,89,36,53,13,72,201,45,43.7,29.4,9,20,30,56,14.89%,$34688,$575,$96700,N/A,N/A,78,5%,15%,25%,89,18 mins,2.80%,-0.30%,-36.60%,31.50%,58.10%,N/A,N/A,99.17%,N/A,Billings,Mountain Standard Time,3570,3.8,64.00%,60.60%,4,N/A,N/A,29.6%,15.0%,0%,0.00,0,0
Cut Bank,Montana,Glacier County,3009,2601,80,33,47,11,65,159,26,42.3,27.8,10,23,43,30,20.37%,$38432,$588,$132900,N/A,N/A,62,3%,19%,25%,95,14 mins,6.60%,-1.30%,4.30%,61.50%,31.90%,N/A,N/A,72.83%,4.10%,None,N/A,N/A,3.1,46.80%,57.00%,48,N/A,N/A,20.9%,18.0%,1.7%,44.89,0,0
Darby,Montana,Ravalli County,653,1070,83,32,51,16,109,157,49,39,29,4,20,32,48,10.26%,$25515,$582,$146100,N/A,N/A,42,10%,25%,23%,91,22 mins,3.00%,1.60%,18.70%,27.60%,65.70%,1.34%,N/A,90.47%,1.80%,None,N/A,N/A,3,46.80%,55.70%,51,N/A,N/A,14%,25.4%,0.7%,194.81,0,0
Dayton,Montana,Lake County,112,205,82,33,49,18,108,151,44,44.4,33.2,4,12,19,64,N/A,$45000,N/A,$222700,N/A,N/A,39,7%,30%,22%,88,19 mins,3.40%,2.40%,107.40%,36.20%,57.10%,N/A,N/A,94.85%,N/A,None,N/A,N/A,3.1,37.80%,19.30%,15,N/A,23,0%,12.8%,4%,0.00,0,1
Deer Lodge,Montana,Powell County,3015,2098,80,31,49,14,82,176,60,41,28.4,6,25,47,47,24.79%,$39550,$756,$229100,N/A,N/A,72,5%,31%,24%,95,21 mins,2.60%,-1.90%,-4.10%,19.70%,72.60%,N/A,N/A,95.54%,N/A,None,N/A,N/A,3.7,54.50%,46.00%,70,N/A,49,19.7%,14.5%,0.6%,83.23,0,0
Denton,Montana,Fergus County,235,330,84,36,48,15,85,196,55,41.3,27.8,9,14,22,47,28.43%,$38438,$679,$90200,N/A,N/A,78,6%,30%,25%,97,12 mins,2.30%,-1.10%,-37.70%,20.60%,73.10%,N/A,N/A,90.54%,9.40%,None,N/A,N/A,3.7,62.70%,39.60%,9,N/A,34,14.1%,14.2%,0.4%,0.00,0,0
Dillon,Montana,Beaverhead County,4224,2381,83,32,51,11,70,181,21,39.7,27.4,5,11,13,31,34.34%,$37827,$631,$175800,N/A,N/A,46,6%,31%,23%,92,14 mins,2.20%,0.10%,2.80%,23.60%,69.10%,N/A,N/A,96.86%,6.10%,None,N/A,N/A,4.1,47.40%,62.10%,72,N/A,N/A,5.5%,16.2%,4.3%,40.97,0,0
Dixon,Montana,Sanders County,203,31,85,34,51,16,111,158,39,44.2,34.1,4,18,27,43,29.66%,$21458,$575,$78900,N/A,N/A,44,5%,32%,23%,92,19 mins,4.30%,1.60%,-50.50%,20.50%,72.00%,N/A,N/A,78.24%,4.40%,None,N/A,N/A,3.2,63.00%,51.30%,10,N/A,4,22%,15.6%,3%,32.05,0,0
Dodson,Montana,Phillips County,174,1048,86,32,54,13,62,200,20,43.3,27.8,10,18,27,21,N/A,$32292,N/A,$56300,N/A,N/A,53,6%,31%,23%,94,19 mins,3.00%,-1.30%,95.50%,14.60%,79.40%,N/A,N/A,32.98%,7.50%,None,N/A,N/A,3.7,50.90%,55.20%,4,N/A,N/A,34.6%,20.0%,0%,0.00,0,0
Drummond,Montana,Granite County,394,715,83,30,53,14,95,160,49,40.3,28.1,5,16,25,42,20.11%,$35469,$527,$78000,N/A,N/A,66,3%,25%,25%,91,24 mins,3.60%,1.30%,13.90%,26.60%,67.10%,N/A,1.11%,91.14%,N/A,None,N/A,N/A,3,33.50%,41.30%,25,N/A,33,7%,16.5%,0.3%,43.96,0,0
Dupuyer,Montana,Pondera County,103,22,79,35,44,17,75,179,44,41.6,28.1,9,17,26,69,N/A,$28393,N/A,$93200,N/A,N/A,49,2%,20%,24%,97,14 mins,3.20%,-2.50%,98.10%,27.10%,66.10%,N/A,N/A,89.83%,N/A,None,N/A,N/A,3.9,69.70%,46.60%,20,N/A,30,17.9%,15.0%,0%,0.00,0,0
Dutton,Montana,Teton County,311,984,83,35,48,12,77,186,40,42,28.5,9,15,23,49,19.21%,$44792,$610,$67900,N/A,N/A,71,4%,23%,24%,95,26 mins,2.40%,-2.70%,-20.70%,25.30%,68.10%,N/A,N/A,95.19%,N/A,None,N/A,N/A,3.9,69.30%,47.30%,13,N/A,N/A,13.1%,22.0%,2%,24.81,0,0
East Glacier Park Village,Montana,Glacier County,537,123,75,30,45,25,120,161,118,41,27.7,N/A,19,30,38,46.18%,$38500,$675,$127500,N/A,N/A,43,3%,18%,23%,97,14 mins,6.60%,-1.30%,-2.40%,61.50%,31.90%,N/A,N/A,47.42%,N/A,None,N/A,N/A,3.1,42.00%,62.80%,22,N/A,N/A,22.1%,18.1%,0.6%,31.80,0,0
East Helena,Montana,Lewis and Clark County,2265,564,84,33,51,11,87,188,32,40.7,28,6,12,18,40,21.02%,$44940,$814,$229000,N/A,N/A,55,6%,26%,32%,89,16 mins,2.40%,-1.60%,25.40%,41.00%,47.90%,N/A,N/A,87.45%,2.50%,Helena,N/A,N/A,3.9,64.00%,48.50%,44,N/A,39,3.3%,20.7%,0%,113.24,0,0
East Missoula,Montana,Missoula County,2047,1699,85,31,54,15,119,158,47,42.5,31.3,4,17,26,34,33.31%,$47957,$902,$261000,N/A,N/A,42,6%,28%,26%,79,18 mins,2.50%,0.30%,11.90%,51.90%,36.60%,N/A,N/A,96.07%,2.50%,Missoula,Mountain Standard Time,3361,3.1,73.50%,62.10%,15,N/A,39,10.8%,25.1%,3%,0.00,0,0
Edgar,Montana,Carbon County,95,143,86,35,51,14,71,201,43,41.8,28.5,6,12,19,54,N/A,$41979,N/A,$121800,N/A,N/A,78,3%,19%,24%,94,27 mins,2.60%,-0.60%,-39.50%,30.50%,62.60%,N/A,N/A,90.37%,N/A,Billings,Mountain Standard Time,3570,3.9,78.80%,50.60%,6,N/A,27,0%,16.2%,0%,0.00,0,0
Ekalaka,Montana,Carter County,386,375,85,31,54,16,77,219,35,45.9,30.4,11,15,24,59,17.26%,$37500,$583,$87600,N/A,N/A,62,5%,31%,23%,94,0 mins,1.90%,-1.60%,-6.50%,8.90%,86.30%,N/A,N/A,96.14%,N/A,None,N/A,N/A,3.8,48.40%,47.60%,24,N/A,43,8.5%,15.7%,0%,50.13,0,0
Elliston,Montana,Powell County,241,30,80,31,49,15,87,178,58,38.2,26.4,6,13,20,46,23.21%,$65357,$583,$175600,N/A,N/A,58,6%,31%,23%,93,21 mins,2.60%,-1.90%,23.00%,19.70%,72.60%,N/A,N/A,98.55%,N/A,None,N/A,N/A,3.7,70.80%,32.40%,15,N/A,24,6.1%,10.2%,0.4%,41.15,0,0
Elmo,Montana,Lake County,199,628,82,33,49,18,108,151,44,44.4,33.4,4,22,34,27,N/A,$27727,N/A,$140400,N/A,N/A,33,7%,29%,21%,88,19 mins,3.40%,2.40%,362.80%,36.20%,57.10%,N/A,N/A,33.94%,N/A,None,N/A,N/A,3.1,16.10%,54.90%,6,N/A,25,63%,N/A,0%,200.00,0,1
Emigrant,Montana,Park County,314,29,84,34,50,16,97,187,68,40.3,27.5,5,20,31,62,45.94%,$36667,$960,$163900,N/A,N/A,32,5%,29%,21%,97,25 mins,2.30%,2.20%,7.90%,38.40%,53.20%,N/A,N/A,100.00%,N/A,None,N/A,N/A,3.6,36.10%,76.10%,19,N/A,N/A,0%,10.8%,24.5%,82.64,0,0
Ennis,Montana,Madison County,806,1092,83,35,48,14,94,185,60,39.7,27.7,6,8,10,55,20.00%,$45288,$682,$180200,N/A,N/A,34,6%,30%,23%,98,21 mins,2.60%,-1.50%,-6.50%,24.90%,69.50%,N/A,N/A,94.82%,N/A,None,N/A,N/A,3.6,54.60%,64.70%,47,N/A,70,10.4%,18.1%,2.5%,90.60,0,0
Eureka,Montana,Lincoln County,1317,1275,83,29,54,17,103,152,49,44.8,32.1,4,9,17,57,14.24%,$21944,$734,$269500,N/A,N/A,54,14%,44%,41%,93,16 mins,5.00%,0.20%,10.10%,21.90%,72.10%,N/A,N/A,94.89%,3.40%,None,N/A,N/A,3,60.90%,53.80%,43,N/A,42,18.9%,19.3%,0%,115.76,0,0
Evaro,Montana,Missoula County,474,28,85,32,53,15,119,158,41,42.5,31.3,N/A,18,27,39,12.60%,$59125,$700,$242000,N/A,N/A,41,7%,27%,24%,89,18 mins,2.50%,0.30%,-0.60%,51.90%,36.60%,N/A,1.46%,71.43%,N/A,Missoula,Mountain Standard Time,3361,3.1,68.50%,65.30%,7,N/A,29,0%,14.5%,0%,0.00,0,0
Evergreen,Montana,Flathead County,7552,883,81,30,51,18,129,150,56,43.9,31.4,4,18,36,42,14.30%,$34951,$984,$202800,N/A,N/A,38,13%,41%,26%,78,19 mins,3.30%,2.20%,1.40%,28.00%,63.70%,N/A,N/A,89.64%,9.90%,Kalispell,N/A,N/A,3.2,72.90%,45.30%,42,N/A,N/A,3.7%,22.1%,2.5%,0.00,0,0
Fairfield,Montana,Teton County,715,2344,81,36,45,12,78,185,43,41.6,28.9,8,17,26,38,28.68%,$35250,$660,$158800,N/A,N/A,49,6%,25%,24%,93,18 mins,2.40%,-2.70%,28.80%,25.30%,68.10%,1.98%,N/A,93.74%,N/A,None,N/A,N/A,3.9,47.90%,49.70%,0,N/A,N/A,10.1%,12.0%,2.9%,18.28,0,0
Fairview,Montana,Richland County,816,1019,87,26,61,14,78,203,39,47.9,30,10,16,25,42,14.89%,$41458,$725,$174600,N/A,N/A,52,3%,18%,23%,93,16 mins,2.30%,-5.70%,-15.40%,13.80%,80.20%,N/A,N/A,93.80%,6.10%,None,N/A,N/A,3.7,58.10%,47.10%,43,N/A,43,0%,9.0%,1.2%,175.25,0,0
Fallon,Montana,Prairie County,65,13,87,28,59,13,55,201,22,46.2,29.9,10,17,26,56,5.00%,$38214,$740,$89300,N/A,N/A,78,6%,30%,24%,94,0 mins,3.30%,-3.70%,-9.70%,14.50%,80.70%,9.35%,N/A,87.85%,N/A,None,N/A,N/A,3.8,27.70%,58.00%,3,N/A,N/A,16.7%,9.0%,0%,105.26,0,0
Finley Point,Montana,Lake County,453,106,82,33,49,18,108,155,37,44.3,33.3,N/A,15,24,63,20.28%,$45156,$675,$796100,N/A,N/A,41,6%,28%,21%,89,19 mins,3.40%,2.40%,23.80%,36.20%,57.10%,N/A,N/A,92.49%,4.20%,None,N/A,N/A,3.1,23.50%,39.50%,0,N/A,17,8.7%,22.3%,3%,0.00,0,0
Flaxville,Montana,Daniels County,55,705,83,23,60,13,73,197,26,46.4,29.2,10,13,21,45,N/A,$50625,N/A,$88200,N/A,N/A,58,3%,22%,25%,97,0 mins,1.40%,-1.50%,-31.30%,17.50%,75.90%,N/A,N/A,100.00%,3.60%,None,N/A,N/A,3.8,20.00%,37.80%,11,N/A,N/A,0%,12.5%,17.6%,90.91,0,0
Florence,Montana,Ravalli County,591,770,86,33,53,15,117,158,34,43.7,32.3,4,11,17,41,31.00%,$50104,$754,$336500,N/A,N/A,34,8%,26%,21%,91,22 mins,3.00%,1.60%,-36.50%,27.60%,65.70%,N/A,N/A,96.11%,5.80%,None,N/A,N/A,3,55.80%,30.30%,35,N/A,61,15.1%,28.5%,0%,141.21,0,0
Forest Hill Village,Montana,Flathead County,237,154,81,30,51,18,129,151,56,43.9,31.4,N/A,23,37,52,N/A,$45096,N/A,$160500,N/A,N/A,47,12%,40%,26%,89,19 mins,3.30%,2.20%,16.20%,28.00%,63.70%,N/A,N/A,100.00%,N/A,Kalispell,N/A,N/A,3.2,43.60%,79.20%,9,N/A,23,0%,27.1%,0%,0.00,0,0
Forsyth,Montana,Rosebud County,1793,1556,87,35,52,14,76,201,31,44.5,29.7,9,15,23,41,12.38%,$41172,$565,$114700,N/A,N/A,55,2%,17%,24%,91,12 mins,4.50%,-2.20%,-0.30%,28.60%,65.20%,N/A,N/A,97.19%,4.50%,None,N/A,N/A,3.7,51.50%,45.50%,56,N/A,51,6.5%,19.1%,0.8%,60.27,0,0
Fort Belknap Agency,Montana,Blaine County,1388,31,86,31,55,12,68,194,21,43.3,28.1,10,23,35,26,15.28%,$29750,$388,$76400,N/A,N/A,39,3%,23%,24%,95,15 mins,2.80%,-1.10%,-4.60%,44.80%,47.20%,N/A,N/A,3.05%,5.50%,None,N/A,N/A,3.6,29.50%,61.80%,7,N/A,28,42.5%,10.6%,0.7%,0.00,N/A,0
Fort Benton,Montana,Chouteau County,1381,602,86,34,52,13,67,186,42,42.5,28.5,9,14,21,55,30.70%,$45000,$582,$157800,N/A,N/A,61,3%,22%,25%,94,17 mins,2.00%,-0.80%,-6.60%,28.10%,64.50%,N/A,N/A,98.42%,N/A,None,N/A,N/A,3.9,56.20%,42.00%,6,N/A,N/A,3.3%,17.8%,2.1%,54.13,0,0
Fort Peck,Montana,Valley County,218,244,87,26,61,12,80,201,28,45.3,29.3,10,14,21,56,23.64%,$64688,$683,$229600,N/A,N/A,50,7%,29%,23%,95,15 mins,2.50%,-2.50%,-4.00%,22.80%,69.30%,N/A,N/A,74.80%,N/A,None,N/A,N/A,3.6,55.10%,29.70%,0,N/A,13,0%,13.2%,0%,49.75,N/A,0
Fort Shaw,Montana,Cascade County,177,31,83,36,47,12,80,185,41,42,28.9,8,14,21,54,N/A,$62667,N/A,$213700,N/A,N/A,46,3%,18%,23%,92,15 mins,2.80%,-0.40%,-57.60%,35.20%,56.80%,N/A,N/A,93.10%,N/A,Great Falls,Mountain Standard Time,3670,3.8,77.60%,10.10%,3,N/A,N/A,0%,15.5%,0%,33.33,0,0
Fort Smith,Montana,Big Horn County,115,83,88,37,51,16,81,206,51,43.6,30,7,18,29,61,N/A,$15536,N/A,$83000,N/A,N/A,34,3%,20%,15%,95,18 mins,6.20%,-1.30%,-33.90%,49.40%,43.70%,N/A,N/A,100.00%,N/A,None,N/A,N/A,3.7,26.50%,49.00%,1,N/A,2,20.7%,9.0%,0%,0.00,N/A,0
Fortine,Montana,Lincoln County,328,46,83,28,55,17,102,152,53,44.4,31.6,4,16,25,43,19.22%,$25625,$747,$222200,N/A,N/A,28,14%,46%,40%,93,16 mins,5.00%,0.20%,5.10%,21.90%,72.10%,1.19%,N/A,98.81%,2.10%,None,N/A,N/A,3,51.90%,46.10%,13,N/A,8,4.3%,27.1%,3.4%,65.08,N/A,0
Four Corners,Montana,Gallatin County,4051,379,84,34,50,17,112,187,62,40.2,27.2,N/A,14,29,35,52.14%,$73986,$1102,$430800,N/A,N/A,17,9%,45%,33%,93,19 mins,1.60%,2.60%,42.80%,45.10%,44.20%,N/A,N/A,97.21%,4.00%,Bozeman,N/A,N/A,3.8,80.00%,31.90%,34,11,N/A,5.5%,18.1%,3.3%,0.00,N/A,0
Fox Lake,Montana,Richland County,72,17,86,28,58,14,72,205,32,47.1,29.8,10,14,22,49,35.38%,$78438,$468,$172500,N/A,N/A,52,3%,18%,23%,92,16 mins,2.30%,-5.70%,-66.40%,13.80%,80.20%,N/A,N/A,100.00%,N/A,None,N/A,N/A,3.7,26.40%,44.80%,20,N/A,33,0%,9.0%,0%,0.00,N/A,0
Frazer,Montana,Valley County,313,193,88,27,61,13,68,197,26,46.1,29.2,10,23,36,25,10.12%,$29167,$304,$26100,N/A,N/A,50,7%,29%,23%,93,15 mins,2.50%,-2.50%,8.30%,22.80%,69.30%,N/A,N/A,4.94%,N/A,None,N/A,N/A,3.6,30.80%,74.40%,5,N/A,N/A,36.2%,13.8%,0.6%,77.82,N/A,0
Frenchtown,Montana,Missoula County,2122,315,85,32,53,16,122,158,42,43,32,4,11,17,39,21.46%,$69136,$852,$390500,N/A,N/A,25,11%,30%,26%,86,18 mins,2.50%,0.30%,82.60%,51.90%,36.60%,N/A,1.23%,95.69%,1.90%,Missoula,Mountain Standard Time,3361,3.1,84.70%,24.90%,0,N/A,6,0%,19.0%,1.8%,44.70,0,0
Froid,Montana,Roosevelt County,228,365,85,24,61,14,69,206,32,47.6,29.5,10,15,24,40,28.48%,$36563,$1042,$88000,N/A,N/A,64,5%,31%,23%,94,14 mins,4.20%,-1.20%,32.60%,42.70%,49.20%,N/A,N/A,98.30%,23.20%,None,N/A,N/A,3.7,40.80%,49.00%,30,N/A,N/A,8%,9.0%,10.7%,227.27,0,0
Fromberg,Montana,Carbon County,437,984,86,35,51,14,75,205,42,41.6,28.3,6,6,10,54,19.61%,$39167,$796,$97500,N/A,N/A,58,3%,19%,24%,94,27 mins,2.60%,-0.60%,-38.20%,30.50%,62.60%,N/A,N/A,100.00%,5.50%,Billings,Mountain Standard Time,3570,3.9,77.50%,35.60%,23,N/A,32,1.8%,17.4%,0%,49.67,N/A,0
Gallatin Gateway,Montana,Gallatin County,892,153,81,31,50,19,118,187,56,40.2,27.2,5,14,22,41,42.00%,$58333,$957,$593600,N/A,N/A,30,10%,50%,23%,96,25 mins,1.60%,2.60%,-2.10%,45.10%,44.20%,N/A,N/A,91.86%,N/A,Bozeman,N/A,N/A,3.8,57.20%,39.90%,29,N/A,34,3.2%,17.0%,0%,52.85,N/A,0
Gallatin River Ranch,Montana,Gallatin County,105,15,86,33,53,15,97,187,41,40.2,27.2,N/A,9,14,66,N/A,$96964,N/A,$1149300,N/A,N/A,14,9%,46%,35%,94,17 mins,1.60%,2.60%,18.00%,45.10%,44.20%,N/A,N/A,96.58%,N/A,Bozeman,N/A,N/A,3.8,91.10%,0.00%,0,N/A,1,0%,23.4%,0%,0.00,N/A,0
Gardiner,Montana,Park County,1046,181,76,26,50,22,138,191,157,35.6,23.7,6,17,26,43,44.91%,$49236,$690,$322100,N/A,N/A,34,6%,29%,22%,96,25 mins,2.30%,2.20%,23.10%,38.40%,53.20%,N/A,N/A,90.67%,5.60%,None,N/A,N/A,3.6,33.40%,45.10%,N/A,N/A,N/A,0.8%,12.0%,5.6%,0.00,N/A,0
Garrison,Montana,Powell County,56,6,81,32,49,14,99,184,70,39.9,27.7,6,16,26,43,3.92%,$39375,$413,$230200,N/A,N/A,68,6%,31%,24%,93,21 mins,2.60%,-1.90%,-57.60%,19.70%,72.60%,N/A,N/A,100.00%,1.80%,None,N/A,N/A,3.7,25.00%,46.80%,0,N/A,N/A,23.1%,9.0%,0%,74.63,N/A,0
Geraldine,Montana,Chouteau County,226,394,85,35,50,15,92,182,47,42.3,28.6,9,17,27,55,21.62%,$30741,$625,$80700,N/A,N/A,62,3%,21%,23%,95,17 mins,2.00%,-0.80%,-3.40%,28.10%,64.50%,N/A,N/A,97.77%,N/A,None,N/A,N/A,3.9,60.60%,48.30%,5,N/A,N/A,8.8%,15.0%,2.5%,118.58,N/A,0
Geyser,Montana,Judith Basin County,108,121,81,36,45,21,94,186,105,41.8,28.2,7,20,31,55,17.53%,$30938,$925,$176200,N/A,N/A,55,6%,32%,24%,98,16 mins,2.10%,-1.80%,500.00%,19.50%,72.20%,N/A,N/A,100.00%,19.40%,None,N/A,N/A,3.9,71.10%,51.10%,4,N/A,N/A,6.9%,37.9%,0%,0.00,N/A,0
Gibson Flats,Montana,Cascade County,269,89,85,36,49,14,90,185,58,41.4,28.5,N/A,9,14,46,N/A,$0,N/A,$306000,N/A,N/A,42,3%,18%,23%,87,15 mins,2.80%,-0.40%,65.00%,35.20%,56.80%,N/A,N/A,62.50%,N/A,Great Falls,Mountain Standard Time,3670,3.8,100.00%,10.30%,0,N/A,26,0%,28.2%,0%,0.00,N/A,0
Gildford,Montana,Hill County,135,119,85,31,54,11,57,185,23,42.8,28,9,14,21,58,N/A,$38250,N/A,$109900,N/A,N/A,68,4%,28%,23%,96,11 mins,3.40%,1.10%,-8.20%,36.80%,54.00%,N/A,N/A,98.83%,N/A,None,N/A,N/A,3.8,72.00%,45.10%,3,N/A,N/A,0%,14.7%,0%,0.00,N/A,0
Glasgow,Montana,Valley County,3361,2396,87,25,62,12,82,196,32,45.6,29.3,10,11,23,38,26.92%,$49708,$558,$139700,N/A,N/A,56,7%,29%,23%,85,15 mins,2.50%,-2.50%,4.70%,22.80%,69.30%,N/A,N/A,94.17%,3.50%,None,N/A,N/A,3.6,67.20%,45.00%,70,N/A,56,1.9%,14.0%,1.4%,76.50,N/A,0
Glendive,Montana,Dawson County,5285,1521,88,29,59,14,74,202,23,46.7,30.2,10,13,37,37,23.85%,$40673,$798,$178500,N/A,N/A,62,6%,29%,23%,88,15 mins,1.90%,-2.70%,7.90%,17.80%,75.30%,N/A,1.37%,94.42%,3.80%,None,N/A,N/A,3.5,54.60%,42.70%,60,N/A,53,5%,15.0%,0.5%,68.14,N/A,0
Grass Range,Montana,Fergus County,110,786,84,37,47,15,83,195,48,42.4,28.4,9,16,26,53,14.44%,$27188,$567,$47300,N/A,N/A,50,6%,31%,23%,97,12 mins,2.30%,-1.10%,-26.20%,20.60%,73.10%,N/A,N/A,95.00%,18.20%,None,N/A,N/A,3.7,67.90%,53.80%,13,N/A,N/A,11.5%,12.9%,0.8%,0.00,N/A,0
Great Falls,Montana,Cascade County,59144,2576,85,36,49,14,90,188,58,42.2,29,9,21,65,39,25.38%,$43374,$729,$201100,N/A,N/A,54,2%,17%,24%,80,13 mins,2.90%,-0.40%,2.20%,35.20%,56.80%,N/A,N/A,86.86%,4.20%,Great Falls,Mountain Standard Time,3670,3.8,57.10%,48.90%,44,N/A,47,10.3%,17.1%,2.2%,39.07,0,0
Greycliff,Montana,Sweet Grass County,76,150,87,37,50,15,76,201,38,42.2,28.7,8,19,29,38,N/A,$31875,N/A,$163400,N/A,N/A,42,6%,29%,24%,95,22 mins,2.30%,0.50%,2.70%,19.10%,75.70%,7.23%,N/A,77.11%,7.90%,None,N/A,N/A,3.6,51.90%,36.50%,2,N/A,N/A,6.5%,12.5%,6.2%,107.53,N/A,0
Hamilton,Montana,Ravalli County,4570,1885,84,33,51,13,106,158,32,43,31.7,4,26,51,49,32.29%,$27118,$754,$176900,N/A,N/A,36,10%,25%,22%,85,22 mins,3.00%,1.60%,5.60%,27.60%,65.70%,N/A,N/A,95.85%,2.80%,None,N/A,N/A,3,40.70%,53.50%,84,N/A,77,7.3%,23.7%,1.3%,97.88,0,0
Happys Inn,Montana,Lincoln County,120,12,85,32,53,20,128,152,49,44.5,32.4,N/A,13,21,61,N/A,$0,N/A,$517300,N/A,N/A,19,15%,44%,42%,92,16 mins,5.00%,0.20%,18.80%,21.90%,72.10%,N/A,N/A,100.00%,N/A,None,N/A,N/A,3,29.20%,39.20%,0,N/A,26,0%,9.0%,0%,0.00,0,0
Hardin,Montana,Big Horn County,3812,1284,90,36,54,13,72,206,44,43.5,29.4,8,22,45,30,24.62%,$37026,$621,$133700,N/A,N/A,50,3%,21%,16%,87,18 mins,6.20%,-1.30%,10.50%,49.40%,43.70%,N/A,N/A,45.51%,10.50%,None,N/A,N/A,3.7,47.30%,47.60%,61,N/A,55,21.6%,14.0%,1.5%,59.83,0,0
Harlem,Montana,Blaine County,814,1947,86,31,55,12,68,198,21,43,28,10,20,31,29,23.99%,$35417,$607,$71500,N/A,N/A,50,3%,23%,24%,95,15 mins,2.80%,-1.10%,-8.30%,44.80%,47.20%,N/A,N/A,37.93%,1.80%,None,N/A,N/A,3.6,50.00%,56.20%,28,N/A,49,17.9%,14.7%,1.1%,135.29,0,0
Harlowton,Montana,Wheatland County,998,1594,83,35,48,14,73,196,43,42,28.5,8,19,30,43,17.36%,$31889,$613,$99900,N/A,N/A,75,6%,30%,25%,98,0 mins,3.00%,-1.50%,12.40%,18.90%,74.20%,N/A,N/A,95.21%,4.80%,None,N/A,N/A,3.7,53.00%,60.10%,48,N/A,35,9.7%,17.8%,3.5%,54.53,0,0
Harrison,Montana,Madison County,182,802,83,35,48,16,94,186,60,41,28.1,6,18,28,48,N/A,$35208,N/A,$66800,N/A,N/A,40,6%,32%,23%,97,21 mins,2.60%,-1.50%,-29.20%,24.90%,69.50%,N/A,N/A,100.00%,N/A,None,N/A,N/A,3.6,60.90%,50.80%,14,N/A,31,30%,17.3%,0%,45.87,N/A,1
Havre,Montana,Hill County,9763,2632,85,29,56,12,84,182,33,43.2,28.6,9,40,57,34,26.37%,$44601,$665,$179800,N/A,N/A,60,4%,28%,24%,88,11 mins,3.40%,1.10%,5.40%,36.80%,54.00%,N/A,N/A,81.30%,3.90%,None,N/A,N/A,3.8,53.90%,54.20%,81,N/A,52,13.6%,18.1%,1.4%,31.83,0,0
Havre North,Montana,Hill County,720,215,85,29,56,12,84,183,33,42.9,28.2,N/A,19,30,43,31.76%,$33173,$497,$104400,N/A,N/A,43,4%,27%,23%,87,11 mins,3.40%,1.10%,-2.20%,36.80%,54.00%,N/A,N/A,85.02%,N/A,None,N/A,N/A,3.8,48.90%,54.60%,19,N/A,12,24.5%,15.0%,0%,0.00,N/A,0
Hays,Montana,Blaine County,1006,37,81,34,47,14,72,192,34,42.6,28.2,10,23,36,26,15.42%,$25833,$429,$57000,N/A,N/A,41,3%,23%,24%,97,15 mins,2.80%,-1.10%,60.20%,44.80%,47.20%,N/A,N/A,5.59%,1.00%,None,N/A,N/A,3.6,44.10%,60.70%,0,N/A,N/A,42.6%,10.6%,0.3%,85.59,0,0
Heart Butte,Montana,Pondera County,566,124,77,33,44,25,94,175,76,41.5,28.2,10,23,35,27,8.71%,$21964,$392,$59400,N/A,N/A,36,1%,21%,24%,97,14 mins,3.20%,-2.50%,-7.10%,27.10%,66.10%,N/A,N/A,1.67%,5.10%,None,N/A,N/A,3.9,38.30%,67.90%,11,N/A,N/A,43.6%,10.4%,1.1%,76.05,N/A,0
Hebgen Lake Estates,Montana,Gallatin County,123,668,78,24,54,25,107,187,166,40.2,27.2,N/A,12,18,47,N/A,$80083,N/A,$287900,N/A,N/A,19,9%,47%,36%,96,17 mins,1.60%,2.60%,86.40%,45.10%,44.20%,19.75%,N/A,80.25%,N/A,Bozeman,N/A,N/A,3.8,50.60%,21.50%,0,N/A,49,0%,14.6%,30.7%,0.00,0,0
Helena,Montana,Lewis and Clark County,30345,1817,83,32,51,13,90,189,42,41.8,28.7,6,27,57,40,47.89%,$50311,$820,$358000,1854,$193,47,7%,25%,28%,83,12 mins,2.30%,-1.60%,9.70%,41.00%,47.90%,N/A,N/A,93.71%,3.80%,Helena,N/A,N/A,3.9,50.50%,56.90%,50,N/A,44,11%,16.7%,1.4%,73.11,0,0
Helena Flats,Montana,Flathead County,981,116,81,30,51,18,129,151,56,43.9,31.4,N/A,14,21,38,21.06%,$57778,$917,$349200,N/A,N/A,32,12%,40%,27%,87,19 mins,3.30%,2.20%,-2.10%,28.00%,63.70%,N/A,N/A,87.11%,3.30%,Kalispell,N/A,N/A,3.2,74.90%,44.30%,1,N/A,33,6.4%,18.3%,3.5%,0.00,0,0
Helena Valley Northeast,Montana,Lewis and Clark County,3232,70,85,34,51,12,88,188,32,40.7,28,N/A,14,29,49,37.67%,$60025,$677,$357600,N/A,N/A,21,8%,26%,31%,91,16 mins,2.40%,-1.60%,22.00%,41.00%,47.90%,N/A,N/A,95.22%,3.10%,Helena,N/A,N/A,3.9,84.10%,40.20%,4,N/A,24,1%,16.7%,1.9%,0.00,0,0
Helena Valley Northwest,Montana,Lewis and Clark County,3949,241,85,34,51,12,88,184,32,40.7,28,N/A,14,28,32,35.50%,$75833,$1148,$271300,N/A,N/A,18,7%,26%,30%,93,21 mins,2.40%,-1.60%,20.90%,41.00%,47.90%,N/A,N/A,97.20%,1.90%,Helena,N/A,N/A,3.9,88.60%,35.40%,0,N/A,23,0.7%,18.1%,0.6%,0.00,0,0
Helena Valley Southeast,Montana,Lewis and Clark County,7517,526,85,33,52,11,88,183,32,42.1,29,N/A,19,38,32,22.03%,$54386,$854,$210100,N/A,N/A,31,8%,26%,31%,90,18 mins,2.40%,-1.60%,-5.10%,41.00%,47.90%,N/A,N/A,95.80%,N/A,Helena,N/A,N/A,3.9,76.80%,49.40%,9,N/A,27,11.6%,17.1%,0.4%,0.00,0,0
Helena Valley West Central,Montana,Lewis and Clark County,8622,327,85,34,51,12,88,189,32,42.3,29.1,N/A,14,28,41,33.80%,$62138,$1007,$280500,N/A,N/A,33,7%,26%,29%,89,17 mins,2.40%,-1.60%,5.20%,41.00%,47.90%,1.21%,N/A,90.36%,1.60%,Helena,N/A,N/A,3.9,82.50%,34.10%,0,N/A,2,4.3%,15.7%,2%,0.00,0,0
Helena West Side,Montana,Lewis and Clark County,1286,90,84,32,52,12,89,184,39,42,28.9,N/A,13,21,55,35.25%,$51750,$1090,$232600,N/A,N/A,45,8%,26%,29%,89,16 mins,2.40%,-1.60%,-8.90%,41.00%,47.90%,N/A,N/A,92.78%,5.20%,Helena,N/A,N/A,3.9,69.20%,39.10%,6,N/A,N/A,0%,17.1%,2.3%,0.00,0,0
Heron,Montana,Sanders County,194,38,81,32,49,31,141,166,66,44.3,34.5,4,14,22,57,N/A,$42500,N/A,$140100,N/A,N/A,38,5%,31%,24%,90,19 mins,4.30%,1.60%,-17.50%,20.50%,72.00%,N/A,N/A,100.00%,N/A,None,N/A,N/A,3.2,63.30%,42.00%,15,N/A,32,14.3%,22.5%,0%,66.67,0,0
Herron,Montana,Hill County,168,36,85,29,56,12,84,185,33,42.9,28.2,N/A,13,21,19,N/A,$46750,N/A,$104700,N/A,N/A,48,4%,26%,24%,95,11 mins,3.40%,1.10%,10.50%,36.80%,54.00%,N/A,N/A,31.75%,63.10%,None,N/A,N/A,3.8,73.30%,59.50%,0,N/A,25,0%,21.5%,10%,0.00,0,0
Highwood,Montana,Chouteau County,206,45,86,37,49,14,85,185,81,42,28.6,9,17,26,40,26.47%,$51397,$850,$124200,N/A,N/A,49,3%,22%,23%,95,17 mins,2.00%,-0.80%,21.20%,28.10%,64.50%,1.99%,N/A,91.04%,N/A,None,N/A,N/A,3.9,73.10%,55.80%,11,N/A,18,3.7%,15.6%,1%,0.00,0,0
Hingham,Montana,Hill County,82,477,85,32,53,11,56,185,20,42.8,28,9,14,22,55,N/A,$46250,N/A,$77700,N/A,N/A,54,4%,27%,24%,96,11 mins,3.40%,1.10%,-27.40%,36.80%,54.00%,N/A,N/A,96.00%,7.30%,None,N/A,N/A,3.8,64.50%,42.30%,0,N/A,N/A,0%,14.5%,0%,0.00,0,0
Hinsdale,Montana,Valley County,224,35,85,26,59,13,72,197,24,44.7,28.6,10,16,25,48,25.71%,$50625,$545,$105900,N/A,N/A,61,7%,29%,24%,95,15 mins,2.50%,-2.50%,-5.90%,22.80%,69.30%,N/A,N/A,92.56%,N/A,None,N/A,N/A,3.6,52.00%,52.10%,12,N/A,N/A,13.8%,21.1%,2.8%,0.00,0,0
Hobson,Montana,Judith Basin County,210,981,81,36,45,15,92,189,54,41.4,28.2,9,15,23,49,20.23%,$51250,$604,$114700,N/A,N/A,54,6%,31%,24%,98,16 mins,2.10%,-1.80%,2.90%,19.50%,72.20%,N/A,N/A,87.61%,1.00%,None,N/A,N/A,3.9,75.00%,39.10%,20,N/A,32,10.4%,16.3%,0%,43.10,0,1
Hot Springs,Montana,Sanders County,476,1240,84,33,51,16,109,159,39,42.3,32.1,4,32,28,57,18.87%,$22778,$517,$102500,N/A,N/A,62,6%,30%,24%,92,19 mins,4.30%,1.60%,-20.40%,20.50%,72.00%,N/A,N/A,92.65%,5.00%,None,N/A,N/A,3.2,43.50%,59.00%,52,N/A,N/A,27.2%,20.4%,4%,60.15,0,0
Hungry Horse,Montana,Flathead County,518,361,81,30,51,23,138,151,74,42.6,30.4,4,20,30,52,25.18%,$20573,$1059,$84800,N/A,N/A,37,12%,39%,26%,91,19 mins,3.30%,2.20%,-43.60%,28.00%,63.70%,N/A,N/A,92.27%,N/A,Kalispell,N/A,N/A,3.2,38.20%,57.10%,34,N/A,53,38.2%,40.8%,0%,25.04,0,0
Huntley,Montana,Yellowstone County,473,311,88,37,51,14,78,201,44,42.5,29,8,9,15,43,N/A,$39591,N/A,$262900,N/A,N/A,43,4%,12%,22%,89,18 mins,2.80%,-0.30%,8.50%,31.50%,58.10%,N/A,N/A,100.00%,9.50%,Billings,Mountain Standard Time,3570,3.8,79.40%,15.30%,15,N/A,40,0%,21.6%,0%,110.50,0,0
Huson,Montana,Missoula County,15,20,85,32,53,16,121,158,42,42.5,31.9,4,19,29,6,N/A,$0,N/A,$375600,N/A,N/A,38,5%,24%,20%,86,18 mins,2.50%,0.30%,-82.40%,51.90%,36.60%,N/A,N/A,100.00%,N/A,Missoula,Mountain Standard Time,3361,3.1,51.40%,100.00%,6,N/A,27,N/A,N/A,0%,1,0,0
Hysham,Montana,Treasure County,343,1566,88,35,53,14,74,201,38,43.7,29.4,9,14,22,47,16.51%,$35000,$630,$84600,N/A,N/A,47,6%,32%,25%,91,0 mins,1.70%,-1.80%,-15.10%,13.30%,79.20%,7.43%,N/A,89.59%,5.50%,None,N/A,N/A,3.8,71.70%,32.40%,18,N/A,43,9.7%,15.8%,2.4%,62.11,0,0
Indian Springs,Montana,Lincoln County,97,22,83,29,54,17,103,152,49,44.5,32.4,N/A,19,29,6,N/A,$132813,N/A,$173400,N/A,N/A,36,14%,44%,42%,93,16 mins,5.00%,0.20%,38.60%,21.90%,72.10%,N/A,N/A,N/A,N/A,None,N/A,N/A,3,0.56229,100.00%,0,N/A,28,0%,N/A,0%,0.00,0,0
Inverness,Montana,Hill County,113,29,83,31,52,11,60,185,22,42.8,28.1,9,18,27,17,N/A,$37500,N/A,$32900,N/A,N/A,40,4%,26%,23%,96,11 mins,3.40%,1.10%,151.10%,36.80%,54.00%,N/A,N/A,100.00%,N/A,None,N/A,N/A,3.8,56.70%,35.10%,12,N/A,30,0%,9.0%,0%,0.00,0,0
Ismay,Montana,Custer County,13,31,88,30,58,14,80,207,28,45.6,30.1,11,13,20,40,N/A,$34375,N/A,$144300,N/A,N/A,12,0%,17%,24%,92,12 mins,2.30%,-2.70%,-61.80%,22.70%,70.50%,N/A,N/A,N/A,N/A,None,N/A,N/A,3.6,0.00%,20.00%,10,N/A,N/A,N/A,N/A,N/A,312.50,0,0
Jardine,Montana,Park County,38,3,76,26,50,22,138,187,157,38.2,25.7,6,12,19,53,N/A,$57188,N/A,$344100,N/A,N/A,36,6%,29%,23%,96,25 mins,2.30%,2.20%,-58.70%,38.40%,53.20%,N/A,N/A,71.05%,N/A,None,N/A,N/A,3.6,11.10%,31.60%,0,N/A,N/A,0%,9.0%,0%,0.00,0,0
Jefferson City,Montana,Jefferson County,654,28,85,34,51,11,88,186,32,39.5,27,5,14,22,40,22.91%,$84917,$547,$181800,N/A,N/A,25,6%,32%,24%,95,20 mins,2.50%,-1.70%,75.30%,29.80%,62.20%,N/A,N/A,97.25%,6.90%,Helena,N/A,N/A,3.6,67.00%,43.20%,0,N/A,24,0%,22.2%,0%,61.48,0,0
Jette,Montana,Lake County,163,264,82,33,49,18,108,154,37,44.3,33.3,N/A,14,22,70,9.09%,$53920,$1078,$223000,N/A,N/A,42,6%,29%,21%,88,19 mins,3.40%,2.40%,-48.10%,36.20%,57.10%,N/A,N/A,77.62%,N/A,None,N/A,N/A,3.1,14.20%,28.20%,0,N/A,25,0%,25.6%,0%,0.00,0,1
Joliet,Montana,Carbon County,488,1781,86,35,51,14,77,199,43,41.6,28.1,6,10,13,45,16.50%,$35547,$821,$105800,N/A,N/A,74,3%,19%,23%,93,27 mins,2.60%,-0.60%,-23.90%,30.50%,62.60%,N/A,N/A,97.66%,8.00%,Billings,Mountain Standard Time,3570,3.9,67.90%,52.80%,20,N/A,38,18.3%,17.6%,0%,32.41,0,0
Joplin,Montana,Liberty County,212,168,83,31,52,11,60,185,32,42.8,28.2,9,12,19,46,N/A,$29659,N/A,$107900,N/A,N/A,49,6%,31%,24%,96,0 mins,2.00%,-1.20%,53.60%,21.40%,72.60%,N/A,N/A,100.00%,N/A,None,N/A,N/A,3.7,81.40%,32.40%,0,N/A,N/A,0%,21.1%,0%,0.00,0,0
Jordan,Montana,Garfield County,351,1006,87,30,57,13,66,197,31,43.8,28.8,10,13,20,55,11.88%,$38750,$566,$82200,N/A,N/A,45,6%,31%,23%,95,0 mins,1.70%,0.40%,-30.10%,4.70%,90.90%,N/A,1.58%,98.42%,N/A,None,N/A,N/A,3.7,57.60%,40.40%,36,N/A,44,0%,9.0%,0%,25.91,0,0
Judith Gap,Montana,Wheatland County,76,229,81,35,46,17,73,199,74,40.8,27.8,8,13,20,64,13.64%,$19091,$625,$72600,N/A,N/A,45,6%,31%,24%,98,0 mins,3.00%,-1.50%,-53.90%,18.90%,74.20%,N/A,N/A,100.00%,N/A,None,N/A,N/A,3.7,56.60%,32.40%,11,N/A,N/A,3.4%,13.8%,2.2%,0.00,0,0
Kalispell,Montana,Flathead County,21992,1833,81,30,51,18,129,151,56,44.9,33,4,19,69,34,30.02%,$40511,$805,$270600,N/A,N/A,37,8%,36%,31%,68,15 mins,3.30%,2.20%,14.00%,28.00%,63.70%,1.40%,1.11%,93.50%,3.40%,Kalispell,N/A,N/A,3.2,56.60%,50.80%,41,N/A,48,7.1%,19.5%,1.9%,78.11,0,0
Kerr,Montana,Lake County,107,118,82,33,49,18,108,154,37,44.3,33.3,N/A,12,19,69,N/A,$85052,N/A,$387600,N/A,N/A,23,6%,28%,21%,88,19 mins,3.40%,2.40%,-46.80%,36.20%,57.10%,N/A,N/A,100.00%,N/A,None,N/A,N/A,3.1,100.00%,47.70%,0,N/A,N/A,0%,21.1%,0%,0.00,0,0
Kevin,Montana,Toole County,115,319,82,32,50,12,63,188,38,43,28.4,9,20,30,47,1.01%,$31875,$433,$42400,N/A,N/A,64,3%,19%,25%,97,14 mins,2.10%,-4.60%,-9.50%,19.70%,73.50%,N/A,N/A,92.81%,N/A,None,N/A,N/A,3.8,56.80%,56.10%,0,N/A,N/A,3.2%,13.8%,1.6%,0.00,0,1
Kicking Horse,Montana,Lake County,47,19,84,34,50,16,108,155,35,44.3,33.3,N/A,9,14,40,N/A,$50938,N/A,$281300,N/A,N/A,24,6%,29%,22%,92,19 mins,3.40%,2.40%,-72.20%,36.20%,57.10%,N/A,N/A,82.22%,N/A,None,N/A,N/A,3.1,58.80%,0.00%,0,N/A,27,0%,12.8%,0%,0.00,0,0
Kila,Montana,Flathead County,346,87,80,30,50,18,128,151,56,44.2,32,4,13,21,57,25.18%,$41944,$633,$323200,N/A,N/A,33,12%,39%,27%,90,19 mins,3.30%,2.20%,-19.20%,28.00%,63.70%,N/A,N/A,80.52%,N/A,Kalispell,N/A,N/A,3.2,80.30%,36.20%,12,N/A,46,3.3%,17.7%,0.6%,123.20,N/A,0
King Arthur Park,Montana,Gallatin County,1125,2489,84,34,50,17,112,187,62,40.2,27.2,N/A,13,21,27,47.55%,$58015,$1429,$299900,N/A,N/A,15,9%,46%,33%,87,17 mins,1.60%,2.60%,99.80%,45.10%,44.20%,N/A,N/A,96.68%,2.00%,Bozeman,N/A,N/A,3.8,64.80%,48.40%,2,N/A,31,0%,30.4%,1%,0.00,N/A,0
Kings Point,Montana,Lake County,109,81,82,33,49,18,108,154,37,44.3,33.3,N/A,15,25,54,34.54%,$66750,$1030,$588800,N/A,N/A,24,7%,29%,22%,88,19 mins,3.40%,2.40%,-78.90%,36.20%,57.10%,N/A,N/A,49.78%,N/A,None,N/A,N/A,3.1,13.20%,67.00%,0,N/A,N/A,0%,13.9%,0%,0.00,0,1
Klein,Montana,Musselshell County,112,9,88,37,51,14,74,201,33,42.7,28.7,10,16,24,66,N/A,$54595,N/A,$63900,N/A,N/A,78,3%,19%,24%,94,0 mins,3.30%,-0.30%,-71.40%,13.60%,80.60%,N/A,N/A,100.00%,N/A,None,N/A,N/A,3.8,36.60%,35.30%,0,N/A,19,0%,18.3%,0%,0.00,0,0
Kremlin,Montana,Hill County,98,222,85,30,55,12,75,185,28,42.8,28.2,9,15,23,51,N/A,$24861,N/A,$101100,N/A,N/A,44,4%,28%,23%,96,11 mins,3.40%,1.10%,-26.30%,36.80%,54.00%,N/A,N/A,100.00%,N/A,None,N/A,N/A,3.8,75.00%,35.80%,0,N/A,N/A,8%,13.2%,0%,204.08,0,0
Lake Mary Ronan,Montana,Lake County,85,81,80,31,49,18,112,154,56,43.5,31.8,4,16,24,64,N/A,$19943,N/A,$336400,N/A,N/A,37,7%,30%,21%,89,19 mins,3.40%,2.40%,226.90%,36.20%,57.10%,N/A,N/A,100.00%,N/A,None,N/A,N/A,3.1,17.40%,35.30%,1,N/A,37,39.3%,9.0%,0%,0.00,0,1
Lakeside,Montana,Flathead County,2459,175,80,31,49,20,122,151,48,44.7,33.2,4,16,24,53,38.80%,$56750,$599,$400900,N/A,N/A,29,14%,36%,12%,89,19 mins,3.30%,2.20%,52.90%,28.00%,63.70%,N/A,N/A,97.87%,1.20%,Kalispell,N/A,N/A,3.2,59.70%,43.20%,33,N/A,20,9.4%,21.8%,1%,17.51,0,0
Lame Deer,Montana,Rosebud County,2188,39,88,35,53,15,74,205,48,43.8,29.5,8,23,35,27,14.18%,$26452,$643,$46800,N/A,N/A,40,2%,16%,23%,87,9 mins,4.50%,-2.20%,3.50%,28.60%,65.20%,N/A,N/A,3.64%,3.70%,None,N/A,N/A,3.7,45.80%,59.60%,29,N/A,N/A,33.2%,9.0%,0.1%,78.05,0,0
Laurel,Montana,Yellowstone County,6885,3190,87,35,52,14,94,203,48,42.3,28.8,8,16,34,39,18.63%,$45286,$832,$228500,N/A,N/A,44,6%,18%,26%,84,21 mins,2.80%,-0.30%,4.00%,31.50%,58.10%,N/A,N/A,97.88%,2.60%,Billings,Mountain Standard Time,3570,3.8,64.90%,42.30%,72,N/A,52,4.3%,17.4%,0.5%,48.79,0,0
Lavina,Montana,Golden Valley County,222,220,86,37,49,15,76,203,43,41.4,28,10,18,28,45,21.74%,$38125,$839,$82700,N/A,N/A,66,1%,15%,23%,96,25 mins,2.70%,-1.10%,3.70%,15.00%,77.00%,N/A,N/A,86.11%,N/A,Billings,Mountain Standard Time,3570,3.8,53.80%,41.80%,21,N/A,30,19%,16.4%,0%,121.21,0,0
Lewistown,Montana,Fergus County,5942,1038,81,35,46,16,103,196,72,42,28.4,9,23,23,43,27.15%,$38438,$783,$133700,N/A,N/A,67,6%,30%,24%,92,12 mins,2.30%,-1.10%,-0.20%,20.60%,73.10%,N/A,N/A,92.47%,2.90%,None,N/A,N/A,3.7,60.30%,49.40%,28,N/A,33,9.1%,18.2%,1.5%,49.18,0,1
Lewistown Heights,Montana,Fergus County,600,255,81,35,46,16,103,196,72,41.7,28.1,N/A,16,25,23,N/A,$43750,N/A,$101400,N/A,N/A,40,5%,30%,24%,92,12 mins,2.30%,-1.10%,77.50%,20.60%,73.10%,N/A,N/A,100.00%,N/A,None,N/A,N/A,3.7,100.00%,50.50%,8,N/A,26,0%,13.6%,0%,0.00,0,0
Libby,Montana,Lincoln County,2664,1422,85,32,53,20,128,152,49,45.5,34.3,4,16,44,50,15.74%,$25797,$631,$106500,N/A,N/A,61,15%,44%,41%,54,16 mins,5.00%,0.20%,-0.60%,21.90%,72.10%,N/A,1.18%,92.49%,2.90%,None,N/A,N/A,3,51.90%,53.50%,9,N/A,27,11.5%,20.9%,2%,183.73,0,0
Lima,Montana,Beaverhead County,151,276,80,27,53,12,83,177,55,34.3,23.5,6,16,25,56,N/A,$26964,N/A,$127400,N/A,N/A,78,6%,30%,24%,97,14 mins,2.20%,0.10%,-35.50%,23.60%,69.10%,N/A,N/A,94.44%,N/A,None,N/A,N/A,4.1,59.50%,31.90%,23,N/A,33,30.8%,16.3%,0%,74.63,0,2
Lincoln,Montana,Lewis and Clark County,748,43,81,31,50,16,92,183,69,40.4,28.1,7,16,25,52,16.50%,$27266,$664,$178300,N/A,N/A,42,9%,27%,28%,92,16 mins,2.40%,-1.60%,-15.10%,41.00%,47.90%,N/A,N/A,86.35%,3.10%,Helena,N/A,N/A,3.9,40.90%,41.40%,37,N/A,N/A,18.8%,18.2%,0.8%,25.45,0,0
Lindisfarne,Montana,Lake County,165,64,82,33,49,18,108,154,39,44.3,33.3,N/A,11,17,37,N/A,$82396,N/A,$281300,N/A,N/A,35,7%,29%,21%,88,19 mins,3.40%,2.40%,-5.20%,36.20%,57.10%,N/A,N/A,100.00%,N/A,None,N/A,N/A,3.1,25.70%,0.00%,0,N/A,16,0%,12.4%,5.1%,0.00,0,1
Little Bitterroot Lake,Montana,Flathead County,139,16,80,29,51,19,143,151,88,43.9,31.4,4,11,17,64,N/A,$71250,N/A,$545500,N/A,N/A,39,12%,39%,25%,90,19 mins,3.30%,2.20%,-15.20%,28.00%,63.70%,N/A,N/A,100.00%,N/A,Kalispell,N/A,N/A,3.2,25.30%,8.60%,0,N/A,2,5.9%,15.0%,0%,0.00,0,0
Little Browning,Montana,Glacier County,317,313,80,33,47,11,65,158,26,41.7,27.8,N/A,24,37,17,8.70%,$36250,$481,$143200,N/A,N/A,23,3%,18%,25%,97,14 mins,6.60%,-1.30%,2338.50%,61.50%,31.90%,N/A,N/A,26.19%,N/A,None,N/A,N/A,3.1,0.00%,61.10%,0,N/A,5,17%,N/A,0%,0.00,0,0
Livingston,Montana,Park County,7294,1293,84,35,49,16,92,190,53,41.7,28.8,6,18,33,39,28.76%,$38434,$813,$221600,N/A,N/A,57,6%,29%,22%,91,20 mins,2.30%,2.20%,2.80%,38.40%,53.20%,N/A,N/A,95.02%,4.10%,None,N/A,N/A,3.6,62.90%,47.70%,72,N/A,64,8.5%,19.3%,1.5%,38.18,0,0
Lockwood,Montana,Yellowstone County,7503,584,88,37,51,14,88,202,46,42.7,29,8,18,37,35,18.79%,$52264,$895,$202900,N/A,N/A,38,6%,15%,26%,72,22 mins,2.80%,-0.30%,14.00%,31.50%,58.10%,N/A,N/A,87.42%,3.70%,Billings,Mountain Standard Time,3570,3.8,74.30%,46.40%,20,N/A,29,9.3%,19.0%,1.8%,0.00,0,0
Lodge Grass,Montana,Big Horn County,374,1450,88,37,51,16,79,207,40,42.5,29,7,23,35,27,5.13%,$27321,$588,$54400,N/A,N/A,49,3%,20%,16%,93,18 mins,6.20%,-1.30%,-19.90%,49.40%,43.70%,N/A,N/A,5.48%,4.00%,None,N/A,N/A,3.7,49.30%,51.90%,30,N/A,N/A,56.1%,17.3%,0%,230.95,0,0
Lodge Pole,Montana,Blaine County,300,22,86,32,54,13,62,194,20,43.2,28.3,N/A,21,33,26,9.14%,$37500,$467,$73600,N/A,N/A,28,3%,23%,23%,97,15 mins,2.80%,-1.10%,8.30%,44.80%,47.20%,N/A,N/A,N/A,2.70%,None,N/A,N/A,3.6,37.40%,60.40%,0,N/A,12,50%,36.3%,0%,0.00,0,0
Logan,Montana,Gallatin County,38,76,86,33,53,15,97,187,41,40.2,27.2,N/A,10,14,57,N/A,$82917,N/A,$169300,N/A,N/A,71,9%,44%,35%,93,17 mins,1.60%,2.60%,-37.70%,45.10%,44.20%,N/A,N/A,100.00%,N/A,Bozeman,N/A,N/A,3.8,100.00%,21.10%,7,N/A,8,0%,12.5%,0%,0.00,0,0
Lolo,Montana,Missoula County,3525,373,84,32,52,25,129,157,33,42.4,31.3,4,15,31,34,34.55%,$61433,$714,$307300,N/A,N/A,37,6%,28%,24%,90,18 mins,2.50%,0.30%,14.40%,51.90%,36.60%,2.47%,N/A,93.71%,2.90%,Missoula,Mountain Standard Time,3361,3.1,79.30%,37.10%,45,N/A,71,6.7%,21.1%,2.4%,47.42,0,0
Loma,Montana,Chouteau County,83,24,86,34,52,12,65,185,42,42.5,28.3,9,10,16,67,N/A,$50714,N/A,$67500,N/A,N/A,75,3%,21%,24%,95,17 mins,2.00%,-0.80%,13.70%,28.10%,64.50%,N/A,N/A,100.00%,N/A,None,N/A,N/A,3.9,71.90%,6.00%,13,N/A,N/A,0%,22.2%,0%,0.00,0,0
Lonepine,Montana,Sanders County,142,11,84,33,51,17,109,153,38,42.9,32.8,4,12,19,58,15.39%,$31696,$490,$118000,N/A,N/A,50,6%,30%,24%,92,19 mins,4.30%,1.60%,-36.60%,20.50%,72.00%,N/A,N/A,86.25%,N/A,None,N/A,N/A,3.2,66.70%,27.20%,0,N/A,N/A,0%,9.0%,1.2%,0.00,0,1
Malmstrom AFB,Montana,Cascade County,3929,768,85,36,49,14,90,186,58,41.4,28.5,N/A,17,37,23,35.20%,$52335,$997,$204600,N/A,N/A,11,3%,18%,23%,87,10 mins,2.80%,-0.40%,-18.50%,35.20%,56.80%,1.68%,11.34%,78.51%,18.00%,Great Falls,Mountain Standard Time,3670,3.8,0.00%,28.40%,4,N/A,N/A,2.3%,N/A,2.9%,0.00,0,0
Malta,Montana,Phillips County,2000,1944,86,27,59,12,63,199,16,43.8,28.2,10,16,25,49,18.57%,$32745,$576,$135500,N/A,N/A,52,5%,30%,23%,94,19 mins,3.00%,-1.30%,-2.50%,14.60%,79.40%,N/A,N/A,84.93%,2.10%,None,N/A,N/A,3.7,66.40%,46.60%,54,N/A,N/A,8.2%,15.7%,2.3%,36.63,0,0
Manhattan,Montana,Gallatin County,1342,768,86,33,53,15,97,184,41,42.3,29,5,9,18,45,35.60%,$52708,$1394,$341300,N/A,N/A,43,10%,41%,37%,93,17 mins,1.60%,2.60%,-3.90%,45.10%,44.20%,N/A,N/A,92.25%,2.10%,Bozeman,N/A,N/A,3.8,57.20%,34.90%,53,N/A,51,2.7%,18.6%,0.7%,71.74,0,0
Marion,Montana,Flathead County,904,54,80,29,51,19,142,151,86,42.9,29.8,4,13,20,44,14.91%,$43015,$900,$363200,N/A,N/A,18,11%,40%,26%,90,19 mins,3.30%,2.20%,89.10%,28.00%,63.70%,1.86%,N/A,95.76%,N/A,Kalispell,N/A,N/A,3.2,66.90%,30.80%,13,N/A,30,15%,16.3%,5.3%,81.19,0,0
Martin City,Montana,Flathead County,373,216,81,30,51,27,138,151,74,43.5,31.2,4,18,28,44,19.82%,$51250,$588,$115900,N/A,N/A,49,12%,41%,27%,91,19 mins,3.30%,2.20%,-31.10%,28.00%,63.70%,N/A,N/A,85.16%,N/A,Kalispell,N/A,N/A,3.2,56.60%,55.00%,14,N/A,47,28.3%,27.7%,0%,64.38,0,0
Martinsdale,Montana,Meagher County,63,72,80,35,45,14,86,185,71,40.4,27.5,8,18,28,59,N/A,$26250,N/A,$153900,N/A,N/A,48,6%,31%,24%,97,0 mins,2.30%,-0.10%,0.00%,19.80%,74.60%,N/A,N/A,100.00%,N/A,None,N/A,N/A,3.7,21.40%,62.70%,13,N/A,28,0%,9.0%,0%,0.00,0,0
Marysville,Montana,Lewis and Clark County,95,191,81,30,51,17,95,186,70,38.3,26,7,12,19,56,N/A,$47273,N/A,$235700,N/A,N/A,42,8%,26%,30%,93,16 mins,2.40%,-1.60%,41.80%,41.00%,47.90%,N/A,N/A,100.00%,N/A,Helena,N/A,N/A,3.9,50.90%,38.90%,7,N/A,18,11.1%,14.3%,0%,422.54,0,0
Maxville,Montana,Granite County,191,27,82,31,51,13,91,160,49,40.1,28.1,N/A,17,27,64,N/A,$24545,N/A,$220200,N/A,N/A,27,3%,26%,24%,91,24 mins,3.60%,1.30%,172.90%,26.60%,67.10%,N/A,N/A,100.00%,N/A,None,N/A,N/A,3,57.60%,53.20%,0,N/A,1,11.8%,9.0%,0%,0.00,0,0
Medicine Lake,Montana,Sheridan County,291,737,85,23,62,13,69,206,30,47.7,29.4,10,14,22,36,35.56%,$46250,$700,$163400,N/A,N/A,59,3%,23%,23%,95,14 mins,1.60%,-4.50%,15.50%,26.00%,67.60%,N/A,N/A,98.35%,N/A,None,N/A,N/A,3.7,50.30%,43.70%,24,N/A,N/A,0%,15.9%,2.8%,0.00,0,0
Melstone,Montana,Musselshell County,92,150,88,36,52,14,71,204,37,43.2,29,10,19,30,61,6.67%,$36250,$615,$51600,N/A,N/A,59,3%,18%,25%,94,0 mins,3.30%,-0.30%,-14.00%,13.60%,80.60%,N/A,N/A,76.56%,N/A,None,N/A,N/A,3.8,48.00%,61.70%,17,N/A,30,16%,25.4%,0%,0.00,0,0
Midvale,Montana,Lincoln County,357,846,83,29,54,17,103,152,49,44.5,32.4,N/A,19,28,47,N/A,$52964,N/A,$24400,N/A,N/A,32,14%,45%,42%,93,1 mins,5.00%,0.20%,-27.90%,21.90%,72.10%,N/A,N/A,N/A,N/A,None,N/A,N/A,3,N/A,75.40%,0,N/A,3,26.7%,33.2%,0%,0.00,0,0
Miles City,Montana,Custer County,8610,2561,89,30,59,13,79,202,29,45.9,30.5,10,14,31,39,24.40%,$44143,$767,$143900,N/A,N/A,56,0%,17%,24%,75,11 mins,2.30%,-2.70%,3.60%,22.70%,70.50%,N/A,N/A,93.98%,2.90%,None,N/A,N/A,3.6,57.40%,49.50%,72,N/A,61,7.9%,14.9%,1.2%,40.34,0,0
Missoula,Montana,Missoula County,70847,2421,85,31,54,15,120,159,40,43.1,31.9,4,24,63,32,47.93%,$41968,$859,$480000,1959,$245,42,7%,30%,26%,62,15 mins,2.40%,0.30%,8.40%,51.90%,36.60%,2.17%,N/A,91.07%,3.10%,Missoula,Mountain Standard Time,3361,3.1,44.80%,60.90%,46,34,60,8.8%,19.6%,3.4%,53.67,0,0
Montana City,Montana,Jefferson County,2770,81,83,31,52,13,90,186,37,41.1,28.2,6,9,14,47,47.43%,$97868,$1143,$229000,N/A,N/A,23,6%,31%,24%,92,20 mins,2.50%,-1.70%,10.60%,29.80%,62.20%,N/A,N/A,98.29%,N/A,Helena,N/A,N/A,3.6,90.00%,33.30%,9,N/A,20,1%,17.5%,1.3%,0.00,0,0
Moore,Montana,Fergus County,174,596,81,35,46,16,95,193,52,41.5,28.1,9,14,21,57,19.86%,$41250,$535,$72000,N/A,N/A,69,6%,31%,25%,97,12 mins,2.30%,-1.10%,-20.60%,20.60%,73.10%,N/A,N/A,99.45%,N/A,None,N/A,N/A,3.7,72.80%,32.20%,11,N/A,N/A,0%,14.0%,0%,0.00,0,1
Muddy,Montana,Big Horn County,654,23,88,35,53,15,74,204,48,43,29.2,N/A,20,31,22,4.29%,$24167,$530,$99100,N/A,N/A,32,3%,21%,16%,89,18 mins,6.20%,-1.30%,-21.70%,49.40%,43.70%,N/A,N/A,11.18%,12.70%,None,N/A,N/A,3.7,50.30%,54.20%,0,N/A,19,43.8%,9.0%,3.2%,0.00,0,0
Musselshell,Montana,Musselshell County,50,20,89,37,52,14,73,201,35,42.7,28.7,10,13,20,60,N/A,$40625,N/A,$50400,N/A,N/A,41,3%,18%,24%,94,0 mins,3.30%,-0.30%,-40.50%,13.60%,80.60%,N/A,N/A,100.00%,N/A,None,N/A,N/A,3.8,52.30%,23.40%,6,N/A,25,0%,9.0%,0%,0.00,0,0
Nashua,Montana,Valley County,283,401,87,26,61,12,81,196,29,46,29.4,10,14,22,44,12.72%,$42955,$640,$100200,N/A,N/A,56,7%,29%,24%,93,15 mins,2.50%,-2.50%,-22.00%,22.80%,69.30%,N/A,N/A,89.12%,N/A,None,N/A,N/A,3.6,59.80%,38.60%,31,N/A,38,4%,13.3%,0%,28.82,0,0
Neihart,Montana,Cascade County,25,13,81,36,45,21,100,183,102,37.1,25,7,16,24,62,N/A,$41875,N/A,$95100,N/A,N/A,51,3%,18%,24%,95,15 mins,2.80%,-0.40%,-70.60%,35.20%,56.80%,N/A,N/A,100.00%,N/A,Great Falls,Mountain Standard Time,3670,3.8,11.90%,45.50%,0,N/A,N/A,36.4%,20.6%,2.5%,0.00,0,0
Niarada,Montana,Flathead County,10,0,84,33,51,16,109,151,39,43.9,31.4,4,16,25,76,N/A,$0,N/A,$304800,N/A,N/A,32,12%,41%,26%,91,19 mins,3.30%,2.20%,66.70%,28.00%,63.70%,N/A,N/A,100.00%,N/A,Kalispell,N/A,N/A,3.2,57.10%,30.00%,0,N/A,N/A,0%,N/A,0%,0.00,0,1
North Browning,Montana,Glacier County,2582,678,76,31,45,25,87,155,81,42.1,28,N/A,23,35,25,20.90%,$16563,$399,$60800,N/A,N/A,34,3%,18%,23%,93,14 mins,6.60%,-1.30%,-3.90%,61.50%,31.90%,N/A,N/A,4.30%,2.90%,None,N/A,N/A,3.1,34.40%,70.60%,2,N/A,29,45.7%,9.0%,0.4%,0.00,0,0
Noxon,Montana,Sanders County,235,190,81,32,49,34,153,161,80,42.4,32.3,4,14,21,49,N/A,$76071,N/A,$148400,N/A,N/A,44,5%,32%,25%,90,19 mins,4.30%,1.60%,-19.80%,20.50%,72.00%,N/A,N/A,97.76%,N/A,None,N/A,N/A,3.2,65.60%,43.60%,21,N/A,N/A,13%,9.0%,9.9%,62.89,N/A,0
Old Agency,Montana,Sanders County,88,153,85,34,51,16,111,157,39,43.5,33.3,N/A,23,35,33,16.67%,$21250,$400,$26800,N/A,N/A,53,6%,31%,25%,92,19 mins,4.30%,1.60%,-47.90%,20.50%,72.00%,N/A,5.41%,9.46%,N/A,None,N/A,N/A,3.2,39.10%,63.60%,0,N/A,25,76.5%,12.8%,0%,0.00,0,0
Olney,Montana,Flathead County,209,157,81,28,53,20,108,151,73,44.1,31.2,4,17,27,39,3.51%,$57321,$531,$103300,N/A,N/A,42,12%,38%,26%,91,19 mins,3.30%,2.20%,106.90%,28.00%,63.70%,N/A,N/A,100.00%,N/A,Kalispell,N/A,N/A,3.2,24.40%,63.00%,0,N/A,N/A,3.6%,9.0%,0%,44.64,0,0
Opheim,Montana,Valley County,61,292,82,23,59,12,73,201,40,44.3,27.5,10,21,32,55,11.96%,$31750,$284,$57700,N/A,N/A,68,7%,29%,23%,95,15 mins,2.50%,-2.50%,-54.50%,22.80%,69.30%,N/A,N/A,66.67%,N/A,None,N/A,N/A,3.6,39.00%,63.60%,14,N/A,N/A,0%,13.3%,2.2%,82.64,0,0
Orchard Homes,Montana,Missoula County,5588,989,85,31,54,15,121,157,38,43.8,32.7,N/A,18,37,40,41.91%,$52991,$958,$331600,N/A,N/A,45,5%,27%,25%,72,18 mins,2.50%,0.30%,-10.70%,51.90%,36.60%,N/A,N/A,93.06%,2.10%,Missoula,Mountain Standard Time,3361,3.1,62.50%,43.10%,13,N/A,N/A,8.7%,15.6%,0.4%,0.00,0,0
Outlook,Montana,Sheridan County,81,65,84,23,61,13,61,201,22,47.1,29,10,11,18,32,N/A,$73750,N/A,$129600,N/A,N/A,52,3%,24%,23%,96,14 mins,1.60%,-4.50%,9.50%,26.00%,67.60%,N/A,N/A,100.00%,N/A,None,N/A,N/A,3.7,77.40%,17.00%,0,N/A,N/A,0%,10.9%,3.4%,0.00,0,0
Ovando,Montana,Powell County,81,9,82,29,53,16,100,165,74,39.8,27.9,5,13,20,56,2.27%,$43854,$750,$153800,N/A,N/A,42,6%,31%,23%,93,21 mins,2.60%,-1.90%,8.00%,19.70%,72.60%,N/A,N/A,100.00%,N/A,None,N/A,N/A,3.7,47.40%,21.80%,22,N/A,25,6.7%,21.7%,0%,106.38,0,0
Pablo,Montana,Lake County,2722,561,83,33,50,17,109,156,36,44.7,33.5,4,23,35,25,15.80%,$25521,$603,$158200,N/A,N/A,35,7%,28%,21%,91,19 mins,3.40%,2.40%,34.60%,36.20%,57.10%,N/A,N/A,31.40%,6.90%,None,N/A,N/A,3.1,44.30%,55.00%,36,N/A,N/A,53.7%,23.1%,1.7%,20.11,0,0
Paradise,Montana,Sanders County,150,607,86,33,53,17,120,157,41,43,32.9,4,18,27,52,9.35%,$33125,$413,$107100,N/A,N/A,72,6%,32%,23%,91,19 mins,4.30%,1.60%,-24.60%,20.50%,72.00%,N/A,N/A,100.00%,2.70%,None,N/A,N/A,3.2,65.10%,57.80%,10,N/A,N/A,14%,14.1%,0%,95.24,0,0
Park City,Montana,Stillwater County,976,1021,86,36,50,15,89,201,46,41.8,28.4,8,13,20,39,15.77%,$60464,$734,$155400,N/A,N/A,33,6%,23%,25%,93,24 mins,2.50%,-0.80%,-4.60%,18.60%,75.10%,N/A,N/A,100.00%,N/A,None,N/A,N/A,3.7,68.30%,41.70%,20,N/A,N/A,7.3%,15.9%,0%,63.49,0,0
Parker School,Montana,Hill County,519,70,84,32,52,13,76,185,45,42.9,28.2,N/A,18,28,27,N/A,$50833,N/A,$92000,N/A,N/A,41,4%,27%,23%,96,11 mins,3.40%,1.10%,71.30%,36.80%,54.00%,N/A,N/A,1.12%,N/A,None,N/A,N/A,3.8,83.80%,58.20%,0,N/A,N/A,39.4%,9.0%,1%,0.00,0,0
Philipsburg,Montana,Granite County,684,805,81,32,49,16,104,157,62,38.7,27.6,5,16,25,49,23.56%,$41071,$922,$166200,N/A,N/A,68,3%,27%,25%,91,24 mins,3.60%,1.30%,-26.10%,26.60%,67.10%,N/A,N/A,98.70%,N/A,None,N/A,N/A,3,51.40%,55.60%,43,N/A,20,5.7%,12.3%,2.7%,82.16,0,0
Piltzville,Montana,Missoula County,451,603,85,31,54,15,119,158,47,42.5,31.3,N/A,15,23,48,19.91%,$49583,$1364,$278200,N/A,N/A,75,7%,28%,24%,83,18 mins,2.50%,0.30%,62.20%,51.90%,36.60%,N/A,N/A,100.00%,1.30%,Missoula,Mountain Standard Time,3361,3.1,73.10%,60.20%,0,N/A,25,0%,18.7%,0%,0.00,0,0
Pinesdale,Montana,Ravalli County,967,746,85,33,52,12,107,158,33,41.7,30.8,4,19,30,19,5.82%,$35000,$571,$153300,N/A,N/A,33,10%,26%,22%,88,27 mins,3.00%,1.60%,48.50%,27.60%,65.70%,N/A,N/A,98.95%,3.40%,None,N/A,N/A,3,75.90%,57.50%,3,N/A,8,25.3%,11.6%,2.2%,26.53,0,0
Pioneer Junction,Montana,Lincoln County,851,241,85,32,53,20,128,152,49,44.5,32.4,N/A,14,21,58,N/A,$47422,N/A,$233500,N/A,N/A,34,14%,44%,40%,92,16 mins,5.00%,0.20%,-12.70%,21.90%,72.10%,N/A,N/A,95.33%,7.40%,None,N/A,N/A,3,67.30%,28.00%,3,N/A,6,17.1%,25.3%,4.7%,0.00,0,0
Plains,Montana,Sanders County,809,1342,86,33,53,19,130,154,39,44.4,33.8,4,17,23,46,18.18%,$27206,$663,$127500,N/A,N/A,57,6%,31%,23%,91,19 mins,4.30%,1.60%,-21.50%,20.50%,72.00%,N/A,N/A,96.47%,1.70%,None,N/A,N/A,3.2,42.90%,53.80%,46,N/A,N/A,20.6%,20.0%,0.8%,78.83,0,0
Plentywood,Montana,Sheridan County,1846,1360,84,23,61,13,61,208,23,47.7,29.2,10,15,23,43,21.19%,$43375,$723,$155900,N/A,N/A,57,3%,23%,24%,96,14 mins,1.60%,-4.50%,-0.50%,26.00%,67.60%,N/A,N/A,94.25%,4.80%,None,N/A,N/A,3.7,66.60%,43.70%,63,N/A,N/A,4.8%,16.0%,2.3%,55.35,0,0
Plevna,Montana,Fallon County,215,365,86,29,57,14,77,210,32,46.5,30.2,11,13,20,33,N/A,$37500,N/A,$95800,N/A,N/A,46,6%,30%,23%,91,0 mins,1.20%,-5.40%,20.10%,10.40%,86.20%,N/A,N/A,100.00%,7.40%,None,N/A,N/A,3.7,66.40%,20.10%,14,N/A,28,6.2%,17.3%,0%,0.00,0,0
Polson,Montana,Lake County,4702,1037,82,33,49,18,108,153,37,44.7,33.8,4,37,87,35,31.54%,$36285,$727,$264400,N/A,N/A,39,7%,28%,19%,89,19 mins,3.40%,2.40%,5.20%,36.20%,57.10%,N/A,N/A,66.23%,5.10%,None,N/A,N/A,3.1,43.80%,55.70%,68,N/A,69,10.8%,28.1%,3.6%,39.79,0,0
Ponderosa Pines,Montana,Gallatin County,405,10,86,34,52,13,88,187,32,40.2,27.2,N/A,12,18,39,N/A,$61406,N/A,$323600,N/A,N/A,17,9%,46%,34%,94,17 mins,1.60%,2.60%,32.80%,45.10%,44.20%,N/A,N/A,78.89%,N/A,Bozeman,N/A,N/A,3.8,90.00%,25.20%,0,N/A,2,0%,25.0%,0%,0.00,0,0
Pony,Montana,Madison County,110,82,80,33,47,16,102,186,59,38.4,25.9,6,13,20,58,N/A,$41563,N/A,$127300,N/A,N/A,78,6%,31%,23%,97,21 mins,2.60%,-1.50%,0.90%,24.90%,69.50%,N/A,N/A,95.74%,N/A,None,N/A,N/A,3.6,41.70%,35.50%,7,N/A,N/A,0%,25.8%,0%,0.00,0,1
Poplar,Montana,Roosevelt County,875,3147,87,25,62,13,55,202,20,47.3,29.4,10,23,9,29,22.00%,$27969,$518,$90200,N/A,N/A,56,6%,31%,23%,95,14 mins,4.20%,-1.20%,-17.80%,42.70%,49.20%,N/A,N/A,25.00%,N/A,None,N/A,N/A,3.7,44.80%,75.20%,19,N/A,41,21.3%,9.0%,1.7%,265.81,0,0
Power,Montana,Teton County,186,124,83,36,47,12,81,185,42,41.9,28.8,8,14,22,53,18.34%,$57500,$835,$145800,N/A,N/A,42,4%,22%,24%,95,18 mins,2.40%,-2.70%,-2.60%,25.30%,68.10%,N/A,N/A,90.40%,N/A,None,N/A,N/A,3.9,61.50%,38.80%,5,N/A,N/A,5.4%,15.5%,3.2%,94.79,0,0
Pray,Montana,Park County,630,22,84,34,50,16,95,187,57,38.2,25.7,6,15,24,54,24.14%,$35750,$1184,$350900,N/A,N/A,22,5%,29%,22%,97,25 mins,2.30%,2.20%,-2.20%,38.40%,53.20%,N/A,N/A,97.73%,2.40%,None,N/A,N/A,3.6,51.40%,38.10%,5,N/A,28,7%,26.0%,4.8%,0.00,0,0
Pryor,Montana,Big Horn County,549,14,86,35,51,14,74,206,44,41.9,28.1,7,20,31,30,12.72%,$34125,$325,$105400,N/A,N/A,41,3%,21%,15%,95,18 mins,6.20%,-1.30%,-42.70%,49.40%,43.70%,N/A,N/A,17.44%,1.50%,None,N/A,N/A,3.7,41.80%,49.00%,10,N/A,N/A,24.1%,11.3%,1.1%,13.07,0,0
Rader Creek,Montana,Jefferson County,180,9,86,35,51,12,86,186,30,39.8,27.2,N/A,13,20,62,N/A,$66719,N/A,$197600,N/A,N/A,20,6%,30%,24%,96,20 mins,2.50%,-1.70%,-26.50%,29.80%,62.20%,N/A,N/A,100.00%,N/A,Helena,N/A,N/A,3.6,59.20%,46.70%,0,N/A,1,0%,9.0%,0%,0.00,0,0
Radersburg,Montana,Broadwater County,143,570,84,33,51,12,84,186,29,41.9,28.7,4,13,21,62,N/A,$33125,N/A,$187500,N/A,N/A,78,6%,18%,23%,95,26 mins,3.40%,0.40%,169.80%,18.30%,74.90%,N/A,N/A,100.00%,N/A,None,N/A,N/A,3.6,61.00%,14.70%,0,N/A,N/A,0%,17.0%,0%,0.00,0,1
Ravalli,Montana,Lake County,41,16,85,34,51,17,110,154,36,43.6,33,4,21,31,58,N/A,$21920,N/A,$123200,N/A,N/A,36,7%,28%,21%,92,19 mins,3.40%,2.40%,-48.80%,36.20%,57.10%,N/A,N/A,85.56%,N/A,None,N/A,N/A,3.1,88.10%,34.10%,11,N/A,N/A,0%,N/A,0%,151.52,0,0
Red Lodge,Montana,Carbon County,2349,866,80,35,45,18,81,202,129,37.5,24.7,6,14,28,46,38.52%,$48636,$826,$224300,N/A,N/A,56,3%,19%,24%,95,27 mins,2.60%,-0.60%,2.30%,30.50%,62.60%,N/A,N/A,97.33%,4.00%,Billings,Mountain Standard Time,3570,3.9,38.00%,57.70%,74,N/A,69,10.9%,18.5%,1.6%,8.50,0,0
Reed Point,Montana,Stillwater County,196,353,87,37,50,15,78,201,50,41.8,28.3,7,15,24,55,16.98%,$57292,$865,$189300,N/A,N/A,42,6%,24%,23%,93,24 mins,2.50%,-0.80%,-7.10%,18.60%,75.10%,N/A,N/A,94.79%,1.00%,None,N/A,N/A,3.7,67.10%,50.00%,17,N/A,27,5%,27.3%,0%,0.00,0,0
Reserve,Montana,Sheridan County,33,24,84,23,61,13,64,205,25,47.2,29.3,10,13,21,55,N/A,$111250,N/A,$122100,N/A,N/A,62,3%,23%,24%,95,14 mins,1.60%,-4.50%,-5.70%,26.00%,67.60%,N/A,N/A,97.14%,N/A,None,N/A,N/A,3.7,69.60%,17.90%,0,N/A,N/A,0%,12.5%,0%,0.00,0,0
Rexford,Montana,Lincoln County,85,1000,84,29,55,17,107,150,37,44.5,32.4,4,14,21,58,N/A,$28393,N/A,$306100,N/A,N/A,38,14%,46%,40%,93,16 mins,5.00%,0.20%,9.00%,21.90%,72.10%,N/A,N/A,85.37%,20.00%,None,N/A,N/A,3,65.40%,5.30%,15,N/A,25,12.2%,25.3%,0%,166.67,0,0
Richey,Montana,Dawson County,208,806,85,28,57,14,56,205,23,46.6,29.7,10,14,21,40,25.00%,$43500,$340,$75200,N/A,N/A,71,6%,29%,24%,95,17 mins,1.90%,-2.70%,7.80%,17.80%,75.30%,1.61%,N/A,90.86%,1.40%,None,N/A,N/A,3.5,60.50%,34.30%,15,N/A,24,2%,11.5%,1.6%,0.00,0,0
Riverbend,Montana,Mineral County,362,92,85,32,53,21,119,158,64,42.2,31.7,N/A,18,27,55,N/A,$27708,N/A,$193000,N/A,N/A,39,6%,31%,24%,89,22 mins,3.90%,-2.50%,-19.70%,25.80%,66.10%,5.51%,N/A,94.49%,N/A,None,N/A,N/A,3.2,61.70%,63.50%,0,N/A,N/A,6%,17.5%,6.4%,0.00,0,0
Roberts,Montana,Carbon County,280,70,86,37,49,15,73,201,67,41.4,27.8,6,15,23,56,36.40%,$29531,$850,$152400,N/A,N/A,43,3%,18%,24%,97,27 mins,2.60%,-0.60%,7.30%,30.50%,62.60%,N/A,N/A,100.00%,N/A,Billings,Mountain Standard Time,3570,3.9,43.90%,41.80%,7,N/A,N/A,9.1%,16.8%,0%,212.77,0,0
Rocky Boy West,Montana,Chouteau County,889,163,84,32,52,13,76,185,45,42.9,28,N/A,23,35,24,7.89%,$23542,$267,$89900,N/A,N/A,26,3%,22%,24%,96,17 mins,2.00%,-0.80%,1.60%,28.10%,64.50%,N/A,N/A,4.23%,9.10%,None,N/A,N/A,3.9,10.10%,70.90%,0,N/A,N/A,59.9%,9.0%,0.8%,N/A,N/A,0
Rocky Boy's Agency,Montana,Hill County,505,59,84,32,52,13,76,185,45,42.9,28.2,N/A,0,0,25,20.70%,$47202,$416,$74600,N/A,N/A,39,4%,28%,24%,96,11 mins,3.40%,1.10%,12.70%,36.80%,54.00%,N/A,N/A,2.74%,N/A,None,N/A,N/A,3.8,51.40%,58.70%,1,N/A,1,13.1%,10.5%,0%,N/A,N/A,0
Rocky Point,Montana,Lake County,89,147,82,33,49,18,108,154,37,44.3,33.3,N/A,20,30,59,N/A,$132895,N/A,$281300,N/A,N/A,21,6%,29%,21%,88,19 mins,3.40%,2.40%,56.10%,36.20%,57.10%,N/A,N/A,100.00%,N/A,None,N/A,N/A,3.1,26.70%,51.70%,0,N/A,25,0%,N/A,0%,0.00,0,1
Rollins,Montana,Lake County,238,83,81,32,49,22,112,151,45,44.3,33,4,18,29,52,N/A,$33958,N/A,$588800,N/A,N/A,39,7%,29%,21%,89,19 mins,3.40%,2.40%,57.60%,36.20%,57.10%,N/A,N/A,88.06%,6.70%,None,N/A,N/A,3.1,26.80%,51.00%,0,N/A,N/A,13.8%,18.6%,4.6%,0.00,0,1
Ronan,Montana,Lake County,1887,1567,83,33,50,16,109,154,35,45,33.7,4,35,50,39,17.58%,$35921,$638,$219000,N/A,N/A,46,7%,29%,25%,92,19 mins,3.40%,2.40%,-7.90%,36.20%,57.10%,1.74%,N/A,57.19%,7.20%,None,N/A,N/A,3.1,46.70%,63.10%,46,N/A,60,21.2%,21.6%,2.8%,116.66,0,0
Roscoe,Montana,Carbon County,55,243,82,37,45,17,79,201,79,39.6,26.3,6,11,18,62,N/A,$0,N/A,$321200,N/A,N/A,58,3%,20%,23%,97,27 mins,2.60%,-0.60%,103.70%,30.50%,62.60%,N/A,N/A,100.00%,N/A,Billings,Mountain Standard Time,3570,3.9,72.20%,30.90%,6,N/A,N/A,0%,N/A,0%,0.00,0,0
Rosebud,Montana,Rosebud County,115,151,86,34,52,14,74,205,30,45.2,30,9,12,19,61,N/A,$26250,N/A,$62000,N/A,N/A,43,2%,17%,24%,90,12 mins,4.50%,-2.20%,36.90%,28.60%,65.20%,N/A,N/A,100.00%,N/A,None,N/A,N/A,3.7,61.20%,27.60%,5,N/A,1,0%,12.7%,0%,105.26,0,1
Roundup,Montana,Musselshell County,1813,1402,88,37,51,14,74,198,33,42.1,28.4,10,18,28,46,14.57%,$28409,$767,$126500,N/A,N/A,78,3%,19%,24%,92,0 mins,3.30%,-0.30%,1.30%,13.60%,80.60%,2.29%,N/A,94.08%,4.20%,None,N/A,N/A,3.8,50.80%,48.80%,60,N/A,55,16.4%,18.1%,1.3%,98.63,0,0
Roy,Montana,Fergus County,124,36,84,35,49,15,75,196,39,42.6,28.7,9,11,18,61,11.22%,$33333,$475,$234800,N/A,N/A,32,6%,31%,23%,97,12 mins,2.30%,-1.10%,8.80%,20.60%,73.10%,N/A,2.90%,93.48%,N/A,None,N/A,N/A,3.7,63.50%,27.80%,0,N/A,N/A,5.6%,9.0%,0.8%,0.00,0,0
Rudyard,Montana,Hill County,149,163,84,31,53,11,56,185,20,42.8,28.1,9,13,20,61,28.83%,$52750,$573,$86300,N/A,N/A,62,4%,27%,23%,96,11 mins,3.40%,1.10%,-44.80%,36.80%,54.00%,N/A,N/A,100.00%,N/A,None,N/A,N/A,3.8,44.60%,41.70%,6,N/A,N/A,0%,12.5%,0%,0.00,0,0
Ryegate,Montana,Golden Valley County,193,256,86,37,49,15,71,198,46,42.1,28.5,8,14,22,56,17.47%,$46563,$682,$100100,N/A,N/A,66,1%,15%,22%,96,25 mins,2.70%,-1.10%,6.00%,15.00%,77.00%,N/A,4.95%,93.56%,23.80%,Billings,Mountain Standard Time,3570,3.8,57.50%,29.50%,24,N/A,N/A,7.1%,11.1%,4.6%,58.48,0,0
Saco,Montana,Phillips County,252,829,85,26,59,13,66,194,19,44.3,28.2,9,17,27,49,7.69%,$45625,$367,$59300,N/A,N/A,68,6%,30%,23%,94,19 mins,3.00%,-1.30%,18.90%,14.60%,79.40%,N/A,N/A,91.39%,1.20%,None,N/A,N/A,3.7,59.70%,55.00%,17,N/A,34,9.6%,13.7%,0%,173.16,0,0
Saddle Butte,Montana,Hill County,30,12,85,29,56,12,84,185,33,42.9,28.2,N/A,12,18,64,N/A,$94028,N/A,$408200,N/A,N/A,25,4%,28%,24%,94,11 mins,3.40%,1.10%,-86.40%,36.80%,54.00%,N/A,N/A,92.31%,N/A,None,N/A,N/A,3.8,48.80%,0.00%,0,N/A,20,0%,9.0%,0%,0.00,0,0
Sand Coulee,Montana,Cascade County,229,87,85,36,49,14,89,185,54,42.2,29.1,9,12,19,45,35.80%,$45000,$767,$121200,N/A,N/A,58,3%,18%,25%,95,15 mins,2.80%,-0.40%,21.20%,35.20%,56.80%,N/A,N/A,100.00%,N/A,Great Falls,Mountain Standard Time,3670,3.8,55.60%,28.40%,7,N/A,13,3.4%,18.6%,1.1%,0.00,0,0
Sangrey,Montana,Hill County,268,42,84,32,52,13,76,185,45,42.9,28.2,N/A,22,34,25,2.45%,$24688,$336,$58100,N/A,N/A,33,4%,26%,24%,96,11 mins,3.40%,1.10%,-28.50%,36.80%,54.00%,N/A,N/A,N/A,3.40%,None,N/A,N/A,3.8,25.50%,73.10%,8,N/A,3,48.9%,9.0%,0.8%,0.00,0,0
Santa Rita,Montana,Glacier County,212,66,80,33,47,11,65,158,26,41.7,27.8,10,20,30,20,N/A,$0,N/A,$74200,N/A,N/A,46,3%,19%,23%,95,14 mins,6.60%,-1.30%,103.90%,61.50%,31.90%,N/A,N/A,90.00%,N/A,None,N/A,N/A,3.1,63.60%,70.30%,0,N/A,N/A,57.1%,38.2%,4.9%,0.00,0,0
Savage,Montana,Richland County,375,523,88,28,60,14,80,205,29,47.5,30.2,10,15,24,39,13.37%,$36667,$541,$129100,N/A,N/A,48,3%,18%,24%,92,16 mins,2.30%,-5.70%,0.00%,13.80%,80.20%,N/A,N/A,84.70%,9.10%,None,N/A,N/A,3.7,58.00%,N/A,11,N/A,N/A,0%,11.4%,0%,0.00,0,0
Scobey,Montana,Daniels County,1268,1723,83,23,60,13,71,196,27,46.4,28.8,10,14,22,44,17.36%,$47708,$503,$145400,N/A,N/A,58,3%,22%,25%,97,0 mins,1.40%,-1.50%,60.70%,17.50%,75.90%,N/A,N/A,96.36%,3.00%,None,N/A,N/A,3.8,59.80%,45.00%,57,N/A,48,3.5%,16.6%,5.2%,9.27,0,0
Sedan,Montana,Gallatin County,118,2,83,34,49,17,108,187,63,40.2,27.2,N/A,16,25,58,N/A,$101250,N/A,$218500,N/A,N/A,38,9%,47%,34%,95,17 mins,1.60%,2.60%,-7.10%,45.10%,44.20%,N/A,N/A,94.81%,N/A,Bozeman,N/A,N/A,3.8,53.80%,45.00%,0,N/A,16,0%,32.5%,0%,0.00,0,0
Seeley Lake,Montana,Missoula County,897,73,82,29,53,20,129,158,104,40.7,29.3,5,16,25,55,21.07%,$40208,$757,$297900,N/A,N/A,27,11%,29%,24%,89,18 mins,2.50%,0.30%,-34.70%,51.90%,36.60%,2.95%,N/A,95.41%,5.00%,Missoula,Mountain Standard Time,3361,3.1,45.80%,46.20%,27,N/A,49,4.3%,14.9%,5.3%,97.90,0,1
Shawmut,Montana,Wheatland County,59,27,84,36,48,14,73,198,43,42.3,28.6,8,12,18,65,N/A,$40000,N/A,$116200,N/A,N/A,68,6%,31%,23%,98,0 mins,3.00%,-1.50%,51.30%,18.90%,74.20%,N/A,N/A,100.00%,N/A,None,N/A,N/A,3.7,55.00%,16.10%,0,N/A,N/A,0%,13.8%,0%,952.38,0,0
Shelby,Montana,Toole County,3194,552,82,33,49,12,63,182,28,42.6,28.1,9,21,44,40,13.48%,$44464,$532,$137500,N/A,N/A,59,3%,18%,23%,91,14 mins,2.10%,-4.60%,-2.50%,19.70%,73.50%,N/A,N/A,86.35%,4.90%,None,N/A,N/A,3.8,46.60%,52.00%,50,N/A,N/A,12.2%,17.7%,3.3%,31.42,0,0
Shepherd,Montana,Yellowstone County,598,269,88,37,51,14,78,201,44,42.4,28.8,8,11,18,26,N/A,$49432,N/A,$268800,N/A,N/A,26,6%,12%,26%,88,18 mins,2.80%,-0.30%,-9.70%,31.50%,58.10%,N/A,N/A,90.84%,2.30%,Billings,Mountain Standard Time,3570,3.8,85.40%,27.10%,16,N/A,27,0%,19.5%,0%,134.64,0,0
Sheridan,Montana,Madison County,747,740,82,32,50,11,90,190,40,38.9,26.9,5,15,23,55,29.02%,$37946,$623,$144300,N/A,N/A,56,6%,30%,24%,98,21 mins,2.60%,-1.50%,0.10%,24.90%,69.50%,N/A,N/A,93.36%,4.40%,None,N/A,N/A,3.6,67.50%,45.40%,44,N/A,N/A,3%,17.3%,3.3%,62.31,0,0
Sidney,Montana,Richland County,6491,1974,87,27,60,14,77,201,33,47.9,30,10,24,25,35,18.37%,$56926,$840,$223300,N/A,N/A,44,3%,17%,25%,88,16 mins,2.30%,-5.70%,28.50%,13.80%,80.20%,N/A,N/A,91.63%,7.60%,None,N/A,N/A,3.7,50.20%,47.70%,73,N/A,55,3.4%,12.1%,2.9%,80.22,0,0
Silesia,Montana,Carbon County,22,12,86,35,51,14,77,201,43,40.6,27.3,8,24,37,30,N/A,$45833,N/A,$214100,N/A,N/A,41,3%,19%,23%,93,27 mins,2.60%,-0.60%,-70.70%,30.50%,62.60%,N/A,N/A,100.00%,N/A,Billings,Mountain Standard Time,3570,3.9,55.20%,100.00%,0,N/A,N/A,N/A,N/A,0%,0.00,0,0
Silver Gate,Montana,Park County,10,2,76,27,49,23,143,187,174,32.3,20.2,6,16,25,64,N/A,$64375,N/A,$378800,N/A,N/A,46,5%,28%,21%,96,25 mins,2.30%,2.20%,-37.50%,38.40%,53.20%,N/A,N/A,100.00%,N/A,None,N/A,N/A,3.6,7.40%,10.00%,9,N/A,30,0%,18.1%,0%,0.00,0,0
Simms,Montana,Cascade County,326,43,82,36,46,13,77,185,38,42.1,29.2,8,11,18,54,18.27%,$43571,$686,$173600,N/A,N/A,55,3%,18%,23%,92,15 mins,2.80%,-0.40%,8.30%,35.20%,56.80%,N/A,N/A,96.49%,N/A,Great Falls,Mountain Standard Time,3670,3.8,58.20%,23.10%,9,N/A,N/A,0%,16.1%,1.4%,0.00,0,0
Somers,Montana,Flathead County,924,313,81,30,51,18,123,151,56,45,33.2,4,14,21,51,27.07%,$54514,$905,$339300,N/A,N/A,40,15%,47%,35%,89,19 mins,3.30%,2.20%,-4.60%,28.00%,63.70%,N/A,N/A,99.54%,N/A,Kalispell,N/A,N/A,3.2,55.60%,27.20%,14,N/A,32,0%,9.0%,0%,53.76,0,0
South Browning,Montana,Glacier County,1388,595,76,31,45,25,87,159,81,41.7,27.8,N/A,23,36,28,18.61%,$28750,$371,$52300,N/A,N/A,41,3%,19%,25%,93,14 mins,6.60%,-1.30%,-24.50%,61.50%,31.90%,N/A,N/A,4.38%,N/A,None,N/A,N/A,3.1,28.80%,64.20%,30,N/A,32,45.8%,14.2%,0.5%,0.00,0,0
South Glastonbury,Montana,Park County,319,18,83,33,50,16,102,187,76,40.2,27.6,N/A,13,20,56,N/A,$37578,N/A,$394800,N/A,N/A,23,5%,28%,21%,97,25 mins,2.30%,2.20%,12.30%,38.40%,53.20%,4.06%,N/A,91.30%,N/A,None,N/A,N/A,3.6,65.50%,34.10%,0,N/A,5,14.9%,18.5%,2.3%,0.00,0,0
South Hills,Montana,Jefferson County,626,107,83,31,52,13,90,186,38,39.8,27.2,N/A,9,14,32,N/A,$85000,N/A,$283500,N/A,N/A,19,6%,30%,24%,91,20 mins,2.50%,-1.70%,179.50%,29.80%,62.20%,N/A,N/A,95.23%,N/A,Helena,N/A,N/A,3.6,97.30%,27.70%,0,N/A,N/A,0%,16.5%,0%,0.00,0,0
Spokane Creek,Montana,Broadwater County,320,18,84,33,51,11,87,186,32,41.9,28.7,N/A,13,20,56,N/A,$77768,N/A,$298400,N/A,N/A,13,6%,18%,24%,95,26 mins,3.40%,0.40%,152.00%,18.30%,74.90%,N/A,N/A,100.00%,N/A,None,N/A,N/A,3.6,89.10%,44.70%,0,N/A,25,0%,23.2%,0%,0.00,0,0
Springdale,Montana,Park County,55,417,77,33,44,24,110,187,102,41.5,28.6,8,16,25,31,N/A,$26944,N/A,$231500,N/A,N/A,54,5%,29%,22%,97,25 mins,2.30%,2.20%,12.20%,38.40%,53.20%,N/A,N/A,100.00%,N/A,None,N/A,N/A,3.6,66.70%,13.30%,3,N/A,N/A,57.1%,12.5%,0%,0.00,0,0
Springhill,Montana,Gallatin County,87,31,85,33,52,16,110,187,56,40.2,27.2,N/A,8,12,51,N/A,$74250,N/A,$620300,N/A,N/A,28,9%,48%,35%,95,17 mins,1.60%,2.60%,-1.10%,45.10%,44.20%,N/A,N/A,100.00%,N/A,Bozeman,N/A,N/A,3.8,40.30%,10.30%,3,N/A,21,0%,18.8%,0%,0.00,0,0
St. Ignatius,Montana,Lake County,835,1567,84,34,50,17,108,153,35,44.8,33.9,N/A,19,19,36,N/A,$33750,N/A,$232400,N/A,N/A,49,7%,29%,22%,92,19 mins,3.40%,2.40%,45.50%,36.20%,57.10%,N/A,N/A,N/A,3.50%,None,N/A,N/A,3.1,60.20%,59.50%,40,N/A,54,21.2%,17.8%,1.9%,113.64,0,0
St. Marie,Montana,Valley County,538,24,86,24,62,12,82,197,33,44.7,28.7,N/A,17,26,43,N/A,$35761,N/A,$161600,N/A,N/A,55,7%,28%,25%,93,15 mins,2.50%,-2.50%,112.70%,22.80%,69.30%,N/A,N/A,N/A,3.30%,None,N/A,N/A,3.6,18.40%,36.40%,0,N/A,25,15.1%,13.2%,4.5%,0.00,0,0
St. Pierre,Montana,Hill County,541,67,84,32,52,13,76,185,45,42.9,28.2,N/A,20,31,19,N/A,$41250,N/A,$59800,N/A,N/A,43,4%,28%,24%,96,11 mins,3.40%,1.10%,350.80%,36.80%,54.00%,N/A,N/A,N/A,4.30%,None,N/A,N/A,3.8,53.80%,59.40%,0,N/A,N/A,28.1%,9.0%,1.2%,0.00,0,0
St. Regis,Montana,Mineral County,370,432,84,32,52,23,131,157,81,43.6,33.1,N/A,21,33,27,N/A,$53958,N/A,$137500,N/A,N/A,40,6%,32%,23%,89,22 mins,3.90%,-2.50%,42.30%,25.80%,66.10%,N/A,N/A,N/A,5.70%,None,N/A,N/A,3.2,50.40%,51.70%,42,N/A,44,31%,21.1%,0%,133.33,0,0
St. Xavier,Montana,Big Horn County,81,14,89,37,52,15,73,201,44,43.5,29.8,N/A,14,23,35,N/A,$0,N/A,$136200,N/A,N/A,23,3%,22%,15%,95,18 mins,6.20%,-1.30%,125.00%,49.40%,43.70%,N/A,N/A,N/A,N/A,None,N/A,N/A,3.7,26.70%,46.00%,10,N/A,25,31.6%,N/A,0%,0.00,0,0
Stanford,Montana,Judith Basin County,372,867,81,36,45,16,100,182,93,41.6,28.2,9,15,23,53,19.86%,$49028,$433,$132500,N/A,N/A,74,6%,31%,24%,98,16 mins,2.10%,-1.80%,-19.30%,19.50%,72.20%,N/A,N/A,89.34%,1.30%,None,N/A,N/A,3.9,48.40%,44.40%,39,N/A,N/A,20.2%,14.6%,0%,0.00,0,0
Starr School,Montana,Glacier County,322,76,76,31,45,25,87,160,81,41.7,27.8,N/A,24,37,44,N/A,$39500,N/A,$15800,N/A,N/A,37,3%,18%,23%,97,14 mins,6.60%,-1.30%,75.00%,61.50%,31.90%,N/A,N/A,N/A,N/A,None,N/A,N/A,3.1,81.70%,66.40%,0,N/A,22,46.5%,21.2%,0%,0.00,0,0
Stevensville,Montana,Ravalli County,2020,1560,85,34,51,12,106,156,36,44.1,31.8,4,28,24,35,27.08%,$29519,$681,$221400,N/A,N/A,41,12%,24%,23%,87,23 mins,3.00%,1.60%,-8.10%,27.60%,65.70%,N/A,N/A,95.23%,2.20%,None,N/A,N/A,3,46.30%,58.40%,47,N/A,63,19.6%,21.2%,0%,201.75,0,0
Stockett,Montana,Cascade County,179,122,83,35,48,16,99,185,79,41.6,28.4,9,15,23,30,N/A,$67143,N/A,$151000,N/A,N/A,72,3%,18%,23%,95,15 mins,2.80%,-0.40%,-37.00%,35.20%,56.80%,N/A,N/A,82.78%,N/A,Great Falls,Mountain Standard Time,3670,3.8,66.00%,39.30%,0,N/A,N/A,4.7%,14.3%,0%,66.45,0,0
Stryker,Montana,Lincoln County,32,31,83,28,55,18,102,152,58,42.7,30.1,4,16,26,51,N/A,$49167,N/A,$340800,N/A,N/A,78,14%,43%,39%,93,16 mins,5.00%,0.20%,-51.50%,21.90%,72.10%,N/A,N/A,100.00%,N/A,None,N/A,N/A,3,33.30%,40.60%,0,N/A,25,25%,18.8%,0%,0.00,0,0
Sula,Montana,Ravalli County,73,22,80,28,52,14,107,158,27,35,24.8,4,24,37,53,22.78%,$66250,$841,$324900,N/A,N/A,75,10%,25%,22%,89,22 mins,3.00%,1.60%,-4.00%,27.60%,65.70%,N/A,N/A,100.00%,N/A,None,N/A,N/A,3,12.50%,100.00%,3,N/A,N/A,0%,N/A,0%,625.00,0,0
Sun Prairie,Montana,Cascade County,1406,265,85,36,49,14,90,184,58,41.4,28.5,N/A,12,19,35,N/A,$44844,N/A,$115600,N/A,N/A,35,3%,18%,24%,90,15 mins,2.80%,-0.40%,-20.30%,35.20%,56.80%,N/A,N/A,93.07%,N/A,Great Falls,Mountain Standard Time,3670,3.8,92.50%,34.30%,0,N/A,25,9%,17.5%,0.5%,0.00,0,0
Sun River,Montana,Cascade County,70,38,83,36,47,12,80,185,41,42.1,29,8,23,35,52,N/A,$31806,N/A,$184100,N/A,N/A,47,3%,18%,23%,92,15 mins,2.80%,-0.40%,-47.00%,35.20%,56.80%,N/A,N/A,100.00%,N/A,Great Falls,Mountain Standard Time,3670,3.8,65.90%,83.30%,7,N/A,26,25%,15.0%,0%,0.00,0,0
Sunburst,Montana,Toole County,328,185,81,31,50,13,68,184,44,43,28.5,9,11,17,44,22.82%,$60500,$680,$91300,N/A,N/A,63,3%,19%,23%,97,14 mins,2.10%,-4.60%,-22.80%,19.70%,73.50%,N/A,N/A,97.78%,2.40%,None,N/A,N/A,3.8,61.30%,33.80%,15,N/A,30,4.1%,13.0%,3.3%,22.17,0,1
Superior,Montana,Mineral County,833,872,85,32,53,21,119,157,64,43.1,32.3,N/A,19,29,50,12.39%,$27981,$330,$85100,N/A,N/A,42,6%,32%,23%,89,22 mins,3.90%,-2.50%,-22.40%,25.80%,66.10%,N/A,N/A,94.45%,2.20%,None,N/A,N/A,3.2,59.50%,62.20%,35,N/A,22,11.1%,17.6%,2.2%,72.20,0,0
Swan Lake,Montana,Lake County,151,20,80,31,49,23,121,154,55,44.3,33.3,N/A,17,26,50,N/A,$22500,N/A,$411100,N/A,N/A,32,7%,28%,21%,88,19 mins,3.40%,2.40%,25.80%,36.20%,57.10%,N/A,N/A,95.83%,7.90%,None,N/A,N/A,3.1,32.10%,40.30%,4,N/A,13,0%,16.0%,5.3%,0.00,0,1
Sweet Grass,Montana,Toole County,77,156,81,32,49,13,70,185,48,43.1,28.4,9,11,17,58,N/A,$83281,N/A,$114600,N/A,N/A,55,3%,19%,24%,97,14 mins,2.10%,-4.60%,156.70%,19.70%,73.50%,N/A,N/A,100.00%,N/A,None,N/A,N/A,3.8,37.00%,44.80%,8,N/A,32,27.8%,16.1%,0%,0.00,0,0
Sylvanite,Montana,Lincoln County,65,11,85,32,53,22,132,152,44,44.5,32.4,N/A,14,22,63,N/A,$39500,N/A,$378100,N/A,N/A,30,15%,45%,40%,91,16 mins,5.00%,0.20%,-31.60%,21.90%,72.10%,5.13%,N/A,94.87%,4.60%,None,N/A,N/A,3,28.90%,35.60%,0,N/A,23,0%,11.9%,21.4%,0.00,0,0
Terry,Montana,Prairie County,795,1018,88,29,59,13,62,201,25,46.3,29.8,10,12,19,45,N/A,$37404,N/A,$87200,N/A,N/A,65,6%,30%,24%,94,0 mins,3.30%,-3.70%,44.80%,14.50%,80.70%,N/A,N/A,97.84%,1.90%,None,N/A,N/A,3.8,68.90%,36.70%,39,N/A,43,4.2%,12.2%,2.6%,47.92,0,0
The Silos,Montana,Broadwater County,567,111,84,33,51,11,85,186,29,41.9,28.7,N/A,13,20,45,N/A,$47125,N/A,$175400,N/A,N/A,19,6%,18%,24%,95,26 mins,3.40%,0.40%,62.50%,18.30%,74.90%,N/A,N/A,100.00%,N/A,None,N/A,N/A,3.6,64.10%,39.40%,9,N/A,28,3.7%,20.6%,0%,0.00,0,0
Thompson Falls,Montana,Sanders County,1130,709,86,33,53,23,141,158,42,43.5,33.4,4,17,38,40,15.51%,$30609,$725,$122500,N/A,N/A,45,6%,32%,23%,90,19 mins,4.30%,1.60%,-23.70%,20.50%,72.00%,N/A,N/A,97.19%,4.00%,None,N/A,N/A,3.2,49.80%,46.00%,15,N/A,26,17.9%,21.1%,1.6%,195.91,0,0
Three Forks,Montana,Gallatin County,2046,1403,86,34,52,13,88,186,32,42.2,29.1,4,9,22,41,20.50%,$46823,$1083,$267000,N/A,N/A,39,5%,45%,33%,94,20 mins,1.60%,2.60%,36.10%,45.10%,44.20%,N/A,N/A,98.84%,4.20%,Bozeman,N/A,N/A,3.8,60.10%,46.30%,61,N/A,N/A,5.3%,14.2%,0.5%,24.45,0,0
Toston,Montana,Broadwater County,80,31,84,33,51,12,84,186,29,43,29.5,4,13,19,57,N/A,$41977,N/A,$172200,N/A,N/A,33,5%,18%,24%,95,26 mins,3.40%,0.40%,-29.80%,18.30%,74.90%,N/A,N/A,100.00%,N/A,None,N/A,N/A,3.6,100.00%,47.50%,0,N/A,22,0%,21.7%,0%,142.86,0,1
Townsend,Montana,Broadwater County,2000,1317,84,33,51,11,85,188,29,41.8,28.7,5,15,24,45,22.82%,$39333,$645,$181300,N/A,N/A,46,6%,18%,25%,89,25 mins,3.40%,0.40%,-6.30%,18.30%,74.90%,N/A,N/A,97.96%,5.90%,None,N/A,N/A,3.6,65.50%,44.90%,52,N/A,N/A,7.9%,17.2%,1.3%,93.09,0,1
Trego,Montana,Lincoln County,553,11,83,28,55,17,102,152,56,43.7,30.6,4,14,22,57,N/A,$26094,N/A,$391600,N/A,N/A,28,14%,44%,40%,92,16 mins,5.00%,0.20%,-6.60%,21.90%,72.10%,N/A,N/A,99.30%,N/A,None,N/A,N/A,3,70.50%,42.70%,0,N/A,N/A,12.8%,21.1%,1.8%,15.63,0,0
Trout Creek,Montana,Sanders County,173,94,85,33,52,27,147,152,51,44.3,33.7,4,18,27,60,18.99%,$28424,$875,$195200,N/A,N/A,21,6%,30%,24%,90,19 mins,4.30%,1.60%,-41.20%,20.50%,72.00%,3.37%,8.43%,88.20%,N/A,None,N/A,N/A,3.2,56.70%,34.90%,0,N/A,N/A,11.5%,14.3%,6%,615.38,0,0
Troy,Montana,Lincoln County,764,1090,85,32,53,22,132,150,44,44.5,34.5,4,14,37,59,12.41%,$26523,$538,$186400,N/A,N/A,43,14%,43%,41%,91,16 mins,5.00%,0.20%,-17.00%,21.90%,72.10%,N/A,N/A,94.95%,N/A,None,N/A,N/A,3,52.80%,43.70%,48,N/A,N/A,7.6%,17.6%,1.3%,115.74,0,0
Turah,Montana,Missoula County,401,311,85,31,54,15,115,158,45,42.5,31.3,4,12,18,34,45.16%,$61944,$940,$387200,N/A,N/A,40,7%,27%,24%,83,18 mins,2.50%,0.30%,-13.60%,51.90%,36.60%,3.83%,N/A,92.90%,N/A,Missoula,Mountain Standard Time,3361,3.1,78.20%,25.90%,N/A,N/A,N/A,0%,20.9%,3.6%,0.00,0,0
Turner,Montana,Blaine County,83,187,84,27,57,12,65,194,21,43.1,27.7,10,15,24,43,25.00%,$31094,$375,$68500,N/A,N/A,64,3%,23%,24%,95,15 mins,2.80%,-1.10%,76.60%,44.80%,47.20%,N/A,N/A,100.00%,N/A,None,N/A,N/A,3.6,65.80%,46.80%,21,N/A,N/A,4.8%,15.6%,2.4%,0.00,0,0
Turtle Lake,Montana,Lake County,236,395,82,33,49,18,108,154,37,44.3,33.3,4,17,26,25,N/A,$0,N/A,$281300,N/A,N/A,47,7%,30%,21%,89,19 mins,3.40%,2.40%,-8.20%,36.20%,57.10%,N/A,N/A,10.06%,N/A,None,N/A,N/A,3.1,38.70%,8.90%,0,N/A,32,58.6%,N/A,0%,0.00,0,0
Twin Bridges,Montana,Madison County,307,303,83,34,49,11,74,184,23,39.9,27.6,5,15,23,50,18.85%,$43438,$735,$117500,N/A,N/A,50,6%,32%,24%,97,21 mins,2.60%,-1.50%,-25.70%,24.90%,69.50%,N/A,N/A,97.45%,1.00%,None,N/A,N/A,3.6,64.00%,37.30%,44,N/A,61,10%,13.7%,0%,29.85,0,0
Ulm,Montana,Cascade County,472,23,84,37,47,15,82,185,53,42.1,29.1,8,10,15,58,N/A,$89091,N/A,$245500,N/A,N/A,30,3%,19%,24%,92,15 mins,2.80%,-0.40%,-23.00%,35.20%,56.80%,N/A,N/A,97.80%,N/A,Great Falls,Mountain Standard Time,3670,3.8,89.00%,24.20%,13,N/A,27,0%,19.7%,4.1%,17.39,0,0
Valier,Montana,Pondera County,449,519,80,33,47,12,72,181,28,42.4,28.4,9,17,27,48,15.61%,$41932,$625,$114900,N/A,N/A,60,1%,21%,25%,97,14 mins,3.20%,-2.50%,-29.30%,27.10%,66.10%,N/A,N/A,84.03%,N/A,None,N/A,N/A,3.9,68.00%,55.50%,21,N/A,38,19%,20.4%,1.5%,42.02,0,0
Vaughn,Montana,Cascade County,733,205,84,36,48,13,81,185,42,42.1,29,8,14,22,43,14.45%,$48068,$760,$147400,N/A,N/A,40,3%,19%,23%,92,15 mins,2.80%,-0.40%,7.50%,35.20%,56.80%,N/A,N/A,85.38%,3.70%,Great Falls,Mountain Standard Time,3670,3.8,71.20%,42.60%,21,N/A,29,9.3%,19.5%,0%,76.82,0,0
Victor,Montana,Ravalli County,800,1790,85,33,52,12,106,158,34,43.4,31.8,4,16,25,36,8.93%,$30663,$820,$148400,N/A,N/A,41,9%,25%,23%,88,22 mins,3.00%,1.60%,11.70%,27.60%,65.70%,N/A,N/A,92.61%,N/A,None,N/A,N/A,3,81.20%,52.60%,37,N/A,54,28%,24.5%,0%,349.29,0,0
Virginia City,Montana,Madison County,192,202,80,32,48,17,102,184,89,36.7,24.9,6,18,27,58,25.42%,$37917,$1000,$176500,N/A,N/A,68,5%,31%,24%,98,21 mins,2.60%,-1.50%,-3.00%,24.90%,69.50%,N/A,N/A,94.69%,7.30%,None,N/A,N/A,3.6,43.20%,44.80%,34,N/A,17,15.4%,16.9%,6.4%,0.00,0,0
Walkerville,Montana,Silver Bow County,869,390,81,31,50,13,104,189,54,36.6,25,6,18,28,37,20.00%,$33125,$743,$87800,N/A,N/A,78,6%,30%,24%,94,15 mins,3.00%,-0.40%,-7.20%,52.40%,38.80%,N/A,N/A,98.01%,3.60%,Butte-Silver Bow,N/A,N/A,3.7,61.80%,50.00%,6,N/A,N/A,18.7%,14.4%,0.3%,0.00,0,0
Weeksville,Montana,Sanders County,67,23,86,33,53,19,130,157,39,43.5,33.3,N/A,18,27,45,N/A,$45109,N/A,$231100,N/A,N/A,15,6%,31%,24%,91,19 mins,4.30%,1.60%,123.30%,20.50%,72.00%,N/A,N/A,100.00%,N/A,None,N/A,N/A,3.2,54.50%,58.20%,0,N/A,24,0%,N/A,0%,0.00,0,0
West Glacier,Montana,Flathead County,185,45,75,29,46,25,120,151,118,44.8,31.4,6,14,22,48,53.98%,$51250,$675,$422400,N/A,N/A,43,12%,38%,27%,91,19 mins,3.30%,2.20%,-6.60%,28.00%,63.70%,N/A,N/A,100.00%,N/A,Kalispell,N/A,N/A,3.2,16.70%,38.90%,27,N/A,35,0%,9.0%,1.3%,26.88,0,0
West Glendive,Montana,Dawson County,1879,489,88,29,59,14,74,202,23,46.5,29.9,N/A,11,18,46,15.50%,$62500,$688,$182100,N/A,N/A,45,6%,27%,23%,91,17 mins,1.90%,-2.70%,-5.90%,17.80%,75.30%,N/A,N/A,94.88%,N/A,None,N/A,N/A,3.5,73.40%,29.00%,2,N/A,26,1.7%,12.9%,2.5%,0.00,0,0
West Havre,Montana,Hill County,101,53,85,29,56,12,84,185,33,42.9,28.2,N/A,12,18,39,N/A,$126250,N/A,$295500,N/A,N/A,52,4%,26%,24%,91,11 mins,3.40%,1.10%,-47.10%,36.80%,54.00%,N/A,N/A,83.78%,N/A,None,N/A,N/A,3.8,75.40%,40.80%,1,N/A,25,0%,10.2%,3.2%,0.00,0,0
West Kootenai,Montana,Lincoln County,49,3,84,29,55,17,107,152,37,46.2,33.6,N/A,13,21,72,N/A,$21484,N/A,$173400,N/A,N/A,16,14%,45%,39%,93,16 mins,5.00%,0.20%,-85.50%,21.90%,72.10%,N/A,N/A,100.00%,N/A,None,N/A,N/A,3,19.60%,40.80%,0,N/A,N/A,0%,N/A,0%,0.00,0,0
West Yellowstone,Montana,Gallatin County,1108,1404,78,24,54,25,107,184,166,35.4,23.4,6,11,20,43,35.35%,$39097,$645,$381900,N/A,N/A,32,8%,44%,42%,96,17 mins,1.60%,2.60%,0.70%,45.10%,44.20%,1.71%,N/A,98.29%,3.60%,Bozeman,N/A,N/A,3.8,25.90%,62.20%,71,N/A,65,4.9%,18.7%,4.4%,14.15,0,0
Westby,Montana,Sheridan County,147,262,82,20,62,14,60,206,30,48.1,29.2,10,15,24,41,28.57%,$20000,$675,$128000,N/A,N/A,66,3%,24%,23%,95,14 mins,1.60%,-4.50%,2.80%,26.00%,67.60%,N/A,N/A,95.52%,N/A,None,N/A,N/A,3.7,44.60%,35.30%,22,N/A,35,5%,9.0%,0%,229.89,0,0
Wheatland,Montana,Broadwater County,596,8,86,34,52,13,88,186,32,41.9,28.7,8,9,14,35,N/A,$89091,N/A,$298900,N/A,N/A,14,5%,18%,24%,95,26 mins,3.40%,0.40%,33.60%,18.30%,74.90%,N/A,N/A,100.00%,N/A,None,N/A,N/A,3.6,100.00%,14.70%,0,N/A,24,0%,22.7%,1.8%,0.00,0,0
White Haven,Montana,Lincoln County,415,419,85,32,53,20,128,152,49,44.5,32.4,N/A,20,30,43,12.90%,$21364,$731,$96600,N/A,N/A,44,14%,45%,41%,92,16 mins,5.00%,0.20%,-27.70%,21.90%,72.10%,N/A,N/A,90.95%,2.70%,None,N/A,N/A,3,49.80%,53.10%,5,N/A,25,28.8%,18.1%,0%,0.00,0,0
White Sulphur Springs,Montana,Meagher County,1109,1115,80,32,48,14,90,185,76,40.4,27.7,8,18,28,41,18.57%,$36429,$625,$130800,N/A,N/A,59,6%,31%,24%,97,0 mins,2.30%,-0.10%,-3.30%,19.80%,74.60%,N/A,N/A,96.15%,3.90%,None,N/A,N/A,3.7,55.20%,56.80%,39,N/A,34,6.1%,18.2%,2%,29.50,0,0
Whitefish,Montana,Flathead County,7070,1062,81,30,51,18,120,151,73,44.5,32,4,16,42,44,54.30%,$48813,$1014,$367000,N/A,N/A,30,15%,39%,30%,86,19 mins,3.30%,2.20%,11.30%,28.00%,63.70%,N/A,N/A,97.45%,1.40%,Kalispell,N/A,N/A,3.2,39.50%,46.90%,83,N/A,86,5.4%,18.5%,1.7%,28.12,0,0
Whitehall,Montana,Jefferson County,921,1306,86,35,51,12,86,183,30,41.3,28.3,5,18,28,46,26.98%,$36250,$664,$101300,N/A,N/A,45,5%,32%,23%,96,23 mins,2.50%,-1.70%,-21.60%,29.80%,62.20%,N/A,N/A,93.16%,3.70%,Helena,N/A,N/A,3.6,57.90%,55.90%,50,N/A,N/A,13.6%,18.2%,0%,118.51,0,0
Whitewater,Montana,Phillips County,78,74,84,25,59,12,55,197,17,44,27.6,9,19,29,35,37.70%,$66458,$286,$228600,N/A,N/A,65,6%,31%,23%,94,19 mins,3.00%,-1.30%,550.00%,14.60%,79.40%,N/A,N/A,64.57%,N/A,None,N/A,N/A,3.7,32.20%,51.80%,12,N/A,N/A,31.8%,9.0%,4%,0.00,0,0
Wibaux,Montana,Wibaux County,485,452,84,28,56,15,70,201,38,46.9,30.1,11,17,25,55,21.70%,$29286,$912,$87800,N/A,N/A,62,6%,31%,24%,95,0 mins,2.30%,-6.50%,-26.60%,10.20%,85.60%,1.33%,N/A,96.50%,8.50%,None,N/A,N/A,3.7,67.60%,45.20%,30,N/A,41,11.3%,10.5%,6.7%,38.31,0,0
Willow Creek,Montana,Gallatin County,207,76,86,34,52,14,90,187,33,42.2,29.1,4,16,25,49,23.44%,$40714,$704,$225600,N/A,N/A,69,9%,48%,34%,94,17 mins,1.60%,2.60%,-22.20%,45.10%,44.20%,N/A,N/A,100.00%,N/A,Bozeman,N/A,N/A,3.8,67.40%,49.40%,2,N/A,N/A,4%,13.3%,0%,0.00,0,0
Wilsall,Montana,Park County,307,274,82,34,48,17,105,186,63,39.9,27.3,6,11,17,40,40.77%,$38523,$690,$126300,N/A,N/A,62,6%,28%,21%,96,25 mins,2.30%,2.20%,107.40%,38.40%,53.20%,N/A,N/A,96.74%,N/A,None,N/A,N/A,3.6,67.30%,18.10%,15,N/A,26,0%,17.0%,3.1%,240.00,0,0
Wineglass,Montana,Park County,352,56,84,35,49,16,92,187,53,38.2,25.7,N/A,13,20,43,N/A,$36786,N/A,$358200,N/A,N/A,18,5%,30%,21%,97,25 mins,2.30%,2.20%,309.30%,38.40%,53.20%,N/A,N/A,100.00%,N/A,None,N/A,N/A,3.6,67.50%,35.70%,0,N/A,16,0%,19.0%,0%,0.00,0,0
Winifred,Montana,Fergus County,152,290,85,33,52,15,76,200,41,42.2,28.4,9,12,20,51,36.79%,$36250,$525,$81300,N/A,N/A,74,6%,31%,23%,97,12 mins,2.30%,-1.10%,36.90%,20.60%,73.10%,N/A,N/A,100.00%,4.60%,None,N/A,N/A,3.7,47.60%,33.60%,14,N/A,N/A,7.3%,9.0%,0%,65.36,N/A,1
Winnett,Montana,Petroleum County,181,178,87,36,51,14,66,199,41,42.9,28.8,10,16,25,50,26.06%,$30167,$490,$64400,N/A,N/A,78,6%,31%,24%,95,0 mins,2.80%,-1.50%,-37.20%,9.30%,86.30%,12.63%,N/A,87.37%,N/A,None,N/A,N/A,3.6,59.70%,47.70%,18,N/A,N/A,14.7%,14.0%,3.6%,0.00,N/A,0
Winston,Montana,Broadwater County,245,47,84,33,51,11,86,186,34,N/A,N/A,5,14,21,60,N/A,$0,N/A,$154500,N/A,N/A,24,6%,19%,23%,95,26 mins,3.40%,0.40%,-38.00%,18.30%,74.90%,N/A,N/A,77.70%,N/A,None,N/A,N/A,3.6,100.00%,63.60%,6,N/A,N/A,0%,16.9%,0%,42.37,0,0
Wisdom,Montana,Beaverhead County,106,105,78,27,51,12,99,160,32,31.3,20.9,5,17,26,56,N/A,$40781,N/A,$171900,N/A,N/A,46,6%,31%,23%,97,14 mins,2.20%,0.10%,5.00%,23.60%,69.10%,N/A,N/A,89.01%,8.50%,None,N/A,N/A,4.1,41.50%,64.00%,21,N/A,39,0%,12.5%,0%,0.00,N/A,0
Wolf Point,Montana,Roosevelt County,2792,3250,87,26,61,13,53,206,21,47,29.5,10,30,44,31,21.52%,$38913,$628,$120700,N/A,N/A,53,6%,30%,23%,94,14 mins,4.20%,-1.20%,8.00%,42.70%,49.20%,2.38%,N/A,45.75%,3.80%,None,N/A,N/A,3.7,48.10%,64.10%,70,N/A,N/A,22.7%,12.6%,1.6%,133.13,0,0
Woods Bay,Montana,Lake County,688,506,80,31,49,23,121,154,55,44.3,33.3,N/A,13,20,60,42.79%,$48750,$1115,$286200,N/A,N/A,41,7%,28%,22%,89,19 mins,3.40%,2.40%,-8.30%,36.20%,57.10%,N/A,N/A,100.00%,1.90%,None,N/A,N/A,3.1,50.70%,38.80%,19,N/A,N/A,0%,17.6%,0.9%,0.00,0,1
Worden,Montana,Yellowstone County,832,421,88,36,52,14,78,201,43,42.8,29.1,8,15,24,45,17.57%,$54643,$1102,$215800,N/A,N/A,45,5%,14%,24%,89,29 mins,2.80%,-0.30%,50.50%,31.50%,58.10%,N/A,N/A,97.82%,N/A,Billings,Mountain Standard Time,3570,3.8,66.50%,45.80%,31,N/A,44,18.5%,21.9%,0%,34.13,0,0
Wye,Montana,Missoula County,632,216,85,31,54,15,121,158,38,42.5,31.3,N/A,17,25,33,20.19%,$45000,$1156,$320200,N/A,N/A,18,7%,28%,23%,86,18 mins,2.50%,0.30%,38.90%,51.90%,36.60%,N/A,4.70%,90.61%,N/A,Missoula,Mountain Standard Time,3361,3.1,83.50%,32.00%,9,N/A,15,13.2%,28.8%,1.5%,0.00,N/A,0
Wyola,Montana,Big Horn County,188,28,88,36,52,16,84,208,56,42.2,28.8,6,23,36,45,16.67%,$39375,$538,$114900,N/A,N/A,43,3%,20%,15%,93,18 mins,6.20%,-1.30%,-28.20%,49.40%,43.70%,N/A,N/A,16.36%,1.60%,None,N/A,N/A,3.7,39.80%,63.50%,4,N/A,N/A,32.6%,13.0%,0%,48.08,0,0
Yaak,Montana,Lincoln County,251,9,85,32,53,22,132,152,44,44.5,32.4,4,17,26,56,20.98%,$28125,$1125,$360100,N/A,N/A,25,15%,45%,41%,91,16 mins,5.00%,0.20%,55.90%,21.90%,72.10%,N/A,N/A,100.00%,N/A,None,N/A,N/A,3,38.40%,37.80%,21,N/A,18,17.2%,14.3%,1.1%,0.00,0,0
