City,State,County,Population,People per sq mi,Hottest month's avg high (F),Coldest month's avg high (F),Hottest high minus coldest high,Annual rainfall (in),Annual days of precipitation,Annual days of sunshine,Annual snowfall (in),Average August humidity,Average December humidity,Average yearly humidity,Average yearly windspeed (mph),Violent crime index,Property crime index,Median age,% with at least Bachelor's degree,Median household income,Median rent,Median home price,Median home square feet,Median home cost per sq ft,Median home age,Home appreciation Last Year,Home appreciation Last 5 Years,Home appreciation Last 10 Years,Air quality Index,Average one-way commute time,Unemployment rate,Job growth last year,Population growth since 2010,% Democrat,% Republican,% Asian,% Black,% White,% Hispanic,Metro,Timezone,Elevation (ft),UV Index,Home Ownership Rate,Single Population,Walk Score,Transit Score,Bike Score,Poverty Rate, % of income spent on housing costs (owners),Foreign Born %
Acworth,New Hampshire,Sullivan County,1031,27,81,29,52,45,133,199,63,77%,82%,78%,6,8,21,53,32.44%,$52589,$1188,$148200,N/A,N/A,43,6%,22%,5%,87,32 mins,2.20%,0.50%,62.60%,45.00%,47.60%,N/A,N/A,95.92%,1.60%,Claremont-Lebanon,N/A,N/A,3.3,57.90%,43.00%,10,N/A,11,N/A,N/A,N/A
Alexandria,New Hampshire,Grafton County,2051,48,80,29,51,46,135,194,76,77%,82%,79%,6,9,20,45,19.86%,$57813,$950,$203100,N/A,N/A,32,10%,25%,8%,90,35 mins,2.10%,1.50%,18.40%,55.70%,37.10%,1.74%,N/A,95.71%,1.90%,Claremont-Lebanon,N/A,N/A,3.1,62.90%,40.20%,5,N/A,N/A,N/A,N/A,N/A
Allenstown,New Hampshire,Merrimack County,4315,212,82,32,50,42,128,199,58,77%,78%,77%,7,10,22,43,16.02%,$52750,$760,$222600,N/A,N/A,41,7%,27%,11%,77,26 mins,2.10%,1.40%,-4.30%,48.10%,45.00%,1.09%,N/A,93.78%,1.00%,Concord,N/A,N/A,3.2,74.20%,49.20%,6,N/A,15,N/A,N/A,N/A
Alstead,New Hampshire,Cheshire County,1847,48,80,29,51,47,138,199,69,77%,82%,78%,6,8,9,46,28.81%,$62969,$850,$185700,N/A,N/A,39,9%,21%,8%,87,27 mins,2.50%,0.30%,-12.60%,52.70%,40.30%,N/A,N/A,97.02%,N/A,Keene,N/A,N/A,3.3,56.50%,51.40%,21,N/A,15,N/A,N/A,N/A
Alton,New Hampshire,Belknap County,5267,84,81,30,51,47,136,199,62,79%,80%,79%,7,11,20,46,N/A,$66045,N/A,$318300,N/A,N/A,35,9%,31%,18%,86,26 mins,2.20%,1.40%,1.80%,38.60%,55.10%,N/A,N/A,98.43%,N/A,Laconia,N/A,N/A,3.1,42.50%,29.00%,50,N/A,38,0%,N/A,0%
Amherst,New Hampshire,Hillsborough,11241,329,82,33,49,46,130,199,57,75%,78%,76%,6,7,25,45,62.80%,$115898,$1246,$374600,N/A,N/A,39,4%,27%,18%,76,33 mins,2.30%,2.10%,0.40%,46.50%,46.70%,1.80%,N/A,95.61%,1.10%,Manchester-Nashua,Eastern Standard Time,130,3.2,90.10%,33.00%,30,N/A,21,0%,17.4%,1.7%
Andover,New Hampshire,Merrimack County,2783,69,80,29,51,45,132,199,66,77%,82%,78%,6,7,19,41,41.19%,$70025,$948,$222000,N/A,N/A,44,10%,30%,12%,87,27 mins,2.10%,1.40%,12.70%,48.10%,45.00%,1.37%,N/A,98.02%,1.00%,Concord,N/A,N/A,3.2,73.40%,45.70%,20,N/A,42,N/A,N/A,N/A
Antrim,New Hampshire,Hillsborough,2653,74,79,30,49,49,136,199,70,77%,81%,78%,6,16,21,43,28.26%,$63618,$1024,$209200,N/A,N/A,47,8%,32%,13%,87,33 mins,2.60%,1.80%,1.60%,46.50%,46.70%,N/A,N/A,97.05%,N/A,Manchester-Nashua,Eastern Standard Time,130,3.2,54.70%,43.60%,41,N/A,30,6.5%,24.8%,1.1%
Ashland,New Hampshire,Grafton County,2242,204,81,29,52,46,133,199,73,N/A,N/A,N/A,N/A,13,33,36,29.10%,$41658,$883,$168700,N/A,N/A,44,7%,21%,6%,89,23 mins,2.10%,1.50%,45.30%,55.70%,37.10%,N/A,N/A,92.66%,2.10%,Claremont-Lebanon,N/A,N/A,3.1,35.00%,50.70%,46,N/A,N/A,15.6%,22.3%,1.2%
Atkinson,New Hampshire,Rockingham County,6839,614,82,34,48,47,132,200,59,N/A,N/A,N/A,N/A,6,10,50,N/A,$95341,N/A,$374900,N/A,N/A,34,6%,29%,14%,71,30 mins,2.70%,2.40%,1.90%,44.10%,49.90%,1.58%,N/A,96.72%,3.10%,Boston-Cambridge-Newton,Eastern Standard Time,29,3.4,88.00%,35.40%,7,N/A,25,N/A,N/A,N/A
Auburn,New Hampshire,Rockingham County,5293,210,82,33,49,45,120,199,59,77%,78%,77%,7,8,18,44,45.48%,$106222,$1929,$369100,N/A,N/A,34,6%,24%,17%,74,28 mins,2.70%,2.40%,6.90%,44.10%,49.90%,N/A,N/A,98.46%,1.70%,Boston-Cambridge-Newton,Eastern Standard Time,29,3.4,90.00%,35.40%,28,N/A,N/A,N/A,N/A,N/A
Barnstead,New Hampshire,Belknap County,4615,110,81,30,51,47,132,199,58,77%,80%,78%,6,11,20,41,21.63%,$66838,$1110,$229000,N/A,N/A,37,8%,29%,11%,84,36 mins,2.20%,1.40%,1.90%,38.60%,55.10%,1.28%,N/A,94.19%,N/A,Laconia,N/A,N/A,3.1,60.50%,39.60%,3,N/A,13,N/A,N/A,N/A
Barrington,New Hampshire,Strafford County,8841,190,82,32,50,48,116,199,51,77%,78%,77%,8,8,20,42,42.99%,$82431,$1679,$303100,N/A,N/A,34,5%,28%,13%,81,29 mins,2.30%,2.40%,4.60%,50.60%,42.10%,2.84%,N/A,96.36%,1.70%,Boston-Cambridge-Newton,Eastern Standard Time,29,3.2,80.80%,40.50%,4,N/A,N/A,N/A,N/A,N/A
Bath,New Hampshire,Grafton County,910,24,80,26,54,39,143,184,71,81%,86%,82%,5,8,22,52,31.61%,$47386,$733,$163100,N/A,N/A,45,8%,23%,7%,91,22 mins,2.10%,1.50%,9.00%,55.70%,37.10%,N/A,N/A,97.07%,1.00%,Claremont-Lebanon,N/A,N/A,3.1,54.80%,36.90%,1,N/A,N/A,N/A,N/A,N/A
Bedford,New Hampshire,Hillsborough,22019,671,82,33,49,44,127,199,58,75%,78%,76%,6,10,24,44,63.38%,$123423,$1750,$433900,N/A,N/A,31,5%,27%,23%,72,27 mins,2.20%,1.50%,5.90%,46.50%,46.70%,3.95%,N/A,91.93%,3.20%,Manchester-Nashua,Eastern Standard Time,130,3.2,83.10%,34.00%,24,N/A,7,N/A,N/A,N/A
Belmont,New Hampshire,Belknap County,7275,239,81,30,51,47,132,199,68,77%,80%,78%,6,19,37,44,27.05%,$65339,$1009,$215300,N/A,N/A,33,8%,26%,8%,82,25 mins,2.20%,1.40%,-0.90%,38.60%,55.10%,1.98%,N/A,96.42%,1.90%,Laconia,N/A,N/A,3.1,68.30%,45.30%,38,N/A,13,3.9%,23.6%,0%
Bennington,New Hampshire,Hillsborough,1423,128,79,31,48,48,131,199,73,77%,81%,78%,6,23,28,39,34.07%,$66750,$950,$174600,N/A,N/A,37,7%,31%,10%,85,29 mins,2.60%,1.80%,9.00%,46.50%,46.70%,N/A,1.39%,95.04%,3.90%,Manchester-Nashua,Eastern Standard Time,130,3.2,59.90%,40.10%,0,N/A,N/A,0%,16.8%,3.1%
Benton,New Hampshire,Grafton County,415,9,78,26,52,40,142,194,68,81%,86%,82%,5,9,22,60,19.14%,$41250,$888,$208100,N/A,N/A,37,8%,22%,8%,94,22 mins,2.10%,1.50%,43.10%,55.70%,37.10%,N/A,2.41%,94.09%,1.20%,Claremont-Lebanon,N/A,N/A,3.1,64.70%,54.80%,0,N/A,N/A,N/A,N/A,N/A
Berlin,New Hampshire,Coos County,10273,167,78,26,52,42,142,194,87,79%,83%,81%,5,13,26,42,12.41%,$36358,$750,$77200,N/A,N/A,78,6%,18%,1%,92,15 mins,3.50%,-0.10%,0.60%,42.00%,50.90%,N/A,6.69%,89.10%,3.90%,Berlin,N/A,N/A,3,46.60%,57.10%,71,N/A,36,15.4%,17.7%,3.6%
Bethlehem,New Hampshire,Grafton County,2545,28,78,26,52,39,164,195,86,81%,86%,83%,5,14,16,49,31.54%,$49671,$692,$172100,N/A,N/A,43,8%,24%,7%,93,18 mins,2.10%,1.50%,2.10%,55.70%,37.10%,N/A,N/A,97.31%,N/A,Claremont-Lebanon,N/A,N/A,3.1,53.00%,48.00%,40,N/A,N/A,2.2%,19.6%,2.5%
Blodgett Landing,New Hampshire,Merrimack County,69,237,79,29,50,49,134,199,73,N/A,N/A,N/A,N/A,6,16,65,N/A,$70625,N/A,$885700,N/A,N/A,78,7%,27%,10%,88,26 mins,2.10%,1.40%,-34.30%,48.10%,45.00%,N/A,N/A,100.00%,N/A,Concord,N/A,N/A,3.2,21.70%,13.00%,0,N/A,18,0%,20.1%,0%
Boscawen,New Hampshire,Merrimack County,3983,161,81,30,51,45,134,199,62,76%,80%,77%,6,11,20,42,18.60%,$54623,$963,$226100,N/A,N/A,45,5%,24%,9%,79,27 mins,2.10%,1.40%,0.50%,48.10%,45.00%,N/A,N/A,98.40%,1.70%,Concord,N/A,N/A,3.2,71.80%,52.80%,7,N/A,7,N/A,N/A,N/A
Bow,New Hampshire,Merrimack County,7692,274,81,30,51,46,133,199,63,76%,80%,77%,6,9,14,45,55.43%,$105266,$1167,$332400,N/A,N/A,33,6%,23%,10%,76,25 mins,2.10%,1.40%,1.60%,48.10%,45.00%,1.44%,N/A,96.83%,1.90%,Concord,N/A,N/A,3.2,86.20%,32.50%,0,N/A,11,N/A,N/A,N/A
Bradford,New Hampshire,Merrimack County,1680,48,79,29,50,47,135,199,68,77%,82%,78%,6,11,11,49,40.27%,$58452,$991,$249900,N/A,N/A,45,8%,21%,10%,88,31 mins,2.10%,1.40%,18.50%,48.10%,45.00%,N/A,N/A,98.11%,2.10%,Concord,N/A,N/A,3.2,66.80%,34.70%,27,N/A,N/A,10.2%,29.3%,0.9%
Brentwood,New Hampshire,Rockingham County,4691,280,82,33,49,50,122,200,56,75%,77%,75%,7,9,16,44,48.72%,$101840,$1266,$394300,N/A,N/A,28,6%,22%,15%,75,33 mins,2.70%,2.40%,9.10%,44.10%,49.90%,1.82%,N/A,95.73%,N/A,Boston-Cambridge-Newton,Eastern Standard Time,29,3.4,88.70%,38.10%,18,N/A,22,N/A,N/A,N/A
Bridgewater,New Hampshire,Grafton County,1027,48,80,29,51,46,138,194,75,N/A,N/A,N/A,N/A,8,21,58,41.51%,$55833,$1086,$274300,N/A,N/A,41,11%,20%,9%,88,22 mins,2.10%,1.50%,-5.20%,55.70%,37.10%,N/A,N/A,98.40%,2.10%,Claremont-Lebanon,N/A,N/A,3.1,45.20%,36.30%,15,N/A,3,N/A,N/A,N/A
Bristol,New Hampshire,Grafton County,3048,178,80,29,51,46,135,194,76,77%,81%,79%,6,15,31,40,22.56%,$46058,$836,$192600,N/A,N/A,45,7%,19%,6%,88,23 mins,2.10%,1.50%,-0.70%,55.70%,37.10%,2.76%,N/A,88.99%,N/A,Claremont-Lebanon,N/A,N/A,3.1,36.00%,57.40%,57,N/A,17,14.4%,21.8%,0.8%
Brookline,New Hampshire,Hillsborough,5190,262,83,33,50,47,130,198,57,75%,77%,75%,7,8,11,42,55.61%,$109006,$1447,$362600,N/A,N/A,26,5%,26%,17%,80,35 mins,2.60%,1.80%,6.60%,46.50%,46.70%,N/A,1.01%,95.34%,1.50%,Manchester-Nashua,Eastern Standard Time,130,3.2,92.20%,28.90%,32,N/A,20,N/A,N/A,N/A
Campton,New Hampshire,Grafton County,3295,64,80,29,51,45,143,199,73,79%,83%,80%,6,17,24,54,41.20%,$54331,$780,$186500,N/A,N/A,33,10%,24%,7%,92,30 mins,2.10%,1.50%,1.50%,55.70%,37.10%,N/A,N/A,99.06%,N/A,Claremont-Lebanon,N/A,N/A,3.1,48.60%,43.60%,14,N/A,N/A,N/A,N/A,N/A
Canaan,New Hampshire,Grafton County,3898,73,78,28,50,46,135,199,72,N/A,N/A,N/A,N/A,9,20,44,28.00%,$58333,$1097,$210400,N/A,N/A,37,7%,19%,8%,88,27 mins,2.10%,1.50%,1.70%,55.70%,37.10%,3.44%,N/A,91.68%,1.10%,Claremont-Lebanon,N/A,N/A,3.1,61.50%,34.10%,0,N/A,4,0%,21.6%,2%
Candia,New Hampshire,Rockingham County,3932,130,82,32,50,44,127,199,61,N/A,N/A,N/A,N/A,8,21,50,30.73%,$93977,$1714,$307100,N/A,N/A,41,6%,26%,15%,78,37 mins,2.70%,2.40%,-0.30%,44.10%,49.90%,N/A,N/A,93.88%,2.70%,Boston-Cambridge-Newton,Eastern Standard Time,29,3.4,92.90%,38.80%,29,N/A,35,N/A,N/A,N/A
Canterbury,New Hampshire,Merrimack County,2248,52,81,30,51,47,134,199,62,76%,80%,77%,6,5,18,49,51.72%,$86797,$682,$265700,N/A,N/A,34,3%,25%,9%,80,29 mins,2.10%,1.40%,-10.20%,48.10%,45.00%,N/A,1.32%,97.20%,1.70%,Concord,N/A,N/A,3.2,84.20%,39.10%,26,N/A,24,N/A,N/A,N/A
Carroll,New Hampshire,Coos County,746,15,54,14,40,97,210,198,281,81%,86%,83%,5,12,60,52,28.02%,$55192,$877,$192100,N/A,N/A,32,6%,23%,8%,95,19 mins,2.80%,0.60%,22.70%,42.00%,50.90%,N/A,3.63%,95.08%,N/A,Berlin,N/A,N/A,3,27.30%,42.40%,8,N/A,16,N/A,N/A,N/A
Center Harbor,New Hampshire,Belknap County,1000,75,80,29,51,46,132,199,73,79%,82%,80%,6,10,26,53,42.63%,$70278,$1091,$333700,N/A,N/A,41,12%,33%,18%,87,26 mins,2.20%,1.40%,11.20%,38.60%,55.10%,N/A,2.94%,97.06%,N/A,Laconia,N/A,N/A,3.1,48.70%,31.20%,47,N/A,N/A,N/A,N/A,N/A
Charlestown,New Hampshire,Sullivan County,5008,140,82,29,53,44,129,199,56,77%,82%,78%,6,14,13,47,16.52%,$42693,$966,$154700,N/A,N/A,46,5%,21%,7%,81,26 mins,2.20%,0.50%,-1.90%,45.00%,47.60%,1.81%,N/A,95.62%,2.30%,Claremont-Lebanon,N/A,N/A,3.3,67.30%,41.40%,43,N/A,44,0%,19.0%,3.8%
Chester,New Hampshire,Rockingham County,4935,190,82,33,49,45,120,199,59,74%,77%,75%,7,11,17,43,N/A,$107833,N/A,$357300,N/A,N/A,30,5%,24%,15%,75,38 mins,2.70%,2.40%,6.50%,44.10%,49.90%,2.14%,N/A,96.35%,4.10%,Boston-Cambridge-Newton,Eastern Standard Time,29,3.4,91.00%,36.00%,36,N/A,23,N/A,N/A,N/A
Chesterfield,New Hampshire,Cheshire County,3566,78,82,30,52,45,130,198,55,77%,81%,78%,6,8,20,46,35.14%,$75388,$765,$297600,N/A,N/A,41,7%,22%,7%,82,23 mins,2.50%,0.30%,-1.80%,52.70%,40.30%,N/A,1.00%,98.66%,1.00%,Keene,N/A,N/A,3.3,56.40%,27.30%,3,N/A,26,N/A,N/A,N/A
Chichester,New Hampshire,Merrimack County,2590,123,81,30,51,46,134,199,62,77%,80%,78%,6,7,17,44,28.51%,$75988,$1151,$290800,N/A,N/A,33,5%,24%,11%,81,27 mins,2.10%,1.40%,3.40%,48.10%,45.00%,2.29%,N/A,93.84%,1.50%,Concord,N/A,N/A,3.2,89.90%,35.60%,6,N/A,25,N/A,N/A,N/A
Claremont,New Hampshire,Sullivan County,13028,302,81,29,52,41,136,197,75,78%,83%,79%,6,16,38,42,N/A,$45510,N/A,$124800,N/A,N/A,68,5%,15%,0%,78,20 mins,2.50%,0.30%,-3.30%,45.00%,47.60%,N/A,N/A,N/A,2.40%,Claremont-Lebanon,N/A,N/A,3.3,47.70%,51.60%,71,N/A,33,8.1%,24.2%,4%
Clarksville,New Hampshire,Coos County,307,5,74,22,52,43,162,198,117,81%,88%,84%,6,9,24,53,19.69%,$27917,$825,$141700,N/A,N/A,31,6%,24%,8%,95,20 mins,2.80%,0.60%,-8.10%,42.00%,50.90%,N/A,N/A,90.74%,N/A,Berlin,N/A,N/A,3,28.20%,35.80%,0,N/A,N/A,N/A,N/A,N/A
Colebrook,New Hampshire,Coos County,2173,53,77,24,53,41,151,199,103,81%,88%,83%,6,10,28,50,15.65%,$45788,$681,$119200,N/A,N/A,42,7%,26%,10%,95,20 mins,2.80%,0.60%,-1.50%,42.00%,50.90%,N/A,N/A,98.38%,N/A,Berlin,N/A,N/A,3,47.20%,39.00%,0,N/A,N/A,19.2%,21.9%,4.4%
Columbia,New Hampshire,Coos County,617,10,75,23,52,46,150,198,108,N/A,N/A,N/A,N/A,9,23,51,12.35%,$51875,$792,$144100,N/A,N/A,32,6%,23%,8%,95,23 mins,2.80%,0.60%,-15.60%,42.00%,50.90%,N/A,N/A,99.53%,N/A,Berlin,N/A,N/A,3,51.50%,45.30%,2,N/A,N/A,N/A,N/A,N/A
Concord,New Hampshire,Merrimack County,42717,668,82,31,51,44,129,197,62,76%,79%,76%,6,14,32,39,37.90%,$54182,$1083,$232000,N/A,N/A,46,6%,27%,10%,67,21 mins,2.10%,1.50%,-0.60%,48.10%,45.00%,4.69%,3.47%,88.12%,2.30%,Concord,N/A,N/A,3.2,49.60%,54.30%,36,N/A,37,7.2%,20.7%,9.4%
Contoocook,New Hampshire,Merrimack County,1504,654,81,30,51,46,133,198,62,76%,79%,76%,6,7,19,48,N/A,$90123,N/A,$238200,N/A,N/A,53,7%,26%,10%,81,26 mins,2.10%,1.40%,18.40%,48.10%,45.00%,N/A,N/A,96.34%,N/A,Concord,N/A,N/A,3.2,71.90%,47.60%,49,N/A,36,0%,25.7%,3.8%
Cornish,New Hampshire,Sullivan County,1777,42,81,29,52,42,137,195,74,78%,83%,79%,6,6,10,50,41.91%,$75417,$1053,$219200,N/A,N/A,50,6%,24%,7%,85,27 mins,2.20%,0.50%,3.10%,45.00%,47.60%,N/A,N/A,96.52%,N/A,Claremont-Lebanon,N/A,N/A,3.3,82.00%,35.80%,1,N/A,3,N/A,N/A,N/A
Croydon,New Hampshire,Sullivan County,809,22,79,28,51,47,134,199,70,78%,83%,79%,6,8,21,44,19.90%,$71094,$1275,$225200,N/A,N/A,35,5%,22%,6%,87,21 mins,2.20%,0.50%,12.20%,45.00%,47.60%,N/A,1.16%,98.38%,N/A,Claremont-Lebanon,N/A,N/A,3.3,55.40%,48.90%,2,N/A,11,N/A,N/A,N/A
Dalton,New Hampshire,Coos County,1009,37,79,26,53,39,164,198,85,81%,86%,83%,5,8,13,51,21.45%,$46324,$1056,$170600,N/A,N/A,34,3%,25%,10%,93,29 mins,2.80%,0.60%,-1.90%,42.00%,50.90%,1.21%,1.88%,92.49%,1.00%,Berlin,N/A,N/A,3,61.00%,40.70%,0,N/A,N/A,N/A,N/A,N/A
Danbury,New Hampshire,Merrimack County,1281,34,80,29,51,48,136,199,72,77%,82%,79%,6,9,22,46,19.91%,$58563,$1125,$186300,N/A,N/A,37,9%,41%,14%,89,33 mins,2.10%,1.40%,-2.40%,48.10%,45.00%,N/A,1.24%,96.81%,N/A,Concord,N/A,N/A,3.2,71.50%,47.80%,25,N/A,29,N/A,N/A,N/A
Danville,New Hampshire,Rockingham County,4479,382,82,33,49,48,118,200,52,75%,77%,75%,7,9,14,41,26.70%,$90938,$1277,$337900,N/A,N/A,26,4%,24%,14%,75,35 mins,2.70%,2.40%,2.70%,44.10%,49.90%,N/A,N/A,94.53%,2.90%,Boston-Cambridge-Newton,Eastern Standard Time,29,3.4,83.30%,41.70%,18,N/A,22,N/A,N/A,N/A
Deerfield,New Hampshire,Rockingham County,4422,87,82,31,51,44,128,199,57,77%,78%,77%,8,9,18,44,42.81%,$87982,$1167,$333200,N/A,N/A,31,5%,27%,15%,80,34 mins,2.70%,2.40%,5.10%,44.10%,49.90%,N/A,1.43%,97.07%,N/A,Boston-Cambridge-Newton,Eastern Standard Time,29,3.4,75.70%,37.20%,14,N/A,5,N/A,N/A,N/A
Deering,New Hampshire,Hillsborough,1877,61,79,30,49,49,131,199,70,77%,81%,78%,6,9,18,49,24.75%,$74750,$1156,$244800,N/A,N/A,35,4%,28%,15%,85,35 mins,2.60%,1.80%,-14.00%,46.50%,46.70%,N/A,N/A,95.41%,N/A,Manchester-Nashua,Eastern Standard Time,130,3.2,72.80%,39.20%,0,N/A,N/A,N/A,N/A,N/A
Derry,New Hampshire,Rockingham County,33312,935,82,33,49,45,123,200,58,74%,77%,75%,7,11,26,40,28.86%,$65637,$1204,$286400,N/A,N/A,37,6%,32%,17%,64,31 mins,2.70%,2.40%,-0.80%,44.10%,49.90%,1.23%,N/A,94.66%,2.50%,Boston-Cambridge-Newton,Eastern Standard Time,29,3.4,61.20%,46.80%,29,N/A,38,7%,24.3%,4.4%
Dorchester,New Hampshire,Grafton County,347,8,79,27,52,43,133,194,72,79%,83%,80%,6,8,20,46,26.31%,$56719,$900,$145600,N/A,N/A,39,8%,22%,8%,89,22 mins,2.10%,1.50%,5.50%,55.70%,37.10%,1.00%,N/A,94.51%,2.90%,Claremont-Lebanon,N/A,N/A,3.1,48.60%,46.50%,3,N/A,11,N/A,N/A,N/A
Dover,New Hampshire,Strafford County,30901,1156,81,33,48,47,118,198,53,78%,77%,77%,9,8,24,36,46.55%,$60038,$1156,$399000,1781,$224,47,6%,28%,16%,70,23 mins,2.00%,2.40%,4.10%,50.60%,42.10%,4.08%,1.29%,91.36%,2.20%,Boston-Cambridge-Newton,Eastern Standard Time,29,3.2,48.80%,52.70%,32,N/A,36,5.6%,20.7%,8.3%
Dublin,New Hampshire,Cheshire County,1487,53,79,31,48,47,136,198,74,78%,82%,79%,7,12,22,50,55.44%,$62500,$985,$289100,N/A,N/A,46,7%,25%,9%,88,25 mins,2.50%,0.30%,0.60%,52.70%,40.30%,N/A,N/A,97.74%,2.50%,Keene,N/A,N/A,3.3,64.10%,35.30%,13,N/A,N/A,N/A,N/A,N/A
Dummer,New Hampshire,Coos County,293,6,77,25,52,42,168,198,82,80%,86%,82%,6,7,19,55,20.80%,$39271,$675,$158600,N/A,N/A,40,6%,24%,9%,95,34 mins,2.80%,0.60%,-25.50%,42.00%,50.90%,N/A,N/A,98.69%,N/A,Berlin,N/A,N/A,3,42.70%,39.10%,3,N/A,N/A,N/A,N/A,N/A
Dunbarton,New Hampshire,Merrimack County,2788,90,80,31,49,46,133,199,66,76%,80%,77%,6,9,20,43,38.16%,$94417,$1261,$303200,N/A,N/A,31,6%,25%,13%,81,27 mins,2.10%,1.40%,3.10%,48.10%,45.00%,N/A,N/A,97.21%,3.00%,Concord,N/A,N/A,3.2,87.70%,31.70%,6,N/A,2,N/A,N/A,N/A
Durham,New Hampshire,Strafford County,16148,721,81,33,48,47,118,199,53,78%,77%,77%,9,9,13,20,75.04%,$67578,$1044,$374600,N/A,N/A,39,3%,23%,15%,75,22 mins,2.30%,2.40%,13.00%,50.60%,42.10%,4.87%,N/A,91.33%,1.90%,Boston-Cambridge-Newton,Eastern Standard Time,29,3.2,48.60%,77.60%,83,N/A,57,6%,18.5%,7.7%
East Kingston,New Hampshire,Rockingham County,2465,247,82,33,49,49,122,200,56,75%,77%,75%,7,8,10,44,N/A,$85333,N/A,$387200,N/A,N/A,27,6%,27%,15%,73,31 mins,2.70%,2.40%,7.00%,44.10%,49.90%,N/A,N/A,99.43%,3.10%,Boston-Cambridge-Newton,Eastern Standard Time,29,3.4,91.40%,40.90%,4,N/A,20,N/A,N/A,N/A
Easton,New Hampshire,Grafton County,285,9,78,26,52,40,156,194,78,N/A,N/A,N/A,N/A,7,19,60,N/A,$58438,N/A,$284800,N/A,N/A,36,8%,22%,8%,91,22 mins,2.10%,1.50%,-12.30%,55.70%,37.10%,1.04%,N/A,96.18%,3.50%,Claremont-Lebanon,N/A,N/A,3.1,51.10%,38.00%,0,N/A,N/A,N/A,N/A,N/A
Ellsworth,New Hampshire,Grafton County,62,3,80,29,51,45,143,194,73,78%,82%,80%,6,10,26,61,N/A,$38125,N/A,$161000,N/A,N/A,40,8%,21%,7%,92,22 mins,2.10%,1.50%,-24.40%,55.70%,37.10%,N/A,N/A,100.00%,N/A,Claremont-Lebanon,N/A,N/A,3.1,32.70%,49.10%,3,N/A,N/A,N/A,N/A,N/A
Enfield,New Hampshire,Grafton County,4539,113,80,29,51,40,131,194,67,78%,83%,80%,6,14,16,45,39.45%,$79907,$1219,$234500,N/A,N/A,40,8%,23%,11%,85,22 mins,2.10%,1.50%,-1.70%,55.70%,37.10%,N/A,N/A,99.58%,N/A,Claremont-Lebanon,N/A,N/A,3.1,48.60%,42.40%,34,N/A,38,9.2%,23.4%,1.7%
Epping,New Hampshire,Rockingham County,6861,263,82,32,50,47,117,200,53,77%,78%,77%,8,10,35,40,28.12%,$77321,$1280,$296300,N/A,N/A,28,6%,28%,16%,77,31 mins,2.70%,2.40%,8.90%,44.10%,49.90%,N/A,N/A,96.14%,N/A,Boston-Cambridge-Newton,Eastern Standard Time,29,3.4,76.80%,35.30%,8,N/A,18,12.3%,19.9%,1.6%
Epsom,New Hampshire,Merrimack County,4652,136,82,31,51,44,128,199,58,77%,78%,77%,7,11,19,45,32.48%,$71852,$1009,$257600,N/A,N/A,36,6%,24%,10%,80,32 mins,2.10%,1.40%,2.50%,48.10%,45.00%,N/A,N/A,96.15%,N/A,Concord,N/A,N/A,3.2,73.60%,41.50%,19,N/A,14,N/A,N/A,N/A
Errol,New Hampshire,Coos County,233,4,75,23,52,41,172,200,116,81%,86%,83%,6,10,26,55,12.92%,$33750,$838,$163600,N/A,N/A,42,6%,24%,9%,95,20 mins,2.80%,0.60%,-13.40%,42.00%,50.90%,N/A,N/A,99.51%,N/A,Berlin,N/A,N/A,3,20.10%,54.90%,25,N/A,35,N/A,N/A,N/A
Exeter,New Hampshire,Rockingham County,14734,753,82,33,49,50,122,200,56,N/A,N/A,N/A,N/A,9,15,46,48.33%,$74071,$1185,$338300,N/A,N/A,40,5%,28%,17%,67,24 mins,2.70%,2.40%,2.40%,44.10%,49.90%,2.34%,1.57%,94.54%,2.00%,Boston-Cambridge-Newton,Eastern Standard Time,29,3.4,63.90%,49.00%,69,N/A,54,4%,20.5%,3.9%
Farmington,New Hampshire,Strafford County,6834,184,81,31,50,51,125,199,54,N/A,N/A,N/A,N/A,22,29,40,14.89%,$50632,$1003,$200500,N/A,N/A,48,5%,25%,13%,83,34 mins,2.30%,2.40%,2.60%,50.60%,42.10%,N/A,N/A,97.19%,N/A,Boston-Cambridge-Newton,Eastern Standard Time,29,3.2,61.70%,44.80%,45,N/A,N/A,5.3%,20.0%,1.3%
Fitzwilliam,New Hampshire,Cheshire County,2294,66,79,31,48,47,123,197,67,78%,82%,79%,7,9,13,50,28.75%,$56310,$997,$201300,N/A,N/A,56,6%,22%,6%,85,38 mins,2.50%,0.30%,2.00%,52.70%,40.30%,N/A,N/A,99.65%,N/A,Keene,N/A,N/A,3.3,71.90%,39.10%,28,N/A,15,N/A,N/A,N/A
Francestown,New Hampshire,Hillsborough,1558,52,79,30,49,49,123,199,73,76%,80%,77%,6,7,18,49,45.49%,$87292,$1240,$277400,N/A,N/A,41,4%,29%,13%,85,36 mins,2.60%,1.80%,-6.00%,46.50%,46.70%,N/A,1.87%,96.26%,1.00%,Manchester-Nashua,Eastern Standard Time,130,3.2,70.20%,36.80%,4,N/A,N/A,N/A,N/A,N/A
Franconia,New Hampshire,Grafton County,1081,16,78,26,52,40,157,195,79,81%,86%,82%,5,13,29,58,51.68%,$67639,$874,$284200,N/A,N/A,44,6%,19%,5%,93,29 mins,2.10%,1.50%,-15.40%,55.70%,37.10%,3.81%,N/A,94.60%,3.10%,Claremont-Lebanon,N/A,N/A,3.1,36.40%,34.60%,39,N/A,N/A,N/A,N/A,N/A
Franklin,New Hampshire,Merrimack County,8491,310,81,30,51,46,134,200,62,76%,80%,77%,6,18,25,44,17.65%,$42742,$847,$185700,N/A,N/A,65,7%,28%,10%,83,27 mins,2.10%,1.40%,-1.10%,48.10%,45.00%,N/A,N/A,97.24%,3.10%,Concord,N/A,N/A,3.2,56.40%,56.60%,70,N/A,35,8.8%,22.5%,2.1%
Fremont,New Hampshire,Rockingham County,4589,268,81,32,49,48,119,200,51,75%,77%,75%,7,11,16,45,36.05%,$82218,$1450,$295900,N/A,N/A,29,5%,27%,15%,75,32 mins,2.70%,2.40%,9.70%,44.10%,49.90%,1.73%,N/A,97.37%,1.10%,Boston-Cambridge-Newton,Eastern Standard Time,29,3.4,87.30%,32.70%,10,N/A,18,N/A,N/A,N/A
Gilford,New Hampshire,Belknap County,7111,182,81,30,51,46,130,199,68,79%,82%,80%,6,13,34,50,41.98%,$67440,$1045,$269300,N/A,N/A,37,8%,23%,13%,83,25 mins,2.20%,1.40%,-0.70%,38.60%,55.10%,N/A,N/A,97.11%,N/A,Laconia,N/A,N/A,3.1,49.50%,42.20%,16,N/A,26,N/A,N/A,N/A
Gilmanton,New Hampshire,Belknap County,3740,65,81,30,51,49,134,199,68,77%,80%,78%,6,8,15,44,36.49%,$65521,$1398,$228500,N/A,N/A,36,7%,27%,10%,85,30 mins,2.20%,1.40%,1.40%,38.60%,55.10%,1.04%,N/A,96.25%,2.10%,Laconia,N/A,N/A,3.1,58.90%,42.70%,13,N/A,13,N/A,N/A,N/A
Gilsum,New Hampshire,Cheshire County,702,42,80,30,50,46,138,198,69,77%,82%,78%,6,8,20,48,22.94%,$46429,$1292,$197800,N/A,N/A,43,7%,21%,8%,87,23 mins,2.50%,0.30%,8.30%,52.70%,40.30%,N/A,N/A,96.87%,1.10%,Keene,N/A,N/A,3.3,76.40%,42.30%,15,N/A,2,N/A,N/A,N/A
Goffstown,New Hampshire,Hillsborough,17899,486,82,33,49,45,125,199,59,76%,79%,76%,6,12,23,40,28.98%,$69123,$1155,$285200,N/A,N/A,43,5%,29%,19%,73,27 mins,2.20%,1.50%,1.50%,46.50%,46.70%,N/A,N/A,95.47%,2.10%,Manchester-Nashua,Eastern Standard Time,130,3.2,76.60%,50.40%,56,N/A,42,7.1%,20.6%,4.8%
Gorham,New Hampshire,Coos County,2670,84,78,26,52,42,140,198,79,79%,83%,81%,5,8,33,52,26.72%,$51838,$588,$128300,N/A,N/A,64,5%,21%,9%,96,16 mins,2.80%,0.60%,-7.60%,42.00%,50.90%,1.07%,N/A,93.56%,2.50%,Berlin,N/A,N/A,3,63.40%,39.10%,55,N/A,N/A,1.8%,17.5%,4.7%
Goshen,New Hampshire,Sullivan County,732,33,79,29,50,48,137,199,71,N/A,N/A,N/A,N/A,10,25,44,18.08%,$49167,$1031,$183300,N/A,N/A,42,5%,22%,5%,90,28 mins,2.20%,0.50%,-19.70%,45.00%,47.60%,N/A,N/A,94.73%,4.10%,Claremont-Lebanon,N/A,N/A,3.3,51.30%,54.50%,17,N/A,22,N/A,N/A,N/A
Grafton,New Hampshire,Grafton County,1177,28,79,28,51,48,136,199,72,77%,82%,79%,6,8,21,50,27.37%,$45958,$920,$166600,N/A,N/A,40,9%,28%,7%,90,22 mins,2.10%,1.50%,-12.00%,55.70%,37.10%,N/A,N/A,95.74%,1.60%,Claremont-Lebanon,N/A,N/A,3.1,58.50%,43.70%,12,N/A,N/A,N/A,N/A,N/A
Grantham,New Hampshire,Sullivan County,2941,108,79,28,51,47,132,199,71,78%,83%,79%,6,8,10,47,66.10%,$96875,$1218,$271800,N/A,N/A,32,5%,18%,1%,87,24 mins,2.20%,0.50%,2.40%,45.00%,47.60%,N/A,N/A,98.57%,N/A,Claremont-Lebanon,N/A,N/A,3.3,62.00%,32.80%,20,N/A,N/A,N/A,N/A,N/A
Greenfield,New Hampshire,Hillsborough,1748,67,80,31,49,49,122,199,73,76%,80%,77%,6,8,22,46,26.02%,$70833,$793,$241500,N/A,N/A,38,5%,29%,12%,86,32 mins,2.60%,1.80%,26.30%,46.50%,46.70%,N/A,N/A,98.37%,1.30%,Manchester-Nashua,Eastern Standard Time,130,3.2,71.10%,46.70%,25,N/A,25,N/A,N/A,N/A
Greenland,New Hampshire,Rockingham County,3866,371,82,33,49,50,118,200,53,78%,77%,77%,9,10,16,43,54.63%,$86972,$2047,$454200,N/A,N/A,34,9%,24%,21%,76,30 mins,2.70%,2.40%,10.00%,44.10%,49.90%,4.49%,1.72%,90.55%,1.00%,Boston-Cambridge-Newton,Eastern Standard Time,29,3.4,78.50%,36.80%,35,N/A,N/A,N/A,N/A,N/A
Greenville,New Hampshire,Hillsborough,1972,287,80,31,49,48,119,199,71,76%,80%,77%,6,6,36,48,21.14%,$53667,$1035,$250100,N/A,N/A,55,5%,28%,16%,82,29 mins,2.60%,1.80%,-19.30%,46.50%,46.70%,N/A,4.90%,93.26%,N/A,Manchester-Nashua,Eastern Standard Time,130,3.2,63.60%,48.00%,33,N/A,24,0%,24.9%,2.6%
Groton,New Hampshire,Grafton County,565,14,79,27,52,44,134,194,72,N/A,N/A,N/A,N/A,9,24,51,12.53%,$44583,$918,$159000,N/A,N/A,37,8%,23%,7%,89,22 mins,2.10%,1.50%,19.70%,55.70%,37.10%,N/A,N/A,100.00%,6.20%,Claremont-Lebanon,N/A,N/A,3.1,46.40%,49.00%,0,N/A,24,N/A,N/A,N/A
Groveton,New Hampshire,Coos County,1253,608,79,25,54,40,149,201,78,80%,86%,82%,5,9,24,45,5.33%,$36250,$685,$63400,N/A,N/A,73,6%,23%,8%,93,20 mins,2.80%,0.60%,-13.70%,42.00%,50.90%,2.38%,N/A,92.96%,N/A,Berlin,N/A,N/A,3,51.60%,46.40%,28,N/A,37,3.3%,18.3%,3.5%
Hampstead,New Hampshire,Rockingham County,8601,647,82,33,49,46,120,199,54,75%,77%,75%,7,9,15,45,42.63%,$88689,$878,$354200,N/A,N/A,34,6%,26%,16%,73,33 mins,2.70%,2.40%,0.50%,44.10%,49.90%,1.59%,N/A,95.94%,4.20%,Boston-Cambridge-Newton,Eastern Standard Time,29,3.4,74.20%,43.10%,22,N/A,28,N/A,N/A,N/A
Hampton,New Hampshire,Rockingham County,15322,1187,82,33,49,50,123,200,56,78%,76%,76%,9,13,25,50,48.20%,$73750,$1173,$373900,N/A,N/A,43,6%,29%,23%,67,27 mins,2.70%,2.40%,-1.10%,44.10%,49.90%,N/A,N/A,96.26%,N/A,Boston-Cambridge-Newton,Eastern Standard Time,29,3.4,55.90%,40.10%,60,N/A,50,2.7%,20.0%,4.6%
Hampton Beach,New Hampshire,Rockingham County,2405,1891,82,33,49,50,123,200,56,78%,76%,76%,9,9,23,53,37.96%,$46691,$1077,$386400,N/A,N/A,52,6%,26%,17%,70,31 mins,2.70%,2.40%,-12.40%,44.10%,49.90%,1.19%,1.12%,96.31%,1.60%,Boston-Cambridge-Newton,Eastern Standard Time,29,3.4,27.90%,45.00%,46,N/A,58,4.9%,20.2%,3.8%
Hampton Falls,New Hampshire,Rockingham County,2336,192,82,33,49,50,123,201,56,78%,76%,76%,9,14,22,48,54.29%,$105909,$1638,$510200,N/A,N/A,35,8%,24%,17%,76,25 mins,2.70%,2.40%,-0.50%,44.10%,49.90%,1.26%,N/A,98.03%,N/A,Boston-Cambridge-Newton,Eastern Standard Time,29,3.4,87.20%,38.50%,38,N/A,36,N/A,N/A,N/A
Hancock,New Hampshire,Hillsborough,1861,62,79,30,49,48,123,199,73,76%,80%,77%,6,10,15,51,56.72%,$82917,$1161,$283300,N/A,N/A,47,3%,28%,9%,87,27 mins,2.60%,1.80%,6.30%,46.50%,46.70%,N/A,N/A,97.37%,N/A,Manchester-Nashua,Eastern Standard Time,130,3.2,73.30%,35.50%,26,N/A,N/A,0%,18.5%,4.1%
Hanover,New Hampshire,Grafton County,11428,233,82,29,53,39,136,194,68,78%,83%,80%,6,8,21,24,82.71%,$94063,$1458,$607500,N/A,N/A,45,5%,27%,20%,74,13 mins,2.10%,1.50%,1.50%,55.70%,37.10%,11.25%,3.27%,80.28%,3.10%,Claremont-Lebanon,N/A,N/A,3.1,53.80%,66.10%,73,N/A,80,5.8%,18.0%,17.1%
Harrisville,New Hampshire,Cheshire County,913,49,79,30,49,47,135,198,69,78%,82%,79%,7,7,19,57,46.60%,$55900,$1250,$276900,N/A,N/A,51,9%,25%,13%,88,28 mins,2.50%,0.30%,-5.00%,52.70%,40.30%,N/A,2.16%,94.07%,2.10%,Keene,N/A,N/A,3.3,51.10%,36.40%,13,N/A,N/A,N/A,N/A,N/A
Haverhill,New Hampshire,Grafton County,4610,90,79,26,53,40,142,190,70,79%,84%,80%,6,17,37,46,23.16%,$46892,$981,$146400,N/A,N/A,42,8%,19%,7%,88,24 mins,2.10%,1.50%,-1.40%,55.70%,37.10%,N/A,N/A,97.20%,2.00%,Claremont-Lebanon,N/A,N/A,3.1,57.70%,50.20%,8,N/A,19,N/A,N/A,N/A
Hebron,New Hampshire,Grafton County,580,35,79,27,52,46,136,199,72,77%,82%,79%,6,7,20,59,64.95%,$64000,$1083,$317300,N/A,N/A,38,9%,19%,9%,89,25 mins,2.10%,1.50%,19.30%,55.70%,37.10%,N/A,N/A,95.34%,5.00%,Claremont-Lebanon,N/A,N/A,3.1,38.50%,38.30%,0,N/A,N/A,N/A,N/A,N/A
Henniker,New Hampshire,Merrimack County,4893,111,81,31,50,45,133,199,67,77%,81%,78%,6,11,20,31,45.15%,$65867,$753,$259100,N/A,N/A,42,8%,30%,12%,85,26 mins,2.10%,1.40%,1.30%,48.10%,45.00%,N/A,1.85%,96.31%,1.80%,Concord,N/A,N/A,3.2,67.40%,47.90%,46,N/A,47,0%,20.2%,2.9%
Hill,New Hampshire,Merrimack County,946,35,80,29,51,44,130,199,76,77%,81%,79%,6,6,5,52,25.84%,$60250,$1075,$180300,N/A,N/A,39,7%,26%,11%,89,41 mins,2.10%,1.40%,-23.60%,48.10%,45.00%,N/A,N/A,100.00%,N/A,Concord,N/A,N/A,3.2,67.80%,37.80%,3,N/A,N/A,N/A,N/A,N/A
Hillsborough,New Hampshire,Hillsborough,5956,136,79,30,49,49,131,199,70,77%,81%,78%,6,14,23,40,27.23%,$55574,$1060,$193600,N/A,N/A,40,8%,33%,14%,87,28 mins,2.60%,1.80%,1.70%,46.50%,46.70%,N/A,N/A,94.35%,N/A,Manchester-Nashua,Eastern Standard Time,130,3.2,63.30%,39.70%,51,N/A,19,0%,19.4%,1%
Hinsdale,New Hampshire,Cheshire County,3925,191,83,31,52,48,130,197,56,N/A,N/A,N/A,N/A,25,43,45,15.89%,$48015,$905,$150800,N/A,N/A,49,8%,18%,4%,78,25 mins,2.50%,0.30%,-4.40%,52.70%,40.30%,N/A,N/A,96.22%,1.80%,Keene,N/A,N/A,3.3,69.90%,48.20%,26,N/A,6,15.4%,20.5%,3%
Holderness,New Hampshire,Grafton County,2296,75,80,29,51,46,133,194,73,N/A,N/A,N/A,N/A,9,20,44,30.89%,$67100,$962,$326500,N/A,N/A,41,8%,22%,7%,89,23 mins,2.10%,1.50%,25.50%,55.70%,37.10%,2.36%,N/A,96.06%,N/A,Claremont-Lebanon,N/A,N/A,3.1,38.60%,40.60%,27,N/A,N/A,N/A,N/A,N/A
Hollis,New Hampshire,Hillsborough,7779,245,82,33,49,48,130,199,57,75%,77%,75%,7,9,13,49,63.41%,$107333,$1565,$467900,N/A,N/A,33,3%,24%,17%,75,31 mins,2.60%,1.80%,2.10%,46.50%,46.70%,2.31%,N/A,91.60%,N/A,Manchester-Nashua,Eastern Standard Time,130,3.2,90.90%,29.60%,8,N/A,31,N/A,N/A,N/A
Hooksett,New Hampshire,Merrimack County,13987,383,82,32,50,42,125,199,57,77%,78%,77%,7,9,33,40,38.46%,$82725,$1332,$277800,N/A,N/A,33,5%,25%,14%,70,25 mins,2.10%,1.40%,4.90%,48.10%,45.00%,1.91%,1.55%,93.95%,3.20%,Concord,N/A,N/A,3.2,74.90%,44.30%,17,N/A,15,3.3%,22.8%,4.3%
Hopkinton,New Hampshire,Merrimack County,5614,129,81,30,51,46,133,199,62,76%,79%,76%,6,11,15,48,50.78%,$87545,$1138,$275200,N/A,N/A,44,5%,24%,10%,81,23 mins,2.10%,1.40%,-0.60%,48.10%,45.00%,N/A,N/A,97.66%,N/A,Concord,N/A,N/A,3.2,80.90%,35.20%,11,N/A,21,N/A,N/A,N/A
Hudson,New Hampshire,Hillsborough,24858,878,82,33,49,47,126,199,56,74%,77%,75%,7,9,22,40,35.91%,$84448,$1256,$309000,N/A,N/A,35,6%,29%,20%,63,30 mins,2.60%,1.80%,2.20%,46.50%,46.70%,2.52%,N/A,94.72%,2.80%,Manchester-Nashua,Eastern Standard Time,130,3.2,81.50%,43.50%,59,N/A,49,9%,22.6%,6.1%
Jaffrey,New Hampshire,Cheshire County,5314,139,79,31,48,48,118,197,77,78%,82%,79%,7,14,20,47,27.84%,$54420,$835,$199800,N/A,N/A,58,7%,20%,4%,87,24 mins,2.50%,0.30%,-3.70%,52.70%,40.30%,1.46%,N/A,95.46%,N/A,Keene,N/A,N/A,3.3,52.60%,53.50%,47,N/A,N/A,7.2%,24.2%,0.9%
Jefferson,New Hampshire,Coos County,1001,20,78,26,52,39,163,199,88,80%,85%,82%,6,8,21,52,35.60%,$51188,$825,$169300,N/A,N/A,33,5%,22%,8%,95,29 mins,2.80%,0.60%,13.80%,42.00%,50.90%,1.65%,N/A,97.65%,N/A,Berlin,N/A,N/A,3,53.70%,34.50%,20,N/A,12,N/A,N/A,N/A
Keene,New Hampshire,Cheshire County,23204,625,82,30,52,45,129,197,55,77%,81%,78%,6,15,49,34,41.84%,$52327,$983,$186100,N/A,N/A,57,7%,21%,7%,71,16 mins,2.80%,0.00%,-1.50%,52.70%,40.30%,2.47%,1.77%,92.73%,2.50%,Keene,N/A,N/A,3.3,48.70%,62.00%,43,N/A,51,6%,22.5%,5.3%
Kensington,New Hampshire,Rockingham County,2195,184,82,33,49,50,122,200,56,78%,76%,76%,9,10,10,48,49.94%,$107054,$1306,$446900,N/A,N/A,41,5%,24%,16%,73,28 mins,2.70%,2.40%,2.00%,44.10%,49.90%,N/A,N/A,96.12%,1.60%,Boston-Cambridge-Newton,Eastern Standard Time,29,3.4,84.20%,34.10%,8,N/A,26,N/A,N/A,N/A
Kingston,New Hampshire,Rockingham County,6141,312,82,33,49,48,124,200,52,75%,77%,75%,7,9,15,44,35.61%,$74817,$1199,$326600,N/A,N/A,44,7%,28%,17%,73,34 mins,2.70%,2.40%,1.50%,44.10%,49.90%,N/A,N/A,96.93%,N/A,Boston-Cambridge-Newton,Eastern Standard Time,29,3.4,73.50%,45.30%,35,N/A,43,N/A,N/A,N/A
Laconia,New Hampshire,Belknap County,16237,817,81,30,51,46,136,199,67,79%,82%,80%,6,26,54,47,28.40%,$49925,$962,$198800,N/A,N/A,50,7%,23%,8%,75,22 mins,2.50%,1.20%,0.10%,38.60%,55.10%,N/A,1.36%,95.96%,2.20%,Laconia,N/A,N/A,3.1,39.60%,55.30%,83,N/A,70,7.7%,18.9%,2.8%
Lancaster,New Hampshire,Coos County,3341,67,79,25,54,38,158,198,75,81%,86%,83%,5,8,26,43,23.08%,$47292,$782,$146100,N/A,N/A,52,5%,23%,8%,92,23 mins,2.80%,0.60%,-5.10%,42.00%,50.90%,N/A,N/A,97.28%,N/A,Berlin,N/A,N/A,3,63.30%,51.40%,51,N/A,N/A,5.7%,18.5%,1.8%
Landaff,New Hampshire,Grafton County,453,16,81,27,54,40,156,194,77,81%,86%,82%,5,8,20,52,33.08%,$52000,$1111,$222500,N/A,N/A,34,8%,23%,8%,91,23 mins,2.10%,1.50%,-9.20%,55.70%,37.10%,N/A,1.81%,96.98%,N/A,Claremont-Lebanon,N/A,N/A,3.1,66.00%,35.20%,0,N/A,5,N/A,N/A,N/A
Langdon,New Hampshire,Sullivan County,887,55,80,29,51,47,137,199,69,77%,82%,78%,6,10,17,42,30.59%,$73214,$933,$220500,N/A,N/A,34,5%,23%,5%,87,34 mins,2.20%,0.50%,15.50%,45.00%,47.60%,1.26%,N/A,93.68%,1.80%,Claremont-Lebanon,N/A,N/A,3.3,68.60%,35.50%,3,N/A,3,N/A,N/A,N/A
Lebanon,New Hampshire,Grafton County,13544,336,82,29,53,41,138,194,68,78%,83%,80%,6,20,44,39,N/A,$52825,N/A,$239800,N/A,N/A,44,5%,18%,9%,75,17 mins,2.00%,1.10%,3.20%,55.70%,37.10%,N/A,N/A,N/A,4.40%,Claremont-Lebanon,N/A,N/A,3.1,47.00%,50.00%,83,N/A,53,7.8%,19.4%,10.4%
Lee,New Hampshire,Strafford County,4375,219,81,33,48,47,117,199,52,77%,78%,77%,8,9,16,44,56.27%,$96083,$1050,$333100,N/A,N/A,33,3%,27%,14%,77,28 mins,2.30%,2.40%,0.90%,50.60%,42.10%,9.70%,N/A,87.67%,4.50%,Boston-Cambridge-Newton,Eastern Standard Time,29,3.2,82.30%,39.10%,6,N/A,28,N/A,N/A,N/A
Lempster,New Hampshire,Sullivan County,858,27,79,29,50,48,137,199,74,78%,83%,79%,6,8,21,51,22.17%,$61161,$950,$165300,N/A,N/A,34,6%,24%,6%,90,24 mins,2.20%,0.50%,-26.00%,45.00%,47.60%,3.47%,N/A,94.91%,N/A,Claremont-Lebanon,N/A,N/A,3.3,52.90%,44.50%,0,N/A,N/A,N/A,N/A,N/A
Lincoln,New Hampshire,Grafton County,1283,10,78,26,52,41,149,199,79,81%,86%,82%,5,15,54,49,29.65%,$41548,$867,$205300,N/A,N/A,32,7%,23%,8%,94,22 mins,2.10%,1.50%,3.10%,55.70%,37.10%,3.70%,N/A,95.03%,1.00%,Claremont-Lebanon,N/A,N/A,3.1,9.60%,52.60%,0,N/A,N/A,3.1%,20.9%,11.4%
Lisbon,New Hampshire,Grafton County,1662,63,81,27,54,40,157,194,78,81%,86%,82%,5,8,20,43,20.89%,$48090,$759,$143800,N/A,N/A,56,10%,24%,10%,91,20 mins,2.10%,1.50%,-3.80%,55.70%,37.10%,N/A,N/A,95.72%,N/A,Claremont-Lebanon,N/A,N/A,3.1,56.90%,50.60%,34,N/A,N/A,8.3%,22.4%,2.6%
Litchfield,New Hampshire,Hillsborough,8424,563,83,33,50,46,126,199,58,74%,77%,75%,7,7,13,41,41.52%,$96071,$1211,$338500,N/A,N/A,29,3%,27%,19%,67,30 mins,2.60%,1.80%,3.40%,46.50%,46.70%,N/A,N/A,97.85%,N/A,Manchester-Nashua,Eastern Standard Time,130,3.2,88.60%,36.50%,20,N/A,N/A,N/A,N/A,N/A
Littleton,New Hampshire,Grafton County,5911,118,79,26,53,38,162,194,81,80%,85%,82%,5,14,31,43,27.18%,$43201,$709,$172700,N/A,N/A,53,6%,26%,6%,88,17 mins,2.10%,1.50%,-0.60%,55.70%,37.10%,N/A,N/A,96.77%,1.40%,Claremont-Lebanon,N/A,N/A,3.1,42.90%,51.30%,74,N/A,N/A,14.5%,20.1%,4.6%
Londonderry,New Hampshire,Rockingham County,25114,598,82,33,49,46,123,200,58,74%,77%,75%,7,8,18,41,43.31%,$91861,$1495,$342500,N/A,N/A,34,5%,24%,17%,68,30 mins,2.70%,2.40%,3.80%,44.10%,49.90%,1.73%,1.20%,95.14%,2.90%,Boston-Cambridge-Newton,Eastern Standard Time,29,3.4,82.50%,41.70%,14,N/A,37,2.9%,21.7%,4.2%
Loudon,New Hampshire,Merrimack County,5403,115,81,30,51,45,134,199,61,77%,80%,78%,6,11,23,48,19.66%,$68503,$1126,$256600,N/A,N/A,34,3%,23%,12%,81,25 mins,2.10%,1.40%,3.10%,48.10%,45.00%,N/A,N/A,99.10%,N/A,Concord,N/A,N/A,3.2,79.80%,39.00%,27,N/A,18,13.8%,16.4%,0%
Lyman,New Hampshire,Grafton County,636,22,81,27,54,40,157,194,78,81%,86%,82%,5,7,20,47,42.70%,$49297,$940,$179800,N/A,N/A,42,8%,23%,7%,91,28 mins,2.10%,1.50%,22.50%,55.70%,37.10%,1.38%,N/A,97.24%,N/A,Claremont-Lebanon,N/A,N/A,3.1,60.20%,39.00%,0,N/A,N/A,N/A,N/A,N/A
Lyme,New Hampshire,Grafton County,1696,32,81,28,53,40,141,197,67,79%,84%,80%,6,6,16,48,66.39%,$110781,$1400,$407600,N/A,N/A,46,9%,20%,15%,89,23 mins,2.10%,1.50%,-19.00%,55.70%,37.10%,N/A,N/A,95.19%,5.50%,Claremont-Lebanon,N/A,N/A,3.1,74.20%,32.20%,27,N/A,26,N/A,N/A,N/A
Lyndeborough,New Hampshire,Hillsborough,1771,58,80,31,49,48,122,199,74,76%,80%,77%,6,11,18,49,39.60%,$76250,$1125,$272300,N/A,N/A,37,5%,27%,13%,84,37 mins,2.60%,1.80%,26.00%,46.50%,46.70%,N/A,1.18%,98.59%,1.40%,Manchester-Nashua,Eastern Standard Time,130,3.2,84.60%,30.80%,3,N/A,9,N/A,N/A,N/A
Madbury,New Hampshire,Strafford County,1906,164,81,33,48,47,116,199,51,78%,77%,77%,9,9,11,37,54.98%,$97969,$1412,$361900,N/A,N/A,33,1%,22%,9%,77,24 mins,2.30%,2.40%,-1.40%,50.60%,42.10%,3.89%,N/A,93.74%,N/A,Boston-Cambridge-Newton,Eastern Standard Time,29,3.2,80.00%,32.20%,1,N/A,27,N/A,N/A,N/A
Manchester,New Hampshire,Hillsborough,110601,3344,82,33,49,44,125,195,58,74%,77%,75%,7,34,47,36,30.09%,$55306,$1135,$240700,N/A,N/A,57,5%,29%,17%,56,23 mins,2.60%,1.50%,0.70%,46.50%,46.70%,5.05%,6.06%,84.81%,9.40%,Manchester-Nashua,Eastern Standard Time,130,3.2,41.10%,57.70%,49,N/A,42,11%,21.6%,13.6%
Marlborough,New Hampshire,Cheshire County,2125,104,80,31,49,46,126,197,55,78%,82%,79%,7,11,17,46,34.58%,$52813,$858,$187400,N/A,N/A,46,4%,17%,6%,86,23 mins,2.50%,0.30%,8.10%,52.70%,40.30%,2.17%,N/A,93.41%,1.60%,Keene,N/A,N/A,3.3,58.00%,48.80%,35,N/A,15,11.8%,18.3%,4.4%
Marlow,New Hampshire,Cheshire County,708,27,79,29,50,46,134,199,69,78%,83%,79%,6,7,19,49,25.13%,$66250,$925,$176000,N/A,N/A,48,7%,22%,7%,87,23 mins,2.50%,0.30%,-19.10%,52.70%,40.30%,N/A,N/A,95.90%,2.80%,Keene,N/A,N/A,3.3,64.00%,33.80%,5,N/A,24,N/A,N/A,N/A
Mason,New Hampshire,Hillsborough,1489,62,80,31,49,48,119,199,71,76%,80%,77%,6,7,18,45,36.17%,$87656,$1225,$293100,N/A,N/A,33,7%,32%,17%,83,44 mins,2.60%,1.80%,11.40%,46.50%,46.70%,1.17%,N/A,97.78%,4.00%,Manchester-Nashua,Eastern Standard Time,130,3.2,90.20%,37.10%,6,N/A,2,N/A,N/A,N/A
Melvin Village,New Hampshire,Carroll County,238,265,80,30,50,48,131,199,69,79%,82%,80%,6,9,23,65,N/A,$34500,N/A,$421300,N/A,N/A,42,8%,24%,12%,86,26 mins,2.10%,0.60%,-16.80%,43.90%,49.40%,N/A,N/A,100.00%,N/A,None,N/A,N/A,2.8,21.90%,33.20%,4,N/A,33,19.4%,37.4%,0%
Meredith,New Hampshire,Belknap County,6334,158,81,29,52,46,131,199,68,77%,81%,79%,6,10,31,47,43.76%,$56625,$1063,$355800,N/A,N/A,40,4%,26%,14%,86,24 mins,2.20%,1.40%,1.20%,38.60%,55.10%,N/A,N/A,97.01%,2.10%,Laconia,N/A,N/A,3.1,42.10%,39.80%,55,N/A,N/A,25.5%,26.3%,0%
Merrimack,New Hampshire,Hillsborough,25566,786,83,33,50,46,126,199,58,74%,77%,75%,7,6,18,42,46.59%,$91429,$1447,$311100,N/A,N/A,36,6%,31%,20%,66,29 mins,2.40%,2.10%,-0.10%,46.50%,46.70%,2.05%,1.04%,92.31%,1.80%,Manchester-Nashua,Eastern Standard Time,130,3.2,86.00%,42.30%,40,N/A,24,N/A,N/A,N/A
Middleton,New Hampshire,Strafford County,1687,93,81,30,51,46,125,199,60,79%,80%,79%,7,21,20,42,18.10%,$61250,$1184,$214100,N/A,N/A,36,5%,23%,11%,85,37 mins,2.30%,2.40%,8.90%,50.60%,42.10%,N/A,1.68%,95.23%,1.10%,Boston-Cambridge-Newton,Eastern Standard Time,29,3.2,69.60%,42.00%,7,N/A,28,N/A,N/A,N/A
Milan,New Hampshire,Coos County,1285,20,77,25,52,42,168,200,82,80%,86%,82%,6,6,6,48,22.51%,$55250,$917,$143100,N/A,N/A,43,6%,24%,12%,95,24 mins,2.80%,0.60%,-2.10%,42.00%,50.90%,N/A,N/A,99.40%,1.20%,Berlin,N/A,N/A,3,56.30%,37.00%,18,N/A,N/A,N/A,N/A,N/A
Milford,New Hampshire,Hillsborough,15288,604,82,33,49,47,130,199,57,75%,78%,76%,6,11,21,40,36.10%,$63203,$1199,$277900,N/A,N/A,36,5%,28%,15%,71,29 mins,2.60%,1.80%,2.50%,46.50%,46.70%,2.92%,1.67%,93.55%,3.30%,Manchester-Nashua,Eastern Standard Time,130,3.2,59.30%,44.10%,81,N/A,N/A,2.3%,22.7%,7.6%
Milton,New Hampshire,Strafford County,4602,139,81,31,50,48,127,199,63,80%,79%,79%,8,13,31,46,24.93%,$60032,$1023,$233800,N/A,N/A,40,5%,28%,12%,84,32 mins,2.30%,2.40%,1.90%,50.60%,42.10%,N/A,N/A,97.90%,N/A,Boston-Cambridge-Newton,Eastern Standard Time,29,3.2,74.90%,35.90%,0,N/A,N/A,0%,24.8%,0%
Monroe,New Hampshire,Grafton County,983,44,80,27,53,39,151,168,74,79%,85%,82%,5,6,17,45,31.09%,$61458,$763,$192000,N/A,N/A,40,8%,22%,8%,91,30 mins,2.10%,1.50%,-0.10%,55.70%,37.10%,N/A,N/A,100.00%,N/A,Claremont-Lebanon,N/A,N/A,3.1,79.10%,34.30%,3,N/A,N/A,N/A,N/A,N/A
Mont Vernon,New Hampshire,Hillsborough,2501,151,80,31,49,48,122,199,69,75%,78%,76%,6,10,12,46,49.42%,$93841,$1375,$331000,N/A,N/A,32,4%,26%,14%,81,32 mins,2.60%,1.80%,1.80%,46.50%,46.70%,N/A,N/A,98.41%,N/A,Manchester-Nashua,Eastern Standard Time,130,3.2,82.10%,34.50%,22,N/A,13,N/A,N/A,N/A
Mountain Lakes,New Hampshire,Grafton County,393,111,79,26,53,40,142,194,69,N/A,N/A,N/A,N/A,6,16,57,17.28%,$57727,$1639,$157300,N/A,N/A,31,8%,22%,7%,89,22 mins,2.10%,1.50%,-12.10%,55.70%,37.10%,N/A,N/A,93.20%,5.10%,Claremont-Lebanon,N/A,N/A,3.1,38.80%,26.90%,0,N/A,10,1.6%,16.1%,1.7%
Nashua,New Hampshire,Hillsborough,87642,2842,82,33,49,47,125,201,57,74%,77%,75%,7,15,28,39,36.16%,$66818,$1281,$289700,N/A,N/A,44,6%,29%,19%,57,26 mins,2.90%,2.10%,0.70%,46.50%,46.70%,8.36%,4.08%,82.61%,12.60%,Manchester-Nashua,Eastern Standard Time,130,3.2,52.80%,50.20%,38,N/A,38,6.7%,21.1%,15.8%
Nelson,New Hampshire,Cheshire County,575,26,79,30,49,47,135,199,69,78%,82%,79%,7,8,22,46,54.69%,$68750,$942,$262200,N/A,N/A,35,7%,21%,8%,88,35 mins,2.50%,0.30%,-20.10%,52.70%,40.30%,N/A,N/A,91.35%,7.70%,Keene,N/A,N/A,3.3,45.40%,45.50%,3,N/A,10,N/A,N/A,N/A
New Boston,New Hampshire,Hillsborough,5503,128,80,31,49,48,131,199,62,75%,78%,76%,6,7,14,41,43.84%,$100075,$1163,$337500,N/A,N/A,27,4%,26%,17%,81,34 mins,2.60%,1.80%,7.20%,46.50%,46.70%,N/A,N/A,98.79%,1.10%,Manchester-Nashua,Eastern Standard Time,130,3.2,88.90%,36.00%,34,N/A,13,N/A,N/A,N/A
New Castle,New Hampshire,Rockingham County,917,1112,82,33,49,50,118,200,53,79%,78%,77%,9,6,16,60,65.23%,$122604,$2567,$1227400,N/A,N/A,57,5%,22%,23%,70,30 mins,2.70%,2.40%,18.80%,44.10%,49.90%,N/A,N/A,100.00%,6.10%,Boston-Cambridge-Newton,Eastern Standard Time,29,3.4,69.00%,30.80%,22,N/A,37,N/A,N/A,N/A
New Durham,New Hampshire,Strafford County,2663,64,81,30,51,47,131,199,60,79%,80%,79%,7,13,21,47,31.15%,$78583,$1156,$266700,N/A,N/A,38,5%,20%,13%,85,34 mins,2.30%,2.40%,3.10%,50.60%,42.10%,N/A,N/A,96.59%,N/A,Boston-Cambridge-Newton,Eastern Standard Time,29,3.2,55.80%,35.00%,33,N/A,33,N/A,N/A,N/A
New Hampton,New Hampshire,Belknap County,2276,62,81,29,52,46,133,199,73,77%,81%,79%,6,13,26,44,39.38%,$69292,$965,$238300,N/A,N/A,34,8%,31%,14%,87,26 mins,2.20%,1.40%,-3.10%,38.60%,55.10%,1.83%,1.78%,93.59%,1.00%,Laconia,N/A,N/A,3.1,68.60%,41.10%,7,N/A,21,0%,20.9%,6.8%
New Ipswich,New Hampshire,Hillsborough,5206,159,79,31,48,48,119,197,77,76%,80%,77%,6,12,17,37,26.28%,$80688,$1276,$241400,N/A,N/A,32,4%,35%,14%,85,37 mins,2.60%,1.80%,4.50%,46.50%,46.70%,1.00%,N/A,96.09%,2.00%,Manchester-Nashua,Eastern Standard Time,130,3.2,80.60%,33.50%,8,N/A,N/A,N/A,N/A,N/A
New London,New Hampshire,Merrimack County,4525,201,79,28,51,50,138,199,71,77%,82%,78%,6,6,14,44,62.29%,$67500,$1263,$355600,N/A,N/A,40,6%,21%,4%,88,22 mins,2.10%,1.40%,2.30%,48.10%,45.00%,1.89%,1.21%,96.31%,3.90%,Concord,N/A,N/A,3.2,54.70%,58.10%,40,N/A,39,15.7%,25.3%,7.3%
Newbury,New Hampshire,Merrimack County,1892,53,79,29,50,49,134,199,73,78%,83%,79%,6,7,12,54,59.62%,$64107,$908,$322500,N/A,N/A,37,9%,27%,10%,88,29 mins,2.10%,1.40%,-7.30%,48.10%,45.00%,1.72%,N/A,96.85%,N/A,Concord,N/A,N/A,3.2,48.70%,32.00%,15,N/A,3,N/A,N/A,N/A
Newfields,New Hampshire,Rockingham County,1559,220,82,33,49,49,117,199,53,78%,77%,77%,9,7,19,42,53.88%,$102500,$1420,$495500,N/A,N/A,25,9%,24%,17%,74,26 mins,2.70%,2.40%,-13.50%,44.10%,49.90%,1.65%,N/A,95.33%,1.70%,Boston-Cambridge-Newton,Eastern Standard Time,29,3.4,91.70%,36.00%,0,N/A,35,1.9%,26.2%,5.5%
Newington,New Hampshire,Rockingham County,819,100,82,33,49,50,118,200,53,78%,77%,77%,9,22,99,54,51.49%,$87857,$1750,$651600,N/A,N/A,38,6%,25%,18%,76,27 mins,2.70%,2.40%,13.60%,44.10%,49.90%,2.10%,1.54%,96.07%,1.60%,Boston-Cambridge-Newton,Eastern Standard Time,29,3.4,78.70%,38.20%,9,N/A,25,N/A,N/A,N/A
Newmarket,New Hampshire,Rockingham County,8977,716,82,33,49,48,117,200,53,78%,77%,77%,9,13,13,37,47.40%,$63298,$1235,$290500,N/A,N/A,35,5%,25%,15%,74,31 mins,2.70%,2.40%,1.40%,44.10%,49.90%,3.66%,N/A,93.71%,3.50%,Boston-Cambridge-Newton,Eastern Standard Time,29,3.4,50.60%,52.60%,68,N/A,38,1.7%,21.8%,9.6%
Newport,New Hampshire,Sullivan County,6385,147,79,28,51,47,134,199,70,78%,83%,79%,6,16,35,43,21.19%,$53900,$892,$150400,N/A,N/A,51,3%,19%,1%,86,24 mins,2.20%,0.50%,-2.30%,45.00%,47.60%,N/A,N/A,94.62%,N/A,Claremont-Lebanon,N/A,N/A,3.3,61.90%,58.40%,50,N/A,N/A,10.8%,18.6%,1.5%
Newton,New Hampshire,Rockingham County,4824,487,82,33,49,48,124,201,52,75%,77%,75%,7,11,15,43,32.69%,$78980,$1089,$326000,N/A,N/A,38,7%,28%,16%,71,33 mins,2.70%,2.40%,5.10%,44.10%,49.90%,1.12%,N/A,97.72%,2.60%,Boston-Cambridge-Newton,Eastern Standard Time,29,3.4,78.10%,44.60%,14,N/A,N/A,N/A,N/A,N/A
North Conway,New Hampshire,Carroll County,2141,502,80,29,51,50,137,200,77,78%,80%,79%,5,10,28,46,53.60%,$37211,$1001,$263000,N/A,N/A,41,8%,24%,13%,91,26 mins,2.10%,0.60%,-17.10%,43.90%,49.40%,1.01%,N/A,96.51%,2.00%,None,N/A,N/A,2.8,25.80%,64.50%,51,N/A,54,15.2%,20.4%,3.8%
North Hampton,New Hampshire,Rockingham County,4428,318,82,33,49,50,123,201,56,78%,76%,76%,9,7,18,50,50.99%,$86853,$1743,$483800,N/A,N/A,37,8%,26%,20%,77,27 mins,2.70%,2.40%,2.20%,44.10%,49.90%,3.05%,1.53%,90.98%,3.50%,Boston-Cambridge-Newton,Eastern Standard Time,29,3.4,79.90%,36.50%,46,N/A,41,N/A,N/A,N/A
North Haverhill,New Hampshire,Grafton County,1082,355,80,27,53,39,142,194,71,79%,84%,80%,6,8,21,52,24.27%,$70885,$1189,$168800,N/A,N/A,35,8%,22%,8%,88,22 mins,2.10%,1.50%,0.00%,55.70%,37.10%,N/A,N/A,90.83%,1.40%,Claremont-Lebanon,N/A,N/A,3.1,65.60%,N/A,1,N/A,N/A,0%,25.1%,4.1%
North Walpole,New Hampshire,Cheshire County,789,1152,82,30,52,43,130,197,55,77%,82%,78%,6,9,23,43,38.36%,$52639,$856,$136900,N/A,N/A,78,7%,22%,7%,83,23 mins,2.50%,0.30%,-34.60%,52.70%,40.30%,N/A,N/A,100.00%,N/A,Keene,N/A,N/A,3.3,51.50%,57.30%,64,N/A,33,0%,16.4%,0%
North Woodstock,New Hampshire,Grafton County,322,384,79,28,51,42,144,194,72,81%,86%,82%,5,10,28,58,27.80%,$46806,$696,$205800,N/A,N/A,34,8%,21%,8%,94,22 mins,2.10%,1.50%,-30.80%,55.70%,37.10%,N/A,N/A,95.50%,8.10%,Claremont-Lebanon,N/A,N/A,3.1,15.80%,51.70%,42,N/A,28,4.3%,16.5%,1.4%
Northfield,New Hampshire,Merrimack County,4820,167,81,30,51,46,134,199,62,76%,80%,77%,6,13,30,41,20.41%,$65368,$871,$226300,N/A,N/A,39,11%,28%,13%,79,26 mins,2.10%,1.40%,-0.80%,48.10%,45.00%,2.36%,N/A,93.79%,1.20%,Concord,N/A,N/A,3.2,71.20%,46.40%,47,N/A,N/A,N/A,N/A,N/A
Northumberland,New Hampshire,Coos County,2374,66,79,25,54,39,150,198,77,N/A,N/A,N/A,N/A,19,22,45,8.88%,$37254,$686,$109500,N/A,N/A,56,8%,22%,6%,93,22 mins,2.80%,0.60%,-1.00%,42.00%,50.90%,1.25%,N/A,95.31%,N/A,Berlin,N/A,N/A,3,56.40%,46.20%,19,N/A,N/A,N/A,N/A,N/A
Northwood,New Hampshire,Rockingham County,4282,153,81,30,51,46,130,199,62,77%,78%,77%,8,15,21,42,33.92%,$71379,$963,$273200,N/A,N/A,38,6%,27%,14%,81,38 mins,2.70%,2.40%,2.50%,44.10%,49.90%,N/A,1.19%,95.60%,3.50%,Boston-Cambridge-Newton,Eastern Standard Time,29,3.4,67.50%,34.70%,43,N/A,32,N/A,N/A,N/A
Nottingham,New Hampshire,Rockingham County,4962,107,82,32,50,46,116,199,51,77%,78%,77%,8,7,15,44,41.12%,$86250,$1095,$337100,N/A,N/A,34,5%,25%,14%,80,36 mins,2.70%,2.40%,7.20%,44.10%,49.90%,1.05%,N/A,98.32%,N/A,Boston-Cambridge-Newton,Eastern Standard Time,29,3.4,87.80%,33.20%,36,N/A,N/A,N/A,N/A,N/A
Orange,New Hampshire,Grafton County,199,9,78,28,50,46,135,194,72,77%,82%,79%,6,8,21,56,40.67%,$63750,$1450,$194200,N/A,N/A,44,8%,22%,7%,90,22 mins,2.10%,1.50%,-38.40%,55.70%,37.10%,1.14%,N/A,94.70%,N/A,Claremont-Lebanon,N/A,N/A,3.1,67.30%,44.60%,0,N/A,4,N/A,N/A,N/A
Orford,New Hampshire,Grafton County,1581,34,77,26,51,45,140,195,71,79%,84%,80%,6,7,8,43,28.54%,$76339,$1184,$199800,N/A,N/A,38,8%,23%,7%,90,25 mins,2.10%,1.50%,29.40%,55.70%,37.10%,18.14%,6.72%,71.75%,3.70%,Claremont-Lebanon,N/A,N/A,3.1,59.10%,48.40%,27,N/A,33,N/A,N/A,N/A
Pelham,New Hampshire,Hillsborough,13323,505,83,33,50,46,125,200,56,73%,76%,74%,7,10,19,43,35.31%,$87359,$1177,$374300,N/A,N/A,37,5%,31%,18%,68,31 mins,3.40%,2.70%,5.60%,46.50%,46.70%,1.67%,N/A,94.40%,2.70%,Manchester-Nashua,Eastern Standard Time,130,3.2,85.90%,37.00%,23,N/A,35,N/A,N/A,N/A
Pembroke,New Hampshire,Merrimack County,7137,313,82,32,50,42,128,199,58,77%,78%,77%,7,12,20,41,27.61%,$67264,$1092,$265600,N/A,N/A,41,7%,30%,12%,75,33 mins,2.10%,1.40%,-0.50%,48.10%,45.00%,N/A,N/A,96.62%,3.40%,Concord,N/A,N/A,3.2,72.10%,42.40%,11,N/A,28,N/A,N/A,N/A
Peterborough,New Hampshire,Hillsborough,6450,171,80,31,49,47,117,199,68,76%,80%,77%,6,10,22,51,51.03%,$61201,$902,$247400,N/A,N/A,42,8%,28%,12%,86,24 mins,2.60%,1.80%,3.30%,46.50%,46.70%,N/A,N/A,99.65%,2.00%,Manchester-Nashua,Eastern Standard Time,130,3.2,60.50%,47.40%,54,N/A,42,1.8%,19.9%,5.8%
Piermont,New Hampshire,Grafton County,866,23,78,26,52,42,144,190,71,79%,84%,80%,6,7,18,48,40.30%,$72841,$908,$186800,N/A,N/A,42,8%,22%,7%,90,29 mins,2.10%,1.50%,-7.30%,55.70%,37.10%,1.61%,N/A,98.04%,1.20%,Claremont-Lebanon,N/A,N/A,3.1,61.20%,39.20%,15,N/A,N/A,N/A,N/A,N/A
Pinardville,New Hampshire,Hillsborough,5142,3090,82,33,49,45,124,200,58,N/A,N/A,N/A,N/A,10,24,42,19.02%,$59671,$1224,$233800,N/A,N/A,46,5%,30%,16%,69,23 mins,2.60%,1.80%,36.70%,46.50%,46.70%,N/A,N/A,91.42%,2.60%,Manchester-Nashua,Eastern Standard Time,130,3.2,65.30%,51.60%,66,N/A,41,12.3%,23.1%,4.6%
Pittsburg,New Hampshire,Coos County,815,3,74,22,52,43,162,183,117,81%,88%,84%,6,8,22,57,14.67%,$38000,$488,$135900,N/A,N/A,31,7%,26%,10%,95,20 mins,2.80%,0.60%,-11.40%,42.00%,50.90%,N/A,N/A,97.16%,N/A,Berlin,N/A,N/A,3,18.50%,38.00%,4,N/A,N/A,N/A,N/A,N/A
Pittsfield,New Hampshire,Merrimack County,4091,172,81,30,51,46,134,199,58,77%,80%,78%,6,19,24,39,18.01%,$48672,$826,$220500,N/A,N/A,45,9%,34%,11%,84,37 mins,2.10%,1.40%,-1.20%,48.10%,45.00%,N/A,N/A,98.91%,3.00%,Concord,N/A,N/A,3.2,59.10%,48.90%,52,N/A,49,16.4%,25.5%,2.7%
Plainfield,New Hampshire,Sullivan County,2439,47,81,29,52,40,135,199,66,78%,83%,80%,6,6,17,46,45.64%,$99625,$1542,$284200,N/A,N/A,41,6%,25%,12%,85,24 mins,2.20%,0.50%,-4.40%,45.00%,47.60%,3.25%,N/A,95.26%,N/A,Claremont-Lebanon,N/A,N/A,3.3,74.60%,43.00%,0,N/A,19,0%,12.5%,9.6%
Plaistow,New Hampshire,Rockingham County,7642,719,82,34,48,48,130,201,57,75%,77%,75%,7,9,30,39,24.86%,$70264,$1365,$310800,N/A,N/A,41,6%,32%,19%,68,32 mins,2.70%,2.40%,-0.80%,44.10%,49.90%,N/A,N/A,96.25%,3.00%,Boston-Cambridge-Newton,Eastern Standard Time,29,3.4,78.10%,43.30%,16,N/A,N/A,N/A,N/A,N/A
Plymouth,New Hampshire,Grafton County,6690,238,81,29,52,45,143,194,73,78%,82%,80%,6,21,41,22,37.95%,$32459,$652,$182400,N/A,N/A,38,6%,20%,6%,88,16 mins,2.10%,1.50%,-2.10%,55.70%,37.10%,3.75%,1.67%,91.96%,2.90%,Claremont-Lebanon,N/A,N/A,3.1,47.60%,73.90%,80,N/A,39,10.8%,16.8%,4.8%
Portsmouth,New Hampshire,Rockingham County,21644,1382,82,33,49,50,118,198,53,78%,77%,77%,9,12,30,40,58.55%,$67679,$1305,$439200,N/A,N/A,61,7%,29%,29%,57,21 mins,1.80%,2.60%,3.30%,44.10%,49.90%,4.81%,2.48%,90.04%,2.90%,Boston-Cambridge-Newton,Eastern Standard Time,29,3.4,49.30%,56.10%,47,N/A,48,4.1%,19.7%,7%
Randolph,New Hampshire,Coos County,380,8,77,26,51,42,147,198,88,N/A,N/A,N/A,N/A,7,18,59,56.77%,$71375,$925,$233600,N/A,N/A,50,6%,23%,8%,95,20 mins,2.80%,0.60%,-17.00%,42.00%,50.90%,N/A,N/A,99.73%,N/A,Berlin,N/A,N/A,3,45.50%,31.20%,3,N/A,N/A,N/A,N/A,N/A
Raymond,New Hampshire,Rockingham County,10324,359,82,33,49,46,114,200,53,77%,78%,77%,8,12,23,41,23.05%,$66563,$1333,$276300,N/A,N/A,34,8%,27%,14%,76,37 mins,2.70%,2.40%,1.80%,44.10%,49.90%,N/A,N/A,96.83%,2.60%,Boston-Cambridge-Newton,Eastern Standard Time,29,3.4,75.30%,45.70%,30,N/A,45,3.8%,19.8%,2.4%
Richmond,New Hampshire,Cheshire County,1243,33,82,31,51,46,127,197,52,77%,81%,78%,6,8,20,45,21.54%,$60500,$1379,$204400,N/A,N/A,33,7%,22%,7%,85,23 mins,2.50%,0.30%,-10.10%,52.70%,40.30%,N/A,N/A,99.46%,1.80%,Keene,N/A,N/A,3.3,75.40%,44.10%,5,N/A,25,N/A,N/A,N/A
Rindge,New Hampshire,Cheshire County,6005,161,79,31,48,48,123,197,67,78%,82%,79%,7,9,24,32,30.44%,$66800,$978,$240900,N/A,N/A,36,10%,26%,8%,86,34 mins,2.50%,0.30%,0.20%,52.70%,40.30%,N/A,1.30%,93.64%,1.80%,Keene,N/A,N/A,3.3,64.00%,49.40%,5,N/A,19,N/A,N/A,N/A
Rochester,New Hampshire,Strafford County,30212,670,82,32,50,49,119,202,51,80%,79%,79%,8,18,53,41,21.67%,$48114,$1041,$193000,N/A,N/A,41,7%,35%,10%,76,27 mins,2.50%,2.40%,1.40%,50.60%,42.10%,1.87%,N/A,94.23%,1.90%,Boston-Cambridge-Newton,Eastern Standard Time,29,3.2,63.60%,49.10%,22,N/A,33,9.3%,22.0%,3%
Rollinsford,New Hampshire,Strafford County,2529,347,81,33,48,48,117,199,51,78%,77%,77%,9,9,20,44,36.98%,$63269,$1054,$256400,N/A,N/A,58,10%,25%,14%,75,28 mins,2.30%,2.40%,-1.90%,50.60%,42.10%,N/A,2.65%,95.09%,3.90%,Boston-Cambridge-Newton,Eastern Standard Time,29,3.2,71.60%,35.80%,47,N/A,30,N/A,N/A,N/A
Roxbury,New Hampshire,Cheshire County,216,18,81,30,51,45,129,197,56,78%,82%,79%,7,6,16,41,33.83%,$61964,$1188,$185400,N/A,N/A,54,7%,22%,8%,88,20 mins,2.50%,0.30%,-7.70%,52.70%,40.30%,N/A,N/A,100.00%,N/A,Keene,N/A,N/A,3.3,82.70%,31.70%,0,N/A,7,N/A,N/A,N/A
Rumney,New Hampshire,Grafton County,1634,39,79,27,52,43,133,199,72,79%,83%,80%,6,9,23,47,27.12%,$51667,$865,$168800,N/A,N/A,45,10%,25%,4%,92,31 mins,2.10%,1.50%,-0.90%,55.70%,37.10%,N/A,N/A,96.62%,N/A,Claremont-Lebanon,N/A,N/A,3.1,52.50%,49.90%,25,N/A,23,N/A,N/A,N/A
Rye,New Hampshire,Rockingham County,5401,428,82,33,49,50,123,200,56,78%,77%,77%,9,9,19,52,62.06%,$95583,$1500,$734500,N/A,N/A,48,2%,30%,22%,78,26 mins,2.70%,2.40%,1.50%,44.10%,49.90%,N/A,N/A,98.15%,N/A,Boston-Cambridge-Newton,Eastern Standard Time,29,3.4,63.50%,42.10%,16,N/A,39,N/A,N/A,N/A
Salem,New Hampshire,Rockingham County,28951,1171,83,34,49,47,132,200,59,75%,77%,75%,7,13,34,44,36.19%,$78395,$1148,$346900,N/A,N/A,42,4%,27%,18%,66,28 mins,3.60%,2.50%,0.20%,44.10%,49.90%,3.69%,N/A,91.35%,6.40%,Boston-Cambridge-Newton,Eastern Standard Time,29,3.4,75.00%,45.20%,16,N/A,29,N/A,N/A,N/A
Salisbury,New Hampshire,Merrimack County,1262,32,80,29,51,48,132,199,73,76%,80%,77%,6,7,18,49,28.11%,$67208,$1175,$232600,N/A,N/A,38,9%,30%,11%,87,32 mins,2.10%,1.40%,0.70%,48.10%,45.00%,N/A,N/A,98.66%,N/A,Concord,N/A,N/A,3.2,81.50%,34.10%,20,N/A,28,N/A,N/A,N/A
Sanbornton,New Hampshire,Belknap County,2973,62,81,29,52,44,127,199,72,76%,80%,77%,6,9,23,48,35.49%,$68555,$883,$273800,N/A,N/A,39,7%,28%,12%,84,30 mins,2.20%,1.40%,1.70%,38.60%,55.10%,1.84%,N/A,96.04%,1.60%,Laconia,N/A,N/A,3.1,52.40%,36.00%,21,N/A,6,N/A,N/A,N/A
Sanbornville,New Hampshire,Carroll County,724,456,81,30,51,46,131,199,68,79%,81%,80%,6,7,18,66,17.84%,$41518,$760,$159000,N/A,N/A,43,8%,24%,13%,85,26 mins,2.10%,0.60%,-27.40%,43.90%,49.40%,N/A,N/A,100.00%,N/A,None,N/A,N/A,2.8,50.00%,22.00%,1,N/A,25,0%,9.0%,1.9%
Sandown,New Hampshire,Rockingham County,6279,450,82,33,49,46,120,199,56,75%,77%,75%,7,6,10,41,29.71%,$78840,$1310,$312000,N/A,N/A,30,6%,29%,16%,74,33 mins,2.70%,2.40%,6.80%,44.10%,49.90%,N/A,N/A,97.18%,1.40%,Boston-Cambridge-Newton,Eastern Standard Time,29,3.4,85.70%,40.30%,1,N/A,3,N/A,N/A,N/A
Seabrook,New Hampshire,Rockingham County,8834,993,82,34,48,50,127,201,60,78%,76%,76%,9,16,39,53,18.23%,$51684,$1135,$385200,N/A,N/A,38,6%,25%,17%,65,25 mins,2.70%,2.40%,2.50%,44.10%,49.90%,1.26%,1.26%,95.76%,N/A,Boston-Cambridge-Newton,Eastern Standard Time,29,3.4,54.50%,44.90%,47,N/A,N/A,N/A,N/A,N/A
Seabrook Beach,New Hampshire,Rockingham County,932,890,82,34,48,50,127,200,60,N/A,N/A,N/A,N/A,8,20,59,54.87%,$65483,$1154,$532200,N/A,N/A,50,6%,26%,17%,69,30 mins,2.70%,2.40%,-39.50%,44.10%,49.90%,N/A,N/A,98.92%,N/A,Boston-Cambridge-Newton,Eastern Standard Time,29,3.4,39.00%,45.40%,16,N/A,41,5.2%,19.8%,0%
Sharon,New Hampshire,Hillsborough,332,21,80,31,49,47,117,199,68,76%,80%,77%,6,6,16,57,63.40%,$79583,$1350,$352800,N/A,N/A,39,5%,29%,15%,85,38 mins,2.60%,1.80%,-11.20%,46.50%,46.70%,N/A,N/A,100.00%,N/A,Manchester-Nashua,Eastern Standard Time,130,3.2,77.00%,27.80%,N/A,N/A,N/A,N/A,N/A,N/A
Shelburne,New Hampshire,Coos County,348,7,78,26,52,42,140,198,79,79%,83%,81%,5,7,18,58,31.20%,$54063,$920,$207700,N/A,N/A,43,6%,22%,8%,96,24 mins,2.80%,0.60%,-4.90%,42.00%,50.90%,N/A,N/A,99.51%,N/A,Berlin,N/A,N/A,3,66.80%,33.30%,0,N/A,N/A,N/A,N/A,N/A
Somersworth,New Hampshire,Strafford County,11797,1204,82,32,50,48,120,196,51,80%,79%,79%,8,24,48,37,25.77%,$53094,$1071,$227000,N/A,N/A,57,5%,25%,8%,72,22 mins,2.30%,2.40%,-0.20%,50.60%,42.10%,6.74%,3.24%,83.87%,3.80%,Boston-Cambridge-Newton,Eastern Standard Time,29,3.2,50.80%,44.00%,83,N/A,30,6.1%,21.7%,9.5%
South Hampton,New Hampshire,Rockingham County,793,99,82,33,49,49,122,200,56,78%,76%,76%,9,7,11,45,39.90%,$91250,$1417,$458900,N/A,N/A,45,6%,28%,17%,73,34 mins,2.70%,2.40%,9.40%,44.10%,49.90%,2.58%,N/A,94.19%,3.40%,Boston-Cambridge-Newton,Eastern Standard Time,29,3.4,70.40%,33.90%,6,N/A,23,N/A,N/A,N/A
South Hooksett,New Hampshire,Merrimack County,5927,1109,82,32,50,42,125,197,57,N/A,N/A,N/A,N/A,8,19,37,36.96%,$88850,$1075,$286400,N/A,N/A,36,7%,27%,10%,68,22 mins,2.10%,1.40%,9.30%,48.10%,45.00%,2.38%,1.37%,93.12%,5.90%,Concord,N/A,N/A,3.2,82.60%,47.00%,28,N/A,29,2.3%,19.9%,6.2%
Springfield,New Hampshire,Sullivan County,1011,23,79,28,51,46,132,199,71,78%,83%,79%,6,6,8,51,N/A,$76207,N/A,$235800,N/A,N/A,32,5%,22%,6%,87,27 mins,2.20%,0.50%,1.70%,45.00%,47.60%,N/A,N/A,99.17%,N/A,Claremont-Lebanon,N/A,N/A,3.3,55.40%,34.90%,1,N/A,5,N/A,N/A,N/A
Stark,New Hampshire,Coos County,514,9,79,25,54,40,149,198,78,80%,86%,82%,6,9,23,54,10.98%,$39191,$775,$127700,N/A,N/A,40,6%,22%,8%,93,41 mins,2.80%,0.60%,-5.00%,42.00%,50.90%,N/A,1.49%,96.86%,N/A,Berlin,N/A,N/A,3,40.20%,38.60%,0,N/A,N/A,N/A,N/A,N/A
Stewartstown,New Hampshire,Coos County,799,17,77,24,53,41,155,198,103,81%,88%,84%,6,9,23,59,14.82%,$28661,$580,$124100,N/A,N/A,35,6%,23%,8%,95,20 mins,2.80%,0.60%,-27.60%,42.00%,50.90%,N/A,N/A,97.54%,N/A,Berlin,N/A,N/A,3,39.20%,48.00%,8,N/A,N/A,N/A,N/A,N/A
Stoddard,New Hampshire,Cheshire County,1193,23,79,30,49,47,135,199,73,78%,83%,79%,6,6,17,48,26.49%,$72679,$1446,$238600,N/A,N/A,36,12%,25%,14%,88,33 mins,2.50%,0.30%,-14.10%,52.70%,40.30%,N/A,N/A,97.61%,N/A,Keene,N/A,N/A,3.3,39.60%,32.60%,5,N/A,2,N/A,N/A,N/A
Strafford,New Hampshire,Strafford County,4057,83,81,30,51,48,130,199,58,79%,80%,79%,7,8,14,43,42.51%,$97333,$1041,$285000,N/A,N/A,34,5%,27%,16%,83,37 mins,2.30%,2.40%,2.60%,50.60%,42.10%,N/A,1.23%,98.45%,5.60%,Boston-Cambridge-Newton,Eastern Standard Time,29,3.2,71.80%,34.80%,N/A,N/A,N/A,N/A,N/A,N/A
Stratford,New Hampshire,Coos County,638,8,73,22,51,53,149,198,116,80%,86%,82%,5,11,28,47,5.46%,$28929,$555,$72200,N/A,N/A,36,6%,24%,8%,93,35 mins,2.80%,0.60%,-32.70%,42.00%,50.90%,N/A,N/A,98.25%,N/A,Berlin,N/A,N/A,3,37.00%,53.20%,0,N/A,7,N/A,N/A,N/A
Stratham,New Hampshire,Rockingham County,7372,488,82,33,49,50,122,200,53,78%,77%,77%,9,7,16,44,58.56%,$116875,$1607,$430800,N/A,N/A,32,5%,22%,15%,74,29 mins,2.70%,2.40%,3.00%,44.10%,49.90%,6.13%,N/A,92.58%,1.10%,Boston-Cambridge-Newton,Eastern Standard Time,29,3.4,84.00%,28.90%,5,N/A,26,N/A,N/A,N/A
Sugar Hill,New Hampshire,Grafton County,643,38,78,26,52,40,157,194,86,81%,86%,82%,5,7,19,59,55.66%,$78056,$646,$295900,N/A,N/A,63,8%,21%,8%,93,19 mins,2.10%,1.50%,-2.90%,55.70%,37.10%,N/A,N/A,92.36%,1.40%,Claremont-Lebanon,N/A,N/A,3.1,55.70%,27.30%,19,N/A,22,N/A,N/A,N/A
Suissevale,New Hampshire,Carroll County,205,175,80,29,51,48,131,199,68,N/A,N/A,N/A,N/A,10,25,50,N/A,$61016,N/A,$403900,N/A,N/A,28,8%,25%,13%,89,26 mins,2.10%,0.60%,130.30%,43.90%,49.40%,7.12%,N/A,85.76%,N/A,None,N/A,N/A,2.8,16.40%,36.80%,0,N/A,6,0%,13.6%,10.4%
Sullivan,New Hampshire,Cheshire County,725,39,79,30,49,46,134,198,69,78%,83%,79%,6,8,21,46,26.01%,$48056,$1219,$200200,N/A,N/A,40,7%,21%,8%,88,24 mins,2.50%,0.30%,-10.50%,52.70%,40.30%,N/A,N/A,99.24%,N/A,Keene,N/A,N/A,3.3,77.40%,46.60%,8,N/A,N/A,N/A,N/A,N/A
Sunapee,New Hampshire,Sullivan County,3404,161,79,28,51,47,134,199,70,78%,83%,79%,6,9,11,48,41.80%,$72863,$1193,$341300,N/A,N/A,37,6%,24%,9%,88,23 mins,2.20%,0.50%,1.60%,45.00%,47.60%,N/A,N/A,98.93%,N/A,Claremont-Lebanon,N/A,N/A,3.3,40.30%,54.20%,37,N/A,N/A,N/A,N/A,N/A
Suncook,New Hampshire,Merrimack County,5272,1416,82,32,50,42,128,195,58,77%,78%,77%,7,10,23,39,20.67%,$43780,$793,$216700,N/A,N/A,57,6%,26%,13%,76,31 mins,2.10%,1.40%,-9.20%,48.10%,45.00%,N/A,N/A,95.56%,1.70%,Concord,N/A,N/A,3.2,61.70%,47.10%,53,N/A,30,10.8%,19.7%,8.1%
Surry,New Hampshire,Cheshire County,884,57,82,30,52,45,129,197,55,77%,82%,78%,6,7,17,47,38.57%,$71875,$1234,$226700,N/A,N/A,42,7%,22%,8%,87,22 mins,2.50%,0.30%,19.80%,52.70%,40.30%,N/A,N/A,98.57%,N/A,Keene,N/A,N/A,3.3,87.50%,34.90%,7,N/A,27,N/A,N/A,N/A
Sutton,New Hampshire,Merrimack County,1932,46,79,29,50,48,135,199,71,N/A,N/A,N/A,N/A,7,18,45,45.91%,$68295,$1365,$254900,N/A,N/A,38,7%,22%,10%,88,27 mins,2.10%,1.40%,19.40%,48.10%,45.00%,1.52%,N/A,95.80%,1.10%,Concord,N/A,N/A,3.2,65.90%,36.60%,3,N/A,N/A,N/A,N/A,N/A
Swanzey,New Hampshire,Cheshire County,7169,159,82,31,51,45,130,197,54,77%,81%,78%,6,11,21,43,27.31%,$54355,$1028,$177600,N/A,N/A,43,2%,16%,3%,82,19 mins,2.50%,0.30%,-0.80%,52.70%,40.30%,1.72%,N/A,95.14%,2.50%,Keene,N/A,N/A,3.3,66.40%,47.80%,3,N/A,N/A,N/A,N/A,N/A
Temple,New Hampshire,Hillsborough,1408,63,80,31,49,48,124,198,76,76%,80%,77%,6,7,19,49,39.68%,$64948,$1281,$283900,N/A,N/A,36,4%,28%,11%,85,27 mins,2.60%,1.80%,-1.40%,46.50%,46.70%,N/A,N/A,96.77%,2.10%,Manchester-Nashua,Eastern Standard Time,130,3.2,76.80%,40.80%,13,N/A,16,N/A,N/A,N/A
Thornton,New Hampshire,Grafton County,2032,40,79,28,51,45,140,194,68,78%,82%,80%,6,10,13,48,35.35%,$57708,$1198,$207700,N/A,N/A,30,9%,22%,7%,94,29 mins,2.10%,1.50%,-16.50%,55.70%,37.10%,N/A,N/A,96.01%,3.10%,Claremont-Lebanon,N/A,N/A,3.1,41.90%,37.60%,1,N/A,11,N/A,N/A,N/A
Tilton,New Hampshire,Belknap County,3555,321,81,30,51,46,134,199,62,76%,80%,77%,6,17,87,49,20.52%,$50871,$874,$219500,N/A,N/A,47,8%,28%,9%,77,23 mins,2.20%,1.40%,-1.20%,38.60%,55.10%,N/A,N/A,96.93%,1.40%,Laconia,N/A,N/A,3.1,52.00%,52.90%,54,N/A,N/A,N/A,N/A,N/A
Tilton Northfield,New Hampshire,Belknap County,3076,1085,81,30,51,46,134,199,62,N/A,N/A,N/A,N/A,11,25,48,16.63%,$52823,$840,$188200,N/A,N/A,63,8%,27%,12%,78,21 mins,2.20%,1.40%,-18.70%,38.60%,55.10%,2.52%,1.32%,95.34%,1.60%,Laconia,N/A,N/A,3.1,44.20%,53.00%,53,N/A,27,0%,19.7%,3.4%
Troy,New Hampshire,Cheshire County,2182,125,79,31,48,47,123,197,67,78%,82%,79%,7,10,19,41,24.59%,$55043,$895,$161700,N/A,N/A,56,6%,19%,3%,86,25 mins,2.50%,0.30%,18.30%,52.70%,40.30%,N/A,N/A,93.81%,N/A,Keene,N/A,N/A,3.3,70.90%,51.90%,28,N/A,9,3%,18.1%,7.1%
Union,New Hampshire,Carroll County,187,601,81,30,51,46,125,199,60,79%,80%,79%,7,10,25,42,N/A,$19539,N/A,$193800,N/A,N/A,13,8%,24%,12%,85,26 mins,2.10%,0.60%,-50.90%,43.90%,49.40%,N/A,N/A,100.00%,N/A,None,N/A,N/A,2.8,61.40%,51.30%,10,N/A,20,0%,24.0%,0%
Unity,New Hampshire,Sullivan County,1498,41,80,29,51,44,134,199,70,N/A,N/A,N/A,N/A,8,20,55,16.01%,$57917,$1301,$190200,N/A,N/A,34,4%,22%,6%,87,26 mins,2.20%,0.50%,-14.00%,45.00%,47.60%,N/A,N/A,97.77%,1.40%,Claremont-Lebanon,N/A,N/A,3.3,73.80%,49.10%,3,N/A,20,N/A,N/A,N/A
Walpole,New Hampshire,Cheshire County,3809,108,81,30,51,44,130,198,56,77%,82%,78%,6,7,22,46,44.01%,$55714,$942,$237000,N/A,N/A,64,5%,23%,14%,83,27 mins,2.50%,0.30%,1.40%,52.70%,40.30%,N/A,1.83%,97.23%,N/A,Keene,N/A,N/A,3.3,67.50%,47.90%,33,N/A,35,0%,25.6%,3.7%
Warner,New Hampshire,Merrimack County,2887,52,80,30,50,49,134,199,68,77%,82%,78%,6,9,14,46,34.97%,$73348,$1092,$242300,N/A,N/A,39,6%,28%,10%,85,32 mins,2.10%,1.40%,0.80%,48.10%,45.00%,N/A,1.82%,96.22%,1.40%,Concord,N/A,N/A,3.2,53.50%,46.00%,4,N/A,10,0%,23.1%,2.7%
Warren,New Hampshire,Grafton County,831,17,78,27,51,42,145,198,72,79%,83%,80%,6,9,24,48,14.79%,$45000,$717,$165900,N/A,N/A,42,9%,27%,5%,94,32 mins,2.10%,1.50%,20.40%,55.70%,37.10%,N/A,N/A,99.54%,3.40%,Claremont-Lebanon,N/A,N/A,3.1,48.60%,45.00%,12,N/A,37,N/A,N/A,N/A
Washington,New Hampshire,Sullivan County,1265,28,79,29,50,47,134,199,73,78%,83%,79%,6,8,20,47,21.45%,$59375,$985,$195800,N/A,N/A,35,7%,25%,6%,90,37 mins,2.20%,0.50%,14.30%,45.00%,47.60%,N/A,N/A,96.50%,2.20%,Claremont-Lebanon,N/A,N/A,3.3,43.00%,34.70%,13,N/A,15,N/A,N/A,N/A
Waterville Valley,New Hampshire,Grafton County,191,3,80,29,51,48,141,194,72,78%,82%,80%,6,21,95,53,N/A,$73750,N/A,$196900,N/A,N/A,39,7%,13%,0%,94,22 mins,2.10%,1.50%,-52.30%,55.70%,37.10%,N/A,N/A,98.39%,N/A,Claremont-Lebanon,N/A,N/A,3.1,7.00%,48.30%,20,N/A,N/A,N/A,N/A,N/A
Weare,New Hampshire,Hillsborough,8921,152,79,30,49,49,131,199,70,76%,79%,76%,6,9,15,40,37.01%,$88871,$1426,$275900,N/A,N/A,31,4%,29%,16%,82,36 mins,2.60%,1.80%,3.00%,46.50%,46.70%,N/A,N/A,96.52%,1.80%,Manchester-Nashua,Eastern Standard Time,130,3.2,78.90%,41.80%,26,N/A,30,N/A,N/A,N/A
Webster,New Hampshire,Merrimack County,1872,67,81,30,51,45,134,199,62,76%,80%,77%,6,5,21,45,29.52%,$66042,$714,$248600,N/A,N/A,39,6%,26%,9%,85,32 mins,2.10%,1.40%,1.10%,48.10%,45.00%,N/A,N/A,98.71%,N/A,Concord,N/A,N/A,3.2,80.10%,39.40%,5,N/A,N/A,N/A,N/A,N/A
Wentworth,New Hampshire,Grafton County,828,20,80,28,52,43,145,198,72,79%,83%,80%,6,7,18,50,33.00%,$48125,$1104,$165400,N/A,N/A,36,8%,22%,7%,90,33 mins,2.10%,1.50%,-9.50%,55.70%,37.10%,2.46%,1.68%,94.74%,N/A,Claremont-Lebanon,N/A,N/A,3.1,52.50%,36.90%,2,N/A,N/A,N/A,N/A,N/A
West Stewartstown,New Hampshire,Coos County,279,451,77,24,53,42,158,198,104,81%,88%,84%,6,12,31,69,8.19%,$30833,$562,$58900,N/A,N/A,62,6%,23%,8%,95,20 mins,2.80%,0.60%,-33.70%,42.00%,50.90%,N/A,N/A,93.31%,2.50%,Berlin,N/A,N/A,3,51.20%,76.30%,22,N/A,28,0%,15.6%,2.7%
West Swanzey,New Hampshire,Cheshire County,1344,521,82,31,51,45,131,195,54,77%,81%,78%,6,11,28,26,36.29%,$38469,$1174,$162600,N/A,N/A,74,7%,22%,7%,82,23 mins,2.50%,0.30%,16.60%,52.70%,40.30%,5.58%,N/A,91.52%,1.30%,Keene,N/A,N/A,3.3,57.90%,50.90%,10,N/A,17,12.7%,24.0%,6.8%
Westmoreland,New Hampshire,Cheshire County,1802,50,81,30,51,45,130,198,56,77%,81%,78%,6,6,16,52,45.96%,$80069,$1018,$240700,N/A,N/A,45,5%,21%,7%,82,22 mins,2.50%,0.30%,-5.40%,52.70%,40.30%,N/A,N/A,97.64%,N/A,Keene,N/A,N/A,3.3,85.70%,34.20%,13,N/A,N/A,N/A,N/A,N/A
Whitefield,New Hampshire,Coos County,2186,64,79,26,53,39,164,198,85,81%,86%,83%,5,10,27,49,26.32%,$44042,$835,$169100,N/A,N/A,49,6%,26%,9%,93,20 mins,2.80%,0.60%,-1.50%,42.00%,50.90%,N/A,1.81%,93.41%,N/A,Berlin,N/A,N/A,3,44.40%,44.10%,37,N/A,24,6.5%,18.6%,2.6%
Wilmot,New Hampshire,Merrimack County,1477,50,79,28,51,47,133,199,71,77%,82%,78%,6,7,18,51,57.61%,$66125,$1252,$263400,N/A,N/A,39,5%,21%,11%,89,30 mins,2.10%,1.40%,18.10%,48.10%,45.00%,1.46%,N/A,97.26%,N/A,Concord,N/A,N/A,3.2,68.60%,38.10%,3,N/A,7,N/A,N/A,N/A
Wilton,New Hampshire,Hillsborough,3686,143,81,31,50,48,122,199,69,75%,78%,76%,6,8,22,45,39.14%,$72250,$976,$265800,N/A,N/A,46,5%,29%,14%,82,30 mins,2.60%,1.80%,-0.40%,46.50%,46.70%,1.76%,N/A,94.91%,N/A,Manchester-Nashua,Eastern Standard Time,130,3.2,75.90%,44.10%,45,N/A,14,0%,18.0%,1.8%
Winchester,New Hampshire,Cheshire County,4221,77,82,31,51,46,127,197,52,77%,81%,78%,6,10,26,40,11.73%,$44337,$916,$154800,N/A,N/A,41,8%,20%,7%,81,25 mins,2.50%,0.30%,-3.10%,52.70%,40.30%,1.32%,N/A,97.45%,1.00%,Keene,N/A,N/A,3.3,58.10%,53.50%,35,N/A,N/A,22.7%,27.1%,0.4%
Windham,New Hampshire,Rockingham County,14344,535,82,33,49,46,124,199,58,74%,77%,75%,7,7,13,43,57.90%,$111982,$2153,$431700,N/A,N/A,31,6%,25%,17%,70,31 mins,3.30%,2.10%,8.70%,44.10%,49.90%,3.37%,N/A,93.74%,3.00%,Boston-Cambridge-Newton,Eastern Standard Time,29,3.4,86.50%,34.80%,31,N/A,34,N/A,N/A,N/A
Windsor,New Hampshire,Hillsborough,226,27,79,30,49,49,131,199,70,77%,81%,78%,6,8,20,53,18.62%,$51667,$988,$225300,N/A,N/A,34,5%,28%,16%,87,27 mins,2.60%,1.80%,113.20%,46.50%,46.70%,N/A,N/A,97.10%,N/A,Manchester-Nashua,Eastern Standard Time,130,3.2,51.20%,38.90%,0,N/A,16,N/A,N/A,N/A
Woodstock,New Hampshire,Grafton County,1216,21,79,28,51,42,144,194,72,78%,82%,80%,6,11,37,41,38.94%,$50357,$767,$188800,N/A,N/A,34,9%,20%,0%,94,22 mins,2.10%,1.50%,-9.00%,55.70%,37.10%,6.04%,N/A,92.45%,2.10%,Claremont-Lebanon,N/A,N/A,3.1,26.40%,47.90%,0,N/A,6,N/A,N/A,N/A
Woodsville,New Hampshire,Grafton County,827,943,78,26,52,40,142,194,68,79%,84%,80%,6,12,31,33,10.66%,$38816,$945,$110200,N/A,N/A,78,8%,23%,8%,88,22 mins,2.10%,1.50%,-31.80%,55.70%,37.10%,N/A,N/A,100.00%,2.90%,Claremont-Lebanon,N/A,N/A,3.1,42.30%,71.10%,49,N/A,N/A,6.5%,24.2%,0.6%
