City,State,County,Population,People per sq mi,Hottest month's avg high (F),Coldest month's avg high (F),Hottest high minus coldest high,Annual rainfall (in),Annual days of precipitation,Annual days of sunshine,Annual snowfall (in),Average August humidity,Average December humidity,Average yearly humidity,Average yearly windspeed (mph),Violent crime index,Property crime index,Median age,% with at least Bachelor's degree,Median household income,Median rent,Median home price,Median home square feet,Median home cost per sq ft,Median home age,Home appreciation Last Year,Home appreciation Last 5 Years,Home appreciation Last 10 Years,Air quality Index,Average one-way commute time,Unemployment rate,Job growth last year,Population growth since 2010,% Democrat,% Republican,% Asian,% Black,% White,% Hispanic,Metro,Timezone,Elevation (ft),UV Index,Home Ownership Rate,Single Population,Walk Score,Transit Score,Bike Score
Alpine,Utah,Utah County,10197,1282,90,38,52,22,93,222,70,41%,78%,58%,5,6,19,29,57.97%,$98589,$1740,$869000,4218,$206,23,8%,44%,17%,83,26 mins,2.90%,N/A,12.50%,14.00%,50.20%,N/A,N/A,96.35%,1.70%,Provo-Orem,Mountain Standard Time,4227,4.5,84.80%,31.00%,33,N/A,49
Alta,Utah,Salt Lake County,351,77,90,38,52,22,93,225,71,44%,83%,64%,5,11,30,29,34.25%,$77500,$438,$1250400,N/A,N/A,32,10%,52%,43%,85,22 mins,2.90%,1.50%,1153.60%,41.50%,32.60%,N/A,N/A,74.12%,N/A,Salt Lake City,Mountain Standard Time,4260,4.7,11.90%,86.70%,19,N/A,8
Altamont,Utah,Duchesne County,186,989,85,33,52,11,62,230,40,40%,76%,56%,6,9,24,27,19.09%,$73750,$917,$204500,N/A,N/A,37,9%,25%,21%,89,20 mins,4.60%,-0.70%,-21.90%,7.20%,78.80%,N/A,N/A,97.04%,8.10%,None,N/A,N/A,4.7,70.40%,41.90%,9,N/A,29
Alton,Utah,Kane County,143,63,82,38,44,15,72,259,80,33%,60%,41%,7,8,22,31,20.40%,$33750,$792,$300700,N/A,N/A,22,16%,32%,17%,94,12 mins,2.60%,1.70%,-35.90%,20.90%,64.00%,N/A,N/A,94.50%,N/A,None,N/A,N/A,6,39.80%,27.50%,0,N/A,17
Amalga,Utah,Cache County,577,166,89,31,58,17,101,219,56,38%,84%,63%,5,8,22,27,24.11%,$65441,$675,$263500,N/A,N/A,41,12%,37%,36%,89,17 mins,2.70%,1.00%,3.20%,18.30%,45.20%,N/A,N/A,96.23%,20.30%,Logan,Mountain Standard Time,4507,4.7,81.30%,31.00%,0,N/A,21
American Fork,Utah,Utah County,28507,2673,91,38,53,15,80,230,34,41%,78%,58%,5,7,32,27,39.65%,$66687,$1169,$415000,2243,$185,27,12%,50%,45%,77,20 mins,3.20%,N/A,12.40%,14.00%,50.20%,N/A,N/A,92.36%,8.50%,Provo-Orem,Mountain Standard Time,4227,4.5,73.50%,39.40%,34,19,45
Aneth,Utah,San Juan County,490,44,95,43,52,9,48,246,9,35%,60%,41%,7,16,41,26,3.20%,$34250,$775,$92500,N/A,N/A,33,4%,22%,21%,89,20 mins,5.20%,1.30%,42.00%,36.90%,47.80%,N/A,N/A,N/A,N/A,None,N/A,N/A,6,59.20%,72.20%,0,N/A,15
Annabella,Utah,Sevier County,922,1312,91,40,51,9,73,254,36,41%,76%,56%,6,7,18,30,26.14%,$60865,$863,$248000,N/A,N/A,40,10%,35%,30%,93,16 mins,3.50%,-0.10%,38.90%,8.00%,77.90%,N/A,N/A,98.84%,3.40%,None,N/A,N/A,4.9,85.90%,27.30%,0,N/A,25
Antimony,Utah,Garfield County,125,13,83,38,45,13,69,256,71,N/A,N/A,N/A,N/A,9,23,60,N/A,$50313,N/A,$151800,N/A,N/A,43,5%,26%,20%,97,14 mins,4.00%,-1.80%,58.20%,15.30%,68.50%,N/A,N/A,100.00%,3.20%,None,N/A,N/A,4.9,48.30%,32.10%,12,N/A,23
Apple Valley,Utah,Washington County,946,24,99,52,47,14,57,257,3,N/A,N/A,N/A,N/A,9,23,37,N/A,$50156,N/A,$299300,N/A,N/A,18,13%,48%,27%,92,18 mins,3.40%,3.50%,51.90%,16.50%,68.40%,N/A,N/A,98.81%,N/A,St. George,Mountain Standard Time,2880,6,65.00%,31.90%,4,N/A,5
Aurora,Utah,Sevier County,903,869,91,40,51,10,73,259,39,42%,75%,55%,6,7,19,41,14.60%,$58333,$950,$225200,N/A,N/A,43,10%,34%,30%,94,16 mins,3.50%,-0.10%,-17.70%,8.00%,77.90%,N/A,N/A,95.81%,N/A,None,N/A,N/A,4.9,88.60%,23.30%,0,N/A,N/A
Avon,Utah,Cache County,199,28,87,32,55,23,103,222,80,36%,81%,60%,5,6,15,55,N/A,$63125,N/A,$371100,N/A,N/A,29,12%,36%,34%,94,17 mins,2.70%,1.00%,-46.80%,18.30%,45.20%,N/A,N/A,100.00%,N/A,Logan,Mountain Standard Time,4507,4.7,79.30%,14.60%,0,N/A,N/A
Ballard,Utah,Uintah County,915,65,92,30,62,7,52,238,15,31%,71%,48%,4,10,25,34,10.67%,$70208,$1109,$203800,N/A,N/A,28,9%,43%,36%,78,19 mins,4.80%,0.80%,63.70%,7.70%,76.30%,N/A,1.42%,89.55%,11.80%,Vernal,N/A,N/A,4.6,77.20%,47.80%,39,N/A,N/A
Bear River City,Utah,Box Elder County,839,467,92,36,56,17,83,223,41,35%,80%,58%,5,8,20,34,N/A,$61458,N/A,$231500,N/A,N/A,39,13%,48%,45%,90,26 mins,3.00%,0.40%,-13.60%,11.50%,61.50%,2.68%,N/A,97.32%,1.80%,Ogden-Clearfield,Mountain Standard Time,4300,4.7,89.30%,32.20%,9,N/A,30
Beaver,Utah,Beaver County,3020,452,89,42,47,10,66,257,34,39%,74%,53%,6,10,31,31,21.57%,$47782,$636,$215000,N/A,N/A,45,10%,36%,21%,93,16 mins,3.50%,-1.40%,1.20%,10.50%,73.40%,N/A,N/A,97.36%,4.20%,None,N/A,N/A,4.7,63.30%,32.80%,55,N/A,44
Benjamin,Utah,Utah County,1213,99,93,38,55,20,94,226,51,40%,78%,58%,5,8,20,39,36.02%,$68424,$798,$498100,N/A,N/A,35,11%,49%,37%,87,21 mins,2.90%,N/A,22.90%,14.00%,50.20%,N/A,N/A,100.00%,4.40%,Provo-Orem,Mountain Standard Time,4227,4.5,86.20%,33.40%,0,N/A,25
Benson,Utah,Cache County,1274,42,89,31,58,18,99,222,54,38%,84%,63%,5,8,21,33,37.61%,$61800,$583,$259100,N/A,N/A,47,12%,37%,34%,89,17 mins,2.70%,1.00%,-11.80%,18.30%,45.20%,N/A,N/A,98.84%,2.00%,Logan,Mountain Standard Time,4507,4.7,87.10%,40.00%,0,N/A,26
Bicknell,Utah,Wayne County,230,403,85,39,46,10,64,257,35,40%,70%,51%,7,8,21,57,13.87%,$53125,$500,$276200,N/A,N/A,39,10%,36%,21%,98,16 mins,3.70%,0.30%,-35.60%,19.00%,67.70%,N/A,N/A,100.00%,11.70%,None,N/A,N/A,4.6,50.00%,25.10%,26,N/A,21
Big Water,Utah,Kane County,653,109,91,47,44,15,61,259,26,28%,55%,36%,6,9,18,41,16.13%,$56758,$1029,$161100,N/A,N/A,27,16%,34%,18%,94,12 mins,2.60%,1.70%,80.90%,20.90%,64.00%,N/A,N/A,94.48%,15.00%,None,N/A,N/A,6,64.40%,70.60%,3,N/A,25
Blanding,Utah,San Juan County,3641,276,92,42,50,13,69,257,31,34%,63%,43%,7,17,28,24,28.66%,$53400,$636,$181400,N/A,N/A,39,4%,22%,22%,93,20 mins,5.20%,1.30%,11.10%,36.90%,47.80%,2.02%,N/A,71.58%,6.10%,None,N/A,N/A,6,60.50%,45.70%,40,N/A,53
Bluebell,Utah,Duchesne County,238,24,85,32,53,10,60,229,33,35%,72%,51%,5,8,20,43,N/A,$96250,N/A,$264700,N/A,N/A,64,9%,23%,20%,89,20 mins,4.60%,-0.70%,-11.20%,7.20%,78.80%,N/A,N/A,100.00%,N/A,None,N/A,N/A,4.7,81.90%,28.70%,14,N/A,28
Bluff,Utah,San Juan County,136,6,96,44,52,8,50,254,8,N/A,N/A,N/A,N/A,11,30,34,N/A,$47857,N/A,$235800,N/A,N/A,43,4%,22%,22%,93,20 mins,5.20%,1.30%,-47.70%,36.90%,47.80%,N/A,N/A,88.89%,N/A,None,N/A,N/A,6,52.30%,41.90%,12,N/A,N/A
Bluffdale,Utah,Salt Lake County,10869,990,93,39,54,15,81,222,34,41%,78%,58%,5,11,20,26,34.18%,$88731,$1422,$568700,N/A,N/A,15,10%,44%,27%,81,26 mins,2.90%,1.50%,54.30%,41.50%,32.60%,N/A,3.00%,94.18%,3.50%,Salt Lake City,Mountain Standard Time,4260,4.7,82.30%,31.90%,7,N/A,N/A
Boulder,Utah,Garfield County,152,7,86,40,46,11,63,254,37,43%,71%,53%,8,11,30,45,30.37%,$42500,$708,$212200,N/A,N/A,37,5%,26%,20%,97,14 mins,4.00%,-1.80%,-21.70%,15.30%,68.50%,N/A,N/A,88.15%,N/A,None,N/A,N/A,4.9,48.70%,54.10%,0,N/A,N/A
Bountiful,Utah,Davis County,43568,3300,90,37,53,22,86,226,52,N/A,N/A,N/A,N/A,9,28,33,45.26%,$64630,$1071,$360000,N/A,N/A,45,13%,46%,39%,74,21 mins,3.00%,1.00%,2.80%,20.50%,44.40%,1.46%,N/A,93.82%,6.50%,Ogden-Clearfield,Mountain Standard Time,4300,4.5,71.60%,40.10%,36,26,34
Brian Head,Utah,Iron County,82,22,68,29,39,33,103,258,325,N/A,N/A,N/A,N/A,18,99,37,N/A,$63333,N/A,$239600,N/A,N/A,32,12%,32%,17%,93,17 mins,3.50%,3.00%,121.60%,13.70%,64.80%,7.25%,N/A,92.75%,N/A,Cedar City,N/A,N/A,5.6,1.30%,55.60%,14,N/A,3
Brigham City,Utah,Box Elder County,18736,764,90,35,55,17,85,223,45,35%,80%,58%,5,16,38,33,23.96%,$51856,$739,$232600,N/A,N/A,48,14%,48%,44%,78,23 mins,3.00%,0.40%,6.20%,11.50%,61.50%,N/A,N/A,91.63%,10.70%,Ogden-Clearfield,Mountain Standard Time,4300,4.7,64.10%,40.00%,39,N/A,49
Bryce Canyon City,Utah,Garfield County,200,60,87,42,45,11,66,255,32,N/A,N/A,N/A,N/A,14,38,22,20.45%,$19821,$656,$134700,N/A,N/A,26,5%,26%,21%,97,3 mins,4.00%,-1.80%,263.60%,15.30%,68.50%,N/A,N/A,100.00%,23.00%,None,N/A,N/A,4.9,24.80%,65.70%,0,N/A,32
Cannonville,Utah,Garfield County,272,106,87,42,45,11,65,253,31,38%,70%,50%,7,11,29,34,15.21%,$55313,$950,$126300,N/A,N/A,43,5%,26%,20%,97,14 mins,4.00%,-1.80%,68.90%,15.30%,68.50%,N/A,N/A,76.40%,N/A,None,N/A,N/A,4.9,57.70%,56.30%,6,N/A,32
Carbonville,Utah,Carbon County,1530,279,90,36,54,10,60,230,23,38%,73%,53%,6,11,28,38,14.52%,$42750,$671,$163300,N/A,N/A,41,8%,37%,33%,87,17 mins,4.40%,1.30%,4.90%,21.50%,65.90%,N/A,N/A,94.28%,3.00%,Price,N/A,N/A,4.6,62.00%,43.90%,6,N/A,N/A
Castle Dale,Utah,Emery County,1631,739,89,37,52,8,56,235,19,36%,70%,49%,6,10,26,33,15.77%,$49906,$583,$172800,N/A,N/A,40,11%,35%,21%,95,19 mins,4.10%,1.80%,-1.30%,8.80%,79.40%,N/A,N/A,99.85%,3.90%,None,N/A,N/A,4.6,68.30%,38.90%,23,N/A,44
Castle Valley,Utah,Grand County,435,47,98,42,56,10,59,245,9,40%,69%,50%,6,9,24,59,N/A,$29583,N/A,$394200,N/A,N/A,27,11%,35%,21%,93,15 mins,2.70%,2.90%,22.90%,42.60%,42.90%,N/A,N/A,100.00%,N/A,None,N/A,N/A,4.6,50.60%,36.90%,0,N/A,21
Cedar City,Utah,Iron County,30232,843,89,42,47,13,64,256,52,43%,70%,51%,7,13,33,26,34.92%,$40061,$794,$233800,N/A,N/A,26,14%,30%,16%,91,13 mins,3.80%,3.00%,9.10%,13.70%,64.80%,N/A,N/A,90.52%,10.40%,Cedar City,N/A,N/A,5.6,47.80%,47.20%,32,N/A,40
Cedar Fort,Utah,Utah County,329,15,90,38,52,15,85,229,38,39%,77%,57%,5,9,23,38,7.83%,$67125,$825,$346600,N/A,N/A,26,12%,49%,37%,89,21 mins,2.90%,N/A,24.60%,14.00%,50.20%,N/A,1.73%,98.27%,N/A,Provo-Orem,Mountain Standard Time,4227,4.5,80.60%,36.60%,9,N/A,27
Cedar Hills,Utah,Utah County,10266,3777,92,39,53,17,85,230,42,41%,78%,58%,5,7,22,21,52.08%,$93125,$1791,$537500,3143,$171,15,11%,46%,32%,82,24 mins,2.90%,N/A,19.80%,14.00%,50.20%,N/A,N/A,97.78%,3.50%,Provo-Orem,Mountain Standard Time,4227,4.5,86.20%,39.00%,18,N/A,27
Centerfield,Utah,Sanpete County,1416,776,91,39,52,12,70,243,43,39%,75%,54%,5,7,9,32,15.11%,$45625,$671,$243900,N/A,N/A,38,14%,42%,35%,94,21 mins,4.00%,2.40%,12.30%,10.40%,65.10%,N/A,N/A,91.33%,18.20%,None,N/A,N/A,4.7,82.90%,29.80%,0,N/A,26
Centerville,Utah,Davis County,17013,2848,90,37,53,21,86,230,51,39%,79%,59%,5,12,39,36,47.51%,$76478,$1157,$366200,N/A,N/A,31,12%,46%,38%,78,21 mins,2.80%,1.00%,11.80%,20.50%,44.40%,1.63%,N/A,94.33%,4.70%,Ogden-Clearfield,Mountain Standard Time,4300,4.5,81.30%,36.80%,41,N/A,31
Central,Utah,Washington County,641,256,90,43,47,16,54,257,34,32%,59%,41%,6,8,21,61,N/A,$36250,N/A,$219400,N/A,N/A,25,12%,48%,27%,93,18 mins,3.40%,3.50%,15.50%,16.50%,68.40%,N/A,N/A,97.51%,8.40%,St. George,Mountain Standard Time,2880,6,87.30%,29.10%,0,N/A,N/A
Central Valley,Utah,Sevier County,669,317,90,40,50,10,72,255,35,41%,76%,56%,6,8,22,38,25.92%,$62500,$850,$324200,N/A,N/A,23,9%,33%,30%,85,16 mins,3.50%,-0.10%,138.90%,8.00%,77.90%,N/A,N/A,97.39%,2.10%,None,N/A,N/A,4.9,85.80%,33.70%,33,N/A,44
Charleston,Utah,Wasatch County,603,211,89,35,54,20,98,227,80,46%,84%,65%,5,8,20,40,24.44%,$70000,$1700,$467100,N/A,N/A,40,10%,41%,30%,91,21 mins,3.00%,3.80%,16.00%,25.00%,49.90%,N/A,N/A,98.28%,1.30%,Heber,N/A,N/A,4.7,81.60%,34.10%,0,N/A,28
Circleville,Utah,Piute County,801,73,88,42,46,9,66,252,21,41%,73%,53%,6,10,26,34,22.58%,$33036,$690,$210100,N/A,N/A,56,11%,35%,21%,96,0 mins,4.70%,0.40%,29.80%,6.40%,85.90%,N/A,N/A,93.84%,6.20%,None,N/A,N/A,4.7,59.40%,43.50%,15,N/A,31
Clarkston,Utah,Cache County,712,767,89,32,57,18,89,219,62,38%,84%,63%,5,7,19,32,20.56%,$64922,$917,$215300,N/A,N/A,46,12%,38%,35%,91,17 mins,2.70%,1.00%,-13.90%,18.30%,45.20%,N/A,N/A,100.00%,5.60%,Logan,Mountain Standard Time,4507,4.7,80.80%,33.40%,6,N/A,18
Clawson,Utah,Emery County,215,212,89,37,52,9,57,240,20,36%,70%,49%,6,7,18,34,N/A,$44688,N/A,$241300,N/A,N/A,17,11%,36%,21%,95,19 mins,4.10%,1.80%,20.80%,8.80%,79.40%,N/A,N/A,100.00%,N/A,None,N/A,N/A,4.6,76.30%,10.20%,6,N/A,23
Clearfield,Utah,Davis County,30683,3978,91,36,55,21,75,229,33,39%,76%,58%,6,11,31,27,21.77%,$48158,$1098,$264500,N/A,N/A,32,15%,54%,42%,68,21 mins,3.40%,1.00%,4.00%,20.50%,44.40%,1.81%,3.00%,83.98%,18.10%,Ogden-Clearfield,Mountain Standard Time,4300,4.5,52.50%,42.70%,33,29,50
Cleveland,Utah,Emery County,527,619,90,36,54,9,53,236,13,35%,69%,49%,6,8,21,31,21.41%,$75385,$700,$227100,N/A,N/A,43,11%,36%,21%,96,19 mins,4.10%,1.80%,26.70%,8.80%,79.40%,N/A,N/A,99.32%,N/A,None,N/A,N/A,4.6,69.50%,35.00%,3,N/A,27
Clinton,Utah,Davis County,21353,3600,91,36,55,21,74,223,33,39%,76%,58%,6,8,23,29,25.29%,$71865,$1348,$313000,N/A,N/A,20,14%,49%,42%,68,24 mins,2.80%,1.00%,12.20%,20.50%,44.40%,1.78%,1.48%,91.68%,11.60%,Ogden-Clearfield,Mountain Standard Time,4300,4.5,82.30%,35.00%,27,23,47
Coalville,Utah,Summit County,1808,546,87,36,51,16,99,224,75,43%,83%,64%,5,9,23,30,17.09%,$56344,$1079,$340600,N/A,N/A,45,12%,40%,30%,92,26 mins,2.70%,0.40%,0.90%,50.30%,35.10%,N/A,1.45%,87.09%,20.40%,Summit Park,N/A,N/A,4.7,60.10%,36.50%,43,N/A,53
Copperton,Utah,Salt Lake County,579,90,90,37,53,23,101,226,88,37%,78%,57%,6,10,25,42,N/A,$43450,N/A,$238300,N/A,N/A,77,10%,52%,41%,91,22 mins,2.90%,1.50%,-18.20%,41.50%,32.60%,N/A,N/A,N/A,14.00%,Salt Lake City,Mountain Standard Time,4260,4.7,74.10%,55.90%,8,N/A,25
Corinne,Utah,Box Elder County,760,201,92,36,56,17,83,220,41,35%,80%,58%,5,10,25,30,24.43%,$51500,$1188,$225400,N/A,N/A,40,12%,48%,45%,90,23 mins,3.00%,0.40%,3.50%,11.50%,61.50%,N/A,N/A,96.13%,10.90%,Ogden-Clearfield,Mountain Standard Time,4300,4.7,80.10%,45.60%,14,N/A,30
Cornish,Utah,Cache County,220,41,89,33,56,18,92,224,61,38%,84%,63%,5,10,27,28,33.08%,$32000,$1325,$245700,N/A,N/A,56,12%,37%,35%,91,17 mins,2.70%,1.00%,-37.70%,18.30%,45.20%,N/A,N/A,95.20%,26.80%,Logan,Mountain Standard Time,4507,4.7,68.20%,45.30%,0,N/A,N/A
Cottonwood Heights,Utah,Salt Lake County,34214,3710,92,39,53,23,92,224,68,N/A,N/A,N/A,N/A,12,38,37,52.48%,$76630,$1230,$600000,2553,$235,38,10%,45%,43%,73,22 mins,2.90%,1.50%,2.00%,41.50%,32.60%,2.85%,N/A,91.91%,5.40%,Salt Lake City,Mountain Standard Time,4260,4.7,68.00%,41.40%,39,30,40
Cove,Utah,Cache County,387,26,89,31,58,19,101,222,58,38%,84%,63%,5,9,24,40,N/A,$39844,N/A,$278000,N/A,N/A,58,12%,38%,35%,94,17 mins,2.70%,1.00%,-23.20%,18.30%,45.20%,N/A,N/A,91.98%,N/A,Logan,Mountain Standard Time,4507,4.7,84.40%,44.30%,0,N/A,29
Dammeron Valley,Utah,Washington County,805,165,91,46,45,15,51,257,12,32%,59%,41%,6,7,17,58,N/A,$66250,N/A,$525900,N/A,N/A,20,12%,49%,27%,82,18 mins,3.40%,3.50%,-4.20%,16.50%,68.40%,N/A,N/A,100.00%,1.60%,St. George,Mountain Standard Time,2880,6,96.50%,25.40%,0,N/A,25
Daniel,Utah,Wasatch County,1087,330,89,35,54,20,98,226,80,N/A,N/A,N/A,N/A,8,20,37,30.11%,$65917,$938,$508500,N/A,N/A,34,10%,40%,30%,92,24 mins,3.00%,3.80%,-1.50%,25.00%,49.90%,N/A,N/A,98.03%,6.50%,Heber,N/A,N/A,4.7,74.80%,38.40%,6,N/A,N/A
Delta,Utah,Millard County,3478,409,94,38,56,10,60,256,28,27%,69%,44%,7,10,31,37,19.26%,$49659,$686,$252600,N/A,N/A,39,11%,36%,22%,91,17 mins,3.20%,-2.10%,4.40%,8.20%,73.30%,1.44%,N/A,88.68%,15.50%,None,N/A,N/A,4.9,52.80%,33.20%,61,N/A,43
Deseret,Utah,Millard County,274,89,94,38,56,10,60,252,28,27%,69%,44%,7,9,23,35,N/A,$58083,N/A,$246500,N/A,N/A,48,11%,36%,21%,91,17 mins,3.20%,-2.10%,17.60%,8.20%,73.30%,N/A,N/A,100.00%,N/A,None,N/A,N/A,4.9,67.20%,33.20%,0,N/A,N/A
Deweyville,Utah,Box Elder County,470,74,91,34,57,17,88,220,41,35%,80%,58%,5,8,21,41,N/A,$50313,N/A,$266500,N/A,N/A,38,13%,50%,44%,89,23 mins,3.00%,0.40%,29.80%,11.50%,61.50%,N/A,N/A,98.34%,5.50%,Ogden-Clearfield,Mountain Standard Time,4300,4.7,85.90%,33.00%,0,N/A,18
Draper,Utah,Salt Lake County,47043,1564,93,39,54,15,81,229,34,39%,80%,59%,5,12,39,32,50.08%,$94852,$1415,$639000,3132,$204,16,9%,43%,31%,77,23 mins,3.10%,1.60%,19.90%,41.50%,32.60%,3.50%,1.10%,91.06%,7.60%,Salt Lake City,Mountain Standard Time,4260,4.7,75.40%,37.30%,18,16,33
Duchesne,Utah,Duchesne County,1826,651,88,32,56,9,59,226,25,40%,76%,56%,6,11,28,30,11.12%,$51875,$863,$210000,N/A,N/A,40,8%,23%,21%,93,19 mins,4.60%,-0.70%,7.20%,7.20%,78.80%,N/A,N/A,95.85%,6.60%,None,N/A,N/A,4.7,54.90%,38.30%,43,N/A,49
Dugway,Utah,Tooele County,411,79,91,39,52,16,82,224,65,26%,72%,47%,7,9,26,40,33.97%,$56458,$885,$291600,N/A,N/A,59,12%,51%,48%,95,27 mins,3.50%,1.50%,-65.70%,20.80%,50.90%,3.82%,4.51%,82.99%,4.40%,Salt Lake City,Mountain Standard Time,4260,4.5,0.00%,32.20%,21,N/A,N/A
Dutch John,Utah,Daggett County,131,22,85,35,50,12,66,238,48,N/A,N/A,N/A,N/A,8,23,55,N/A,$36111,N/A,$297100,N/A,N/A,33,11%,35%,21%,98,0 mins,3.00%,-4.50%,2.30%,16.10%,69.40%,N/A,N/A,100.00%,N/A,None,N/A,N/A,4.8,5.40%,5.00%,1,N/A,25
Eagle Mountain,Utah,Utah County,27773,551,90,38,52,16,86,223,46,39%,77%,57%,5,7,21,19,32.93%,$68091,$1577,$399000,2418,$165,12,13%,48%,41%,86,34 mins,2.80%,N/A,55.20%,14.00%,50.20%,N/A,N/A,92.16%,8.90%,Provo-Orem,Mountain Standard Time,4227,4.5,85.10%,26.90%,18,N/A,30
East Carbon-Sunnyside,Utah,Carbon County,1475,122,88,37,51,13,63,234,20,N/A,N/A,N/A,N/A,7,32,45,N/A,$31141,N/A,$65600,N/A,N/A,72,7%,37%,35%,89,17 mins,4.40%,1.30%,-22.90%,21.50%,65.90%,N/A,N/A,N/A,15.30%,Price,N/A,N/A,4.6,N/A,56.80%,17,N/A,20
Echo,Utah,Summit County,103,126,87,36,51,19,100,226,72,43%,83%,64%,5,9,23,22,N/A,$47768,N/A,$381000,N/A,N/A,59,13%,39%,30%,91,25 mins,2.70%,0.40%,8.40%,50.30%,35.10%,N/A,N/A,100.00%,N/A,Summit Park,N/A,N/A,4.7,25.60%,41.70%,0,N/A,N/A
Eden,Utah,Weber County,725,173,88,33,55,25,100,226,90,39%,80%,61%,5,6,16,36,N/A,$72250,N/A,$439500,N/A,N/A,35,13%,55%,42%,93,22 mins,3.30%,0.90%,-8.70%,26.90%,46.80%,N/A,N/A,100.00%,N/A,Ogden-Clearfield,Mountain Standard Time,4300,4.5,86.50%,38.10%,23,N/A,42
Elberta,Utah,Utah County,136,10,91,37,54,16,81,226,48,36%,76%,54%,5,9,23,62,N/A,$50708,N/A,$215800,N/A,N/A,28,12%,48%,37%,93,21 mins,2.90%,N/A,-54.50%,14.00%,50.20%,N/A,N/A,79.61%,60.30%,Provo-Orem,Mountain Standard Time,4227,4.5,63.30%,40.00%,0,N/A,N/A
Elk Ridge,Utah,Utah County,3231,1145,91,37,54,17,89,225,51,40%,78%,58%,5,8,23,24,41.94%,$79750,$1536,$452800,N/A,N/A,18,10%,50%,34%,93,24 mins,2.90%,N/A,48.20%,14.00%,50.20%,N/A,N/A,97.43%,3.30%,Provo-Orem,Mountain Standard Time,4227,4.5,92.40%,32.10%,N/A,N/A,N/A
Elmo,Utah,Emery County,334,474,90,36,54,9,56,231,16,35%,69%,49%,6,10,27,44,18.22%,$41250,$558,$141100,N/A,N/A,41,11%,37%,21%,96,19 mins,4.10%,1.80%,26.00%,8.80%,79.40%,N/A,N/A,93.70%,2.40%,None,N/A,N/A,4.6,74.10%,44.40%,0,N/A,26
Elsinore,Utah,Sevier County,717,535,91,40,51,11,75,251,49,41%,76%,56%,6,8,22,45,12.75%,$37105,$769,$203200,N/A,N/A,43,10%,33%,29%,95,16 mins,3.50%,-0.10%,-26.60%,8.00%,77.90%,N/A,N/A,91.39%,3.80%,None,N/A,N/A,4.9,66.40%,30.10%,22,N/A,41
Elwood,Utah,Box Elder County,1091,135,91,34,57,17,87,217,41,35%,80%,58%,5,7,19,31,28.93%,$73750,$1200,$315600,N/A,N/A,30,12%,47%,43%,85,26 mins,3.00%,0.40%,19.50%,11.50%,61.50%,1.67%,N/A,98.07%,2.40%,Ogden-Clearfield,Mountain Standard Time,4300,4.7,83.90%,33.20%,12,N/A,29
Emery,Utah,Emery County,357,291,88,37,51,9,57,240,21,42%,75%,55%,6,9,23,51,N/A,$51250,N/A,$121200,N/A,N/A,57,10%,37%,22%,95,19 mins,4.10%,1.80%,3.20%,8.80%,79.40%,N/A,N/A,97.44%,3.40%,None,N/A,N/A,4.6,72.30%,34.30%,7,N/A,23
Emigration Canyon,Utah,Salt Lake County,1931,102,90,38,52,23,92,226,67,N/A,N/A,N/A,N/A,6,16,44,N/A,$175272,N/A,$1004400,N/A,N/A,31,10%,48%,42%,90,22 mins,2.90%,1.50%,41.00%,41.50%,32.60%,N/A,N/A,N/A,11.00%,Salt Lake City,Mountain Standard Time,4260,4.7,85.70%,31.40%,0,N/A,28
Enoch,Utah,Iron County,6331,871,89,42,47,13,64,254,52,39%,70%,50%,7,17,17,24,26.42%,$52127,$985,$238300,N/A,N/A,23,12%,31%,19%,93,17 mins,3.50%,3.00%,15.90%,13.70%,64.80%,N/A,N/A,95.19%,4.30%,Cedar City,N/A,N/A,5.6,80.70%,36.30%,4,N/A,15
Ephraim,Utah,Sanpete County,6858,1568,88,36,52,13,77,241,38,41%,77%,56%,5,8,20,22,30.18%,$37604,$701,$243700,N/A,N/A,29,14%,41%,31%,96,21 mins,4.00%,2.40%,18.50%,10.40%,65.10%,1.20%,N/A,88.74%,7.20%,None,N/A,N/A,4.7,55.20%,51.50%,50,N/A,N/A
Erda,Utah,Tooele County,2208,117,91,38,53,15,87,229,52,37%,77%,55%,7,6,16,39,N/A,$78164,N/A,$331400,N/A,N/A,20,13%,48%,46%,88,27 mins,3.50%,1.50%,-50.30%,20.80%,50.90%,N/A,N/A,96.77%,2.40%,Salt Lake City,Mountain Standard Time,4260,4.5,90.80%,32.80%,1,N/A,26
Escalante,Utah,Garfield County,770,232,90,43,47,11,59,254,29,43%,71%,53%,8,9,23,51,28.27%,$42794,$678,$177100,N/A,N/A,42,5%,28%,21%,97,14 mins,4.00%,-1.80%,-14.20%,15.30%,68.50%,N/A,N/A,94.10%,6.00%,None,N/A,N/A,4.9,47.30%,30.90%,25,N/A,46
Eureka,Utah,Juab County,471,317,83,34,49,15,65,226,83,36%,76%,54%,5,9,23,48,N/A,$45375,N/A,$135800,N/A,N/A,69,14%,47%,38%,96,22 mins,2.90%,N/A,-33.70%,10.50%,67.00%,N/A,N/A,97.43%,N/A,Provo-Orem,Mountain Standard Time,4227,4.5,74.10%,35.60%,4,N/A,7
Fairfield,Utah,Utah County,156,6,90,38,52,15,85,226,38,39%,77%,57%,5,7,18,47,N/A,$81818,N/A,$390700,N/A,N/A,37,11%,46%,35%,89,21 mins,2.90%,N/A,113.70%,14.00%,50.20%,N/A,N/A,96.94%,7.70%,Provo-Orem,Mountain Standard Time,4227,4.5,88.90%,29.50%,3,N/A,29
Fairview,Utah,Sanpete County,1477,1170,83,35,48,16,74,245,90,41%,75%,55%,6,10,16,35,18.74%,$55347,$1050,$223900,N/A,N/A,53,14%,41%,35%,97,31 mins,4.00%,2.40%,21.90%,10.40%,65.10%,N/A,N/A,97.23%,3.10%,None,N/A,N/A,4.7,75.00%,31.50%,27,N/A,30
Farmington,Utah,Davis County,22616,2275,90,37,53,21,85,230,51,39%,79%,59%,5,9,25,30,47.49%,$84110,$1178,$443400,N/A,N/A,18,10%,45%,40%,84,23 mins,2.80%,1.00%,31.60%,20.50%,44.40%,1.56%,N/A,94.31%,3.90%,Ogden-Clearfield,Mountain Standard Time,4300,4.5,77.60%,34.80%,18,26,39
Farr West,Utah,Weber County,6671,1127,92,36,56,20,76,225,34,38%,76%,57%,5,9,25,36,24.26%,$82939,$950,$405700,N/A,N/A,18,12%,47%,39%,81,21 mins,3.30%,0.90%,24.70%,26.90%,46.80%,N/A,N/A,95.34%,5.20%,Ogden-Clearfield,Mountain Standard Time,4300,4.5,87.50%,37.80%,22,N/A,46
Fayette,Utah,Sanpete County,291,737,90,38,52,13,73,237,30,39%,75%,54%,5,8,21,33,31.41%,$54167,$675,$225300,N/A,N/A,34,15%,41%,34%,94,21 mins,4.00%,2.40%,5.10%,10.40%,65.10%,N/A,N/A,94.22%,10.70%,None,N/A,N/A,4.7,62.70%,20.80%,0,N/A,26
Ferron,Utah,Emery County,1560,670,89,37,52,9,57,233,20,36%,70%,49%,6,9,24,37,8.65%,$51184,$541,$202900,N/A,N/A,42,11%,35%,20%,95,19 mins,4.10%,1.80%,2.40%,8.80%,79.40%,N/A,N/A,99.86%,1.20%,None,N/A,N/A,4.6,64.40%,33.00%,17,N/A,30
Fielding,Utah,Box Elder County,465,912,90,32,58,17,84,217,46,38%,84%,63%,5,9,24,34,14.75%,$54583,$688,$226000,N/A,N/A,43,13%,48%,45%,89,24 mins,3.00%,0.40%,-15.00%,11.50%,61.50%,N/A,N/A,98.11%,5.60%,Ogden-Clearfield,Mountain Standard Time,4300,4.7,78.20%,31.60%,6,N/A,26
Fillmore,Utah,Millard County,2484,358,90,39,51,15,78,254,59,38%,75%,53%,6,10,26,33,22.53%,$54698,$711,$178000,N/A,N/A,48,10%,37%,21%,96,17 mins,3.20%,-2.10%,2.40%,8.20%,73.30%,3.26%,N/A,81.41%,16.10%,None,N/A,N/A,4.9,70.50%,41.70%,5,N/A,27
Flaming Gorge,Utah,Daggett County,85,37,85,35,50,12,66,238,48,N/A,N/A,N/A,N/A,8,21,44,N/A,$70000,N/A,$509200,N/A,N/A,19,11%,36%,21%,98,19 mins,3.00%,-4.50%,4.90%,16.10%,69.40%,N/A,N/A,100.00%,N/A,None,N/A,N/A,4.8,25.30%,24.50%,0,N/A,25
Fort Duchesne,Utah,Uintah County,685,98,92,30,62,7,52,244,15,31%,71%,48%,4,16,41,24,N/A,$32292,N/A,$195500,N/A,N/A,32,9%,41%,34%,78,19 mins,4.80%,0.80%,24.60%,7.70%,76.30%,N/A,N/A,N/A,N/A,Vernal,N/A,N/A,4.6,44.90%,80.10%,3,N/A,28
Fountain Green,Utah,Sanpete County,994,795,88,36,52,13,81,236,59,43%,78%,58%,5,7,20,40,23.04%,$46042,$641,$199200,N/A,N/A,61,14%,41%,35%,95,36 mins,4.00%,2.40%,13.00%,10.40%,65.10%,N/A,N/A,94.60%,3.80%,None,N/A,N/A,4.7,76.10%,36.00%,9,N/A,25
Francis,Utah,Summit County,1171,440,84,35,49,19,97,222,96,45%,84%,65%,5,8,21,34,26.23%,$68125,$975,$319900,N/A,N/A,21,13%,41%,29%,96,29 mins,2.70%,0.40%,-3.80%,50.30%,35.10%,N/A,N/A,98.05%,6.20%,Summit Park,N/A,N/A,4.7,82.20%,35.30%,6,N/A,36
Fremont,Utah,Wayne County,214,122,84,39,45,9,64,252,29,40%,70%,51%,7,11,30,28,N/A,$0,N/A,$361500,N/A,N/A,45,11%,36%,21%,98,16 mins,3.70%,0.30%,365.20%,19.00%,67.70%,N/A,4.04%,95.96%,N/A,None,N/A,N/A,4.6,20.30%,61.90%,0,N/A,17
Fruit Heights,Utah,Davis County,5992,2617,91,36,55,21,84,226,43,40%,80%,61%,5,8,22,37,51.70%,$101536,$1669,$454800,N/A,N/A,32,10%,44%,35%,77,27 mins,2.80%,1.00%,21.20%,20.50%,44.40%,N/A,N/A,94.43%,2.20%,Ogden-Clearfield,Mountain Standard Time,4300,4.5,86.10%,33.70%,13,N/A,10
Garden,Utah,Rich County,191,7,83,31,52,12,67,224,60,N/A,N/A,N/A,N/A,10,28,47,N/A,$21875,N/A,$219900,N/A,N/A,32,11%,35%,22%,95,21 mins,2.30%,1.00%,389.70%,9.40%,71.90%,N/A,N/A,49.62%,N/A,None,N/A,N/A,4.6,8.10%,36.80%,0,N/A,N/A
Garden City,Utah,Rich County,678,77,83,31,52,12,67,220,59,42%,88%,68%,5,13,35,30,14.34%,$40781,$821,$352500,N/A,N/A,23,10%,37%,20%,95,21 mins,2.30%,1.00%,82.80%,9.40%,71.90%,N/A,N/A,100.00%,25.80%,None,N/A,N/A,4.6,5.20%,36.00%,26,N/A,52
Garland,Utah,Box Elder County,2468,1364,91,34,57,17,84,217,41,35%,80%,58%,5,7,31,29,17.99%,$50592,$743,$206500,N/A,N/A,44,14%,51%,46%,89,20 mins,3.00%,0.40%,11.80%,11.50%,61.50%,N/A,N/A,96.55%,9.30%,Ogden-Clearfield,Mountain Standard Time,4300,4.7,78.20%,34.10%,21,N/A,N/A
Genola,Utah,Utah County,1292,94,91,37,54,16,80,230,51,36%,76%,54%,5,9,24,32,N/A,$53958,N/A,$400000,N/A,N/A,29,12%,48%,35%,93,29 mins,2.90%,N/A,10.60%,14.00%,50.20%,N/A,N/A,96.70%,8.60%,Provo-Orem,Mountain Standard Time,4227,4.5,81.00%,39.90%,0,N/A,41
Glendale,Utah,Kane County,266,38,90,46,44,14,59,251,36,33%,60%,41%,7,9,22,44,N/A,$35417,N/A,$221700,N/A,N/A,34,16%,31%,17%,94,12 mins,2.60%,1.70%,-38.60%,20.90%,64.00%,N/A,N/A,98.51%,4.50%,None,N/A,N/A,6,50.30%,29.30%,18,N/A,N/A
Glenwood,Utah,Sevier County,618,1147,91,40,51,9,73,257,36,42%,75%,55%,6,8,20,31,25.06%,$67500,$900,$256700,N/A,N/A,40,10%,33%,29%,93,16 mins,3.50%,-0.10%,17.70%,8.00%,77.90%,N/A,N/A,99.53%,1.90%,None,N/A,N/A,4.9,75.70%,32.00%,0,N/A,25
Goshen,Utah,Utah County,1058,1287,90,37,53,16,80,222,46,N/A,N/A,N/A,N/A,8,21,29,10.73%,$55313,$718,$234000,N/A,N/A,38,12%,47%,35%,93,31 mins,2.90%,N/A,13.60%,14.00%,50.20%,N/A,N/A,99.08%,15.10%,Provo-Orem,Mountain Standard Time,4227,4.5,84.50%,35.50%,11,N/A,34
Granite,Utah,Salt Lake County,802,666,90,38,52,22,93,229,71,N/A,N/A,N/A,N/A,8,21,41,N/A,$112083,N/A,$631000,N/A,N/A,37,7%,40%,25%,81,22 mins,2.90%,1.50%,-59.00%,41.50%,32.60%,N/A,2.00%,92.51%,N/A,Salt Lake City,Mountain Standard Time,4260,4.7,90.60%,26.90%,5,N/A,7
Grantsville,Utah,Tooele County,10170,272,92,37,55,16,84,228,34,37%,77%,55%,7,12,25,30,27.04%,$65818,$862,$306000,N/A,N/A,21,13%,51%,46%,90,29 mins,3.50%,1.50%,20.20%,20.80%,50.90%,1.75%,N/A,92.78%,5.30%,Salt Lake City,Mountain Standard Time,4260,4.5,80.20%,40.40%,42,N/A,44
Green River,Utah,Emery County,978,36,98,41,57,8,53,235,7,29%,63%,41%,6,12,30,32,12.45%,$38906,$520,$158000,N/A,N/A,49,11%,36%,22%,95,19 mins,4.10%,1.80%,0.50%,8.80%,79.40%,N/A,N/A,100.00%,37.40%,None,N/A,N/A,4.6,45.10%,40.60%,44,N/A,N/A
Gunnison,Utah,Sanpete County,3323,694,91,39,52,12,70,239,30,39%,75%,54%,5,29,64,35,9.29%,$48988,$647,$212500,N/A,N/A,46,14%,41%,36%,94,21 mins,4.00%,2.40%,7.40%,10.40%,65.10%,2.36%,4.25%,67.62%,24.50%,None,N/A,N/A,4.7,80.10%,65.40%,1,N/A,26
Halchita,Utah,San Juan County,489,29,94,42,52,6,30,254,4,N/A,N/A,N/A,N/A,16,40,21,N/A,$22500,N/A,$89300,N/A,N/A,28,4%,23%,21%,93,20 mins,5.20%,1.30%,115.40%,36.90%,47.80%,N/A,N/A,N/A,N/A,None,N/A,N/A,6,77.70%,72.80%,N/A,N/A,N/A
Hanksville,Utah,Wayne County,210,125,80,32,48,14,89,252,70,28%,62%,39%,6,11,29,43,10.93%,$22000,$530,$195900,N/A,N/A,43,11%,35%,22%,98,16 mins,3.70%,0.30%,-12.10%,19.00%,67.70%,N/A,N/A,82.96%,18.10%,None,N/A,N/A,4.6,52.80%,56.00%,16,N/A,N/A
Harrisville,Utah,Weber County,6182,2070,91,36,55,20,81,224,48,39%,80%,61%,5,7,59,31,21.59%,$57439,$1131,$271000,N/A,N/A,18,13%,56%,43%,79,23 mins,3.30%,0.90%,19.40%,26.90%,46.80%,N/A,N/A,91.64%,6.90%,Ogden-Clearfield,Mountain Standard Time,4300,4.5,84.70%,31.90%,16,N/A,42
Hatch,Utah,Garfield County,123,66,85,40,45,13,69,254,51,38%,70%,50%,7,10,26,62,N/A,$47143,N/A,$109400,N/A,N/A,39,5%,25%,20%,95,14 mins,4.00%,-1.80%,-16.30%,15.30%,68.50%,N/A,N/A,100.00%,8.10%,None,N/A,N/A,4.9,35.30%,42.20%,18,N/A,46
Heber,Utah,Wasatch County,14414,1626,89,35,54,20,98,230,80,N/A,N/A,N/A,N/A,10,21,27,33.55%,$60275,$1241,$406300,N/A,N/A,22,11%,41%,29%,83,21 mins,3.00%,3.80%,33.90%,25.00%,49.90%,2.07%,N/A,91.88%,16.80%,Heber,N/A,N/A,4.7,65.20%,41.90%,78,N/A,55
Helper,Utah,Carbon County,2031,1124,90,36,54,11,61,226,33,38%,73%,53%,6,11,30,38,17.09%,$47841,$697,$143300,N/A,N/A,78,7%,38%,33%,94,17 mins,4.40%,1.30%,-6.00%,21.50%,65.90%,N/A,N/A,95.27%,14.60%,Price,N/A,N/A,4.6,59.60%,48.40%,41,N/A,49
Henefer,Utah,Summit County,767,312,88,35,53,17,95,224,72,43%,83%,64%,5,8,20,32,32.46%,$57778,$825,$223300,N/A,N/A,44,13%,41%,29%,91,25 mins,2.70%,0.40%,9.10%,50.30%,35.10%,N/A,N/A,99.15%,2.60%,Summit Park,N/A,N/A,4.7,67.40%,34.30%,0,N/A,N/A
Henrieville,Utah,Garfield County,205,152,87,42,45,11,65,257,31,38%,70%,50%,7,7,19,36,N/A,$41875,N/A,$118100,N/A,N/A,40,5%,26%,21%,97,14 mins,4.00%,-1.80%,-20.20%,15.30%,68.50%,1.13%,N/A,82.64%,7.30%,None,N/A,N/A,4.9,81.60%,32.30%,0,N/A,N/A
Herriman,Utah,Salt Lake County,31970,1482,89,38,51,20,93,223,68,37%,78%,57%,6,7,22,26,35.26%,$78141,$1360,$517500,2891,$179,12,8%,43%,38%,85,28 mins,3.20%,1.50%,74.40%,41.50%,32.60%,1.44%,N/A,89.32%,6.60%,Salt Lake City,Mountain Standard Time,4260,4.7,82.90%,34.20%,13,N/A,28
Hideout,Utah,Wasatch County,833,249,84,35,49,19,97,226,96,N/A,N/A,N/A,N/A,14,37,26,41.78%,$45804,$1167,$849200,N/A,N/A,14,10%,40%,29%,92,23 mins,3.00%,3.80%,237.30%,25.00%,49.90%,2.11%,2.91%,80.02%,69.50%,Heber,N/A,N/A,4.7,22.30%,41.40%,0,N/A,N/A
Highland,Utah,Utah County,17952,2077,91,38,53,15,80,223,34,41%,78%,58%,5,6,19,23,61.05%,$107121,$1655,$850000,4146,$205,15,10%,39%,19%,80,21 mins,2.90%,N/A,27.50%,14.00%,50.20%,1.32%,1.09%,95.72%,1.80%,Provo-Orem,Mountain Standard Time,4227,4.5,84.50%,35.30%,20,N/A,55
Hildale,Utah,Washington County,2916,521,93,47,46,14,57,252,16,33%,60%,41%,7,14,8,15,7.19%,$40781,$929,$201700,N/A,N/A,31,13%,50%,27%,92,18 mins,3.40%,3.50%,9.60%,16.50%,68.40%,N/A,N/A,100.00%,N/A,St. George,Mountain Standard Time,2880,6,10.70%,63.10%,3,N/A,N/A
Hinckley,Utah,Millard County,608,122,94,38,56,10,60,251,27,27%,69%,44%,7,10,25,31,15.92%,$46842,$777,$149800,N/A,N/A,44,10%,36%,21%,91,17 mins,3.20%,-2.10%,-26.50%,8.20%,73.30%,N/A,N/A,96.06%,18.10%,None,N/A,N/A,4.9,74.70%,31.10%,0,N/A,N/A
Holden,Utah,Millard County,404,755,91,38,53,15,70,253,48,29%,70%,46%,7,8,22,30,49.14%,$45781,$675,$211600,N/A,N/A,76,11%,37%,21%,96,17 mins,3.20%,-2.10%,25.10%,8.20%,73.30%,1.75%,N/A,95.72%,5.40%,None,N/A,N/A,4.9,68.10%,30.00%,33,N/A,37
Holladay,Utah,Salt Lake County,30793,3629,92,39,53,20,90,229,52,39%,80%,59%,5,7,24,38,55.76%,$72827,$1148,$660000,2509,$263,50,10%,51%,37%,69,20 mins,2.80%,1.50%,17.10%,41.50%,32.60%,2.07%,1.97%,92.31%,5.70%,Salt Lake City,Mountain Standard Time,4260,4.7,71.70%,38.70%,37,33,45
Honeyville,Utah,Box Elder County,1372,117,91,35,56,17,83,216,42,35%,80%,58%,5,7,17,37,28.36%,$49871,$695,$281400,N/A,N/A,36,12%,49%,45%,89,27 mins,3.00%,0.40%,12.10%,11.50%,61.50%,N/A,N/A,97.32%,8.20%,Ogden-Clearfield,Mountain Standard Time,4300,4.7,83.80%,37.30%,7,N/A,25
Hooper,Utah,Weber County,8236,315,91,36,55,17,77,226,34,39%,76%,58%,6,7,20,32,25.51%,$87855,$1216,$407400,N/A,N/A,15,12%,50%,39%,79,28 mins,3.30%,0.90%,25.00%,26.90%,46.80%,N/A,N/A,96.93%,8.20%,Ogden-Clearfield,Mountain Standard Time,4300,4.5,94.20%,29.50%,14,N/A,32
Howell,Utah,Box Elder County,250,7,91,33,58,15,75,217,53,34%,81%,58%,5,8,20,38,8.97%,$56667,$825,$185100,N/A,N/A,37,12%,49%,45%,93,23 mins,3.00%,0.40%,42.90%,11.50%,61.50%,1.39%,N/A,98.15%,3.60%,Ogden-Clearfield,Mountain Standard Time,4300,4.7,81.10%,28.20%,3,N/A,23
Hoytsville,Utah,Summit County,586,132,87,36,51,16,99,226,75,43%,83%,64%,5,11,29,40,N/A,$52222,N/A,$217800,N/A,N/A,44,12%,40%,29%,93,25 mins,2.70%,0.40%,2.50%,50.30%,35.10%,N/A,N/A,100.00%,18.90%,Summit Park,N/A,N/A,4.7,77.80%,32.00%,0,N/A,15
Huntington,Utah,Emery County,1849,818,89,37,52,8,56,236,18,35%,69%,49%,6,9,24,33,16.49%,$53191,$599,$171700,N/A,N/A,41,11%,35%,21%,96,19 mins,4.10%,1.80%,-18.30%,8.80%,79.40%,N/A,N/A,97.62%,6.70%,None,N/A,N/A,4.6,63.10%,37.10%,34,N/A,34
Huntsville,Utah,Weber County,732,883,88,33,55,27,100,227,81,39%,80%,61%,5,8,20,42,33.48%,$71389,$1250,$399100,N/A,N/A,48,13%,52%,41%,93,36 mins,3.30%,0.90%,29.10%,26.90%,46.80%,N/A,N/A,98.09%,1.10%,Ogden-Clearfield,Mountain Standard Time,4300,4.5,68.50%,38.70%,16,N/A,47
Hurricane,Utah,Washington County,15676,297,99,52,47,14,57,261,3,32%,58%,40%,6,12,26,37,17.35%,$45213,$975,$292600,N/A,N/A,19,12%,50%,28%,86,22 mins,3.40%,3.50%,18.50%,16.50%,68.40%,N/A,1.30%,94.58%,10.40%,St. George,Mountain Standard Time,2880,6,59.70%,39.80%,58,N/A,52
Hyde Park,Utah,Cache County,4359,1004,89,31,58,18,102,225,58,38%,84%,63%,5,8,24,30,46.62%,$74196,$827,$324900,N/A,N/A,26,11%,38%,33%,88,17 mins,2.70%,1.00%,20.30%,18.30%,45.20%,N/A,1.70%,95.06%,5.80%,Logan,Mountain Standard Time,4507,4.7,83.60%,40.50%,19,N/A,31
Hyrum,Utah,Cache County,7926,1563,88,32,56,19,99,221,53,36%,81%,60%,5,10,29,25,27.68%,$59538,$853,$260000,N/A,N/A,34,14%,41%,40%,90,22 mins,2.70%,1.00%,8.80%,18.30%,45.20%,N/A,N/A,89.53%,19.00%,Logan,Mountain Standard Time,4507,4.7,74.20%,36.30%,23,N/A,29
Independence,Utah,Wasatch County,183,6,89,35,54,20,98,226,80,N/A,N/A,N/A,N/A,7,20,26,N/A,$58250,N/A,$325300,N/A,N/A,17,11%,40%,29%,92,23 mins,3.00%,3.80%,-24.40%,25.00%,49.90%,N/A,1.08%,98.92%,N/A,Heber,N/A,N/A,4.7,44.90%,40.30%,4,N/A,N/A
Ivins,Utah,Washington County,7908,838,101,54,47,10,43,259,2,28%,54%,36%,6,9,21,45,33.45%,$51033,$1057,$262200,N/A,N/A,18,12%,49%,26%,87,18 mins,3.40%,3.50%,20.00%,16.50%,68.40%,N/A,N/A,92.88%,4.20%,St. George,Mountain Standard Time,2880,6,73.10%,31.30%,20,N/A,33
Jensen,Utah,Uintah County,113,35,91,30,61,9,64,240,18,32%,73%,50%,5,6,16,33,N/A,$132847,N/A,$263000,N/A,N/A,30,9%,41%,35%,84,19 mins,4.80%,0.80%,-75.20%,7.70%,76.30%,N/A,N/A,100.00%,N/A,Vernal,N/A,N/A,4.6,84.00%,27.70%,8,N/A,26
Joseph,Utah,Sevier County,338,373,89,41,48,10,69,250,34,41%,76%,56%,6,9,23,49,18.18%,$41354,$775,$174800,N/A,N/A,43,10%,34%,30%,95,16 mins,3.50%,-0.10%,-3.70%,8.00%,77.90%,N/A,N/A,94.38%,1.50%,None,N/A,N/A,4.9,62.20%,41.50%,0,N/A,N/A
Junction,Utah,Piute County,119,9,89,42,47,10,66,259,21,41%,74%,55%,6,11,28,46,N/A,$37500,N/A,$214300,N/A,N/A,43,11%,36%,21%,96,0 mins,4.70%,0.40%,21.40%,6.40%,85.90%,N/A,N/A,100.00%,5.90%,None,N/A,N/A,4.7,58.30%,50.00%,5,N/A,26
Kamas,Utah,Summit County,2126,577,84,35,49,19,97,229,96,45%,84%,65%,5,9,18,29,23.50%,$56176,$896,$315400,N/A,N/A,33,12%,39%,29%,96,25 mins,2.70%,0.40%,14.20%,50.30%,35.10%,N/A,N/A,94.60%,27.90%,Summit Park,N/A,N/A,4.7,66.40%,40.90%,52,N/A,46
Kanab,Utah,Kane County,4448,308,91,47,44,15,61,256,26,33%,60%,41%,7,15,21,42,36.63%,$54708,$989,$260200,N/A,N/A,32,17%,31%,17%,91,12 mins,2.60%,1.70%,7.00%,20.90%,64.00%,1.04%,N/A,92.99%,1.60%,None,N/A,N/A,6,65.10%,51.90%,61,N/A,44
Kanarraville,Utah,Iron County,299,672,89,43,46,14,63,252,46,43%,70%,51%,7,8,21,44,24.80%,$51250,$638,$213700,N/A,N/A,33,13%,32%,17%,93,17 mins,3.50%,3.00%,-27.30%,13.70%,64.80%,N/A,2.07%,97.04%,10.40%,Cedar City,N/A,N/A,5.6,72.20%,38.50%,13,N/A,27
Kanosh,Utah,Millard County,548,645,90,39,51,15,78,247,59,38%,75%,53%,6,8,22,40,15.83%,$43125,$725,$215400,N/A,N/A,62,11%,36%,20%,96,17 mins,3.20%,-2.10%,-8.40%,8.20%,73.30%,N/A,N/A,83.40%,7.10%,None,N/A,N/A,4.9,63.50%,32.20%,16,N/A,32
Kearns,Utah,Salt Lake County,37194,8030,92,39,53,20,92,225,54,37%,78%,57%,6,9,29,29,N/A,$57097,N/A,$349900,1690,$207,42,11%,56%,45%,67,25 mins,2.90%,1.50%,7.10%,41.50%,32.60%,N/A,N/A,N/A,32.90%,Salt Lake City,Mountain Standard Time,4260,4.7,79.20%,45.70%,33,35,39
Kenilworth,Utah,Carbon County,245,326,90,36,54,11,61,230,32,38%,73%,53%,6,10,26,64,N/A,$14063,N/A,$102200,N/A,N/A,78,7%,38%,33%,94,17 mins,4.40%,1.30%,16.10%,21.50%,65.90%,N/A,N/A,100.00%,N/A,Price,N/A,N/A,4.6,69.40%,69.00%,0,N/A,N/A
Kingston,Utah,Piute County,143,26,88,42,46,9,66,251,21,41%,74%,55%,6,10,25,42,N/A,$40500,N/A,$164600,N/A,N/A,38,11%,37%,20%,96,0 mins,4.70%,0.40%,28.80%,6.40%,85.90%,N/A,N/A,100.00%,N/A,None,N/A,N/A,4.7,53.70%,57.90%,2,N/A,N/A
Koosharem,Utah,Sevier County,276,307,91,40,51,9,73,256,23,42%,75%,55%,6,8,22,29,N/A,$55938,N/A,$200400,N/A,N/A,51,10%,33%,30%,93,16 mins,3.50%,-0.10%,66.30%,8.00%,77.90%,N/A,7.60%,89.35%,13.40%,None,N/A,N/A,4.9,37.60%,42.50%,7,N/A,28
La Sal,Utah,San Juan County,272,6,94,42,52,14,74,254,13,38%,68%,47%,7,14,36,49,N/A,$58462,N/A,$190300,N/A,N/A,39,4%,22%,21%,96,20 mins,5.20%,1.30%,151.90%,36.90%,47.80%,N/A,N/A,100.00%,22.10%,None,N/A,N/A,6,41.10%,62.80%,10,N/A,21
La Verkin,Utah,Washington County,4225,331,101,53,48,12,54,258,2,32%,58%,40%,6,15,30,35,17.26%,$39266,$1030,$254000,N/A,N/A,25,16%,50%,29%,84,18 mins,3.40%,3.50%,3.40%,16.50%,68.40%,N/A,N/A,87.20%,11.00%,St. George,Mountain Standard Time,2880,6,73.90%,46.80%,25,N/A,N/A
Lake Shore,Utah,Utah County,642,59,93,38,55,20,95,226,51,40%,78%,58%,5,8,21,51,N/A,$72891,N/A,$349800,N/A,N/A,38,12%,47%,36%,84,21 mins,2.90%,N/A,-1.50%,14.00%,50.20%,N/A,N/A,100.00%,1.20%,Provo-Orem,Mountain Standard Time,4227,4.5,98.30%,38.40%,3,0,25
Laketown,Utah,Rich County,173,69,82,29,53,13,69,222,67,42%,88%,68%,5,7,19,50,N/A,$70179,N/A,$389900,N/A,N/A,46,10%,36%,20%,95,21 mins,2.30%,1.00%,-41.40%,9.40%,71.90%,N/A,N/A,100.00%,3.50%,None,N/A,N/A,4.6,49.30%,20.90%,9,N/A,N/A
Layton,Utah,Davis County,73963,3311,90,36,54,22,79,226,43,40%,80%,61%,5,9,33,29,34.23%,$66665,$1022,$325000,N/A,N/A,27,12%,48%,40%,72,22 mins,2.90%,1.00%,12.60%,20.50%,44.40%,2.41%,1.55%,87.56%,11.70%,Ogden-Clearfield,Mountain Standard Time,4300,4.5,67.90%,37.70%,30,22,40
Leamington,Utah,Millard County,315,205,94,38,56,11,61,255,30,27%,69%,44%,7,8,21,33,36.56%,$95417,$721,$219200,N/A,N/A,39,11%,35%,20%,91,17 mins,3.20%,-2.10%,67.60%,8.20%,73.30%,N/A,N/A,90.82%,N/A,None,N/A,N/A,4.9,81.40%,24.10%,0,N/A,26
Leeds,Utah,Washington County,707,112,101,53,48,11,53,261,2,32%,58%,40%,6,5,10,60,28.78%,$67857,$755,$372200,N/A,N/A,21,13%,49%,26%,92,18 mins,3.40%,3.50%,-16.70%,16.50%,68.40%,1.04%,N/A,98.30%,4.00%,St. George,Mountain Standard Time,2880,6,66.10%,36.10%,18,N/A,29
Lehi,Utah,Utah County,58351,2089,93,38,55,15,80,228,33,41%,78%,58%,5,11,21,25,46.32%,$74200,$1478,$472500,2448,$193,14,12%,45%,40%,81,24 mins,3.00%,N/A,38.80%,14.00%,50.20%,1.96%,N/A,92.43%,7.20%,Provo-Orem,Mountain Standard Time,4227,4.5,77.10%,30.30%,22,14,40
Levan,Utah,Juab County,717,888,90,37,53,14,80,224,45,43%,78%,58%,5,10,26,39,8.05%,$48913,$767,$200800,N/A,N/A,42,14%,45%,39%,96,22 mins,2.90%,N/A,-34.50%,10.50%,67.00%,N/A,N/A,96.60%,11.20%,Provo-Orem,Mountain Standard Time,4227,4.5,67.60%,37.10%,7,N/A,32
Lewiston,Utah,Cache County,2006,79,89,31,58,19,101,219,57,38%,84%,63%,5,9,22,29,27.69%,$47917,$850,$244300,N/A,N/A,45,14%,36%,36%,93,23 mins,2.70%,1.00%,15.30%,18.30%,45.20%,N/A,N/A,89.54%,13.70%,Logan,Mountain Standard Time,4507,4.7,78.80%,31.90%,12,N/A,35
Liberty,Utah,Weber County,1427,244,88,33,55,25,100,226,90,39%,80%,61%,5,7,19,38,N/A,$78542,N/A,$480700,N/A,N/A,20,13%,53%,43%,93,22 mins,3.30%,0.90%,13.80%,26.90%,46.80%,N/A,N/A,97.31%,5.50%,Ogden-Clearfield,Mountain Standard Time,4300,4.5,70.30%,28.70%,0,N/A,29
Lindon,Utah,Utah County,10761,1285,92,39,53,17,86,222,42,42%,82%,62%,5,9,37,27,42.54%,$83182,$1367,$482500,N/A,N/A,24,11%,41%,31%,78,17 mins,2.90%,N/A,11.00%,14.00%,50.20%,1.81%,N/A,93.16%,8.40%,Provo-Orem,Mountain Standard Time,4227,4.5,78.40%,38.80%,46,N/A,76
Loa,Utah,Wayne County,587,618,84,39,45,9,64,251,29,40%,70%,51%,7,10,27,32,16.25%,$46250,$570,$202800,N/A,N/A,39,11%,35%,22%,98,16 mins,3.70%,0.30%,-16.90%,19.00%,67.70%,N/A,N/A,93.89%,10.10%,None,N/A,N/A,4.6,43.50%,37.90%,26,N/A,N/A
Logan,Utah,Cache County,49957,2829,89,31,58,18,98,219,53,36%,81%,60%,5,10,26,23,36.89%,$35770,$764,$235300,N/A,N/A,37,13%,35%,34%,75,14 mins,2.70%,1.00%,7.70%,18.30%,45.20%,3.34%,1.42%,86.58%,15.10%,Logan,Mountain Standard Time,4507,4.7,36.10%,52.50%,41,N/A,51
Lyman,Utah,Wayne County,395,219,84,39,45,9,64,251,29,40%,70%,51%,7,8,22,41,N/A,$53250,N/A,$298000,N/A,N/A,40,10%,35%,20%,98,16 mins,3.70%,0.30%,17.20%,19.00%,67.70%,2.61%,N/A,97.39%,N/A,None,N/A,N/A,4.6,64.70%,33.50%,0,N/A,24
Lynndyl,Utah,Millard County,89,29,94,38,56,11,61,256,30,27%,69%,44%,7,9,24,53,N/A,$53625,N/A,$144800,N/A,N/A,36,11%,36%,21%,91,17 mins,3.20%,-2.10%,-33.10%,8.20%,73.30%,N/A,N/A,97.92%,5.60%,None,N/A,N/A,4.9,71.40%,41.00%,0,N/A,25
Maeser,Utah,Uintah County,4267,660,90,29,61,8,59,243,18,31%,71%,48%,4,10,29,28,21.34%,$65889,$944,$306000,N/A,N/A,27,10%,45%,37%,92,19 mins,4.80%,0.80%,12.10%,7.70%,76.30%,N/A,N/A,96.85%,10.00%,Vernal,N/A,N/A,4.6,62.70%,44.50%,1,N/A,N/A
Magna,Utah,Salt Lake County,28257,3602,92,38,54,18,88,222,41,37%,78%,57%,6,10,30,29,N/A,$55913,N/A,$340000,1789,$190,38,12%,62%,48%,76,22 mins,2.90%,1.50%,5.00%,41.50%,32.60%,N/A,N/A,N/A,31.40%,Salt Lake City,Mountain Standard Time,4260,4.7,72.40%,47.10%,31,31,36
Manila,Utah,Daggett County,186,180,84,35,49,11,64,235,47,36%,74%,54%,6,9,25,37,N/A,$33864,N/A,$193200,N/A,N/A,30,11%,36%,21%,98,0 mins,3.00%,-4.50%,-46.70%,16.10%,69.40%,N/A,N/A,100.00%,N/A,None,N/A,N/A,4.8,10.50%,42.10%,14,N/A,28
Manti,Utah,Sanpete County,3420,1377,88,36,52,13,78,243,41,41%,77%,56%,5,10,29,34,25.65%,$44821,$754,$208000,N/A,N/A,45,17%,37%,31%,98,21 mins,4.00%,2.40%,6.60%,10.40%,65.10%,N/A,1.08%,91.05%,1.90%,None,N/A,N/A,4.7,64.70%,35.00%,50,N/A,46
Mantua,Utah,Box Elder County,673,137,88,32,56,25,103,222,89,36%,81%,60%,5,7,18,52,34.34%,$74875,$925,$294200,N/A,N/A,42,12%,47%,43%,90,25 mins,3.00%,0.40%,-2.30%,11.50%,61.50%,N/A,N/A,95.57%,3.60%,Ogden-Clearfield,Mountain Standard Time,4300,4.7,89.90%,32.60%,10,N/A,34
Mapleton,Utah,Utah County,9255,699,93,39,54,21,97,228,57,40%,78%,58%,5,7,21,31,48.88%,$84094,$1164,$650000,3350,$194,21,11%,46%,29%,86,23 mins,2.90%,N/A,22.70%,14.00%,50.20%,N/A,N/A,95.00%,7.80%,Provo-Orem,Mountain Standard Time,4227,4.5,88.40%,34.00%,10,N/A,32
Marion,Utah,Summit County,625,107,84,35,49,19,97,226,96,45%,84%,65%,5,8,21,33,N/A,$73021,N/A,$243800,N/A,N/A,27,12%,42%,29%,96,25 mins,2.70%,0.40%,70.30%,50.30%,35.10%,N/A,N/A,100.00%,4.30%,Summit Park,N/A,N/A,4.7,83.10%,33.60%,0,N/A,N/A
Marriott-Slaterville,Utah,Weber County,1978,274,92,36,56,20,76,229,34,N/A,N/A,N/A,N/A,9,23,36,16.06%,$70750,$972,$365500,N/A,N/A,25,14%,54%,40%,81,17 mins,3.30%,0.90%,37.10%,26.90%,46.80%,N/A,N/A,92.98%,9.70%,Ogden-Clearfield,Mountain Standard Time,4300,4.5,77.90%,42.80%,9,12,29
Marysvale,Utah,Piute County,563,31,89,42,47,10,66,254,21,41%,74%,55%,6,11,29,60,27.50%,$26607,$932,$172500,N/A,N/A,51,10%,37%,21%,96,0 mins,4.70%,0.40%,2.60%,6.40%,85.90%,N/A,N/A,100.00%,N/A,None,N/A,N/A,4.7,48.40%,44.50%,18,N/A,N/A
Mayfield,Utah,Sanpete County,364,407,90,38,52,13,73,245,30,41%,77%,56%,5,8,22,45,22.96%,$64375,$1022,$224900,N/A,N/A,47,14%,43%,34%,98,21 mins,4.00%,2.40%,-17.10%,10.40%,65.10%,N/A,N/A,98.72%,N/A,None,N/A,N/A,4.7,62.40%,28.50%,16,N/A,N/A
Meadow,Utah,Millard County,280,552,90,39,51,15,78,249,59,38%,75%,53%,6,9,23,37,11.64%,$50625,$625,$244100,N/A,N/A,65,10%,35%,21%,96,17 mins,3.20%,-2.10%,3.70%,8.20%,73.30%,N/A,N/A,97.26%,3.60%,None,N/A,N/A,4.9,68.30%,24.20%,31,N/A,34
Midvale,Utah,Salt Lake County,32249,5455,93,39,54,18,89,224,42,39%,80%,59%,5,24,79,30,32.46%,$51077,$1118,$395000,1863,$212,33,9%,48%,40%,64,22 mins,2.90%,1.50%,16.80%,41.50%,32.60%,3.69%,3.22%,77.27%,22.80%,Salt Lake City,Mountain Standard Time,4260,4.7,40.20%,51.00%,52,41,48
Midway,Utah,Wasatch County,4683,845,89,35,54,20,98,224,80,45%,84%,65%,5,10,29,36,46.32%,$77898,$2298,$530100,N/A,N/A,16,10%,42%,30%,91,23 mins,3.00%,3.80%,29.90%,25.00%,49.90%,N/A,N/A,98.35%,7.40%,Heber,N/A,N/A,4.7,57.20%,31.30%,52,N/A,43
Milford,Utah,Beaver County,1594,745,93,41,52,11,63,254,31,30%,69%,45%,8,10,26,33,12.41%,$50000,$922,$154200,N/A,N/A,52,10%,37%,22%,94,16 mins,3.50%,-1.40%,-7.10%,10.50%,73.40%,N/A,N/A,91.10%,20.60%,None,N/A,N/A,4.7,61.70%,38.30%,43,N/A,N/A
Millcreek,Utah,Salt Lake County,60297,4725,91,38,53,21,91,228,58,N/A,N/A,N/A,N/A,11,36,36,50.59%,$57429,$1120,$550000,2131,$258,47,10%,58%,47%,65,19 mins,2.90%,1.50%,-1.20%,41.50%,32.60%,4.51%,2.02%,86.25%,8.70%,Salt Lake City,Mountain Standard Time,4260,4.7,57.00%,49.90%,46,39,48
Millville,Utah,Cache County,1912,788,88,32,56,19,99,218,53,36%,81%,60%,5,7,18,31,34.71%,$76350,$646,$303900,N/A,N/A,31,11%,37%,36%,90,17 mins,2.70%,1.00%,29.60%,18.30%,45.20%,1.17%,N/A,92.94%,4.60%,Logan,Mountain Standard Time,4507,4.7,76.70%,34.60%,36,N/A,32
Minersville,Utah,Beaver County,888,408,93,41,52,11,62,251,29,38%,70%,50%,6,9,24,41,21.38%,$57750,$850,$228500,N/A,N/A,31,11%,35%,21%,94,16 mins,3.50%,-1.40%,10.90%,10.50%,73.40%,N/A,N/A,99.55%,9.20%,None,N/A,N/A,4.7,64.20%,37.70%,7,N/A,30
Moab,Utah,Grand County,5232,1091,98,42,56,10,59,244,9,29%,63%,41%,6,19,37,36,28.85%,$41531,$829,$301800,N/A,N/A,43,11%,36%,21%,88,15 mins,2.70%,2.90%,5.70%,42.60%,42.90%,1.86%,N/A,90.22%,9.80%,None,N/A,N/A,4.6,46.70%,43.90%,63,N/A,88
Mona,Utah,Juab County,1450,586,90,37,53,16,83,222,47,36%,76%,54%,5,7,19,25,15.94%,$68854,$928,$284300,N/A,N/A,22,14%,46%,39%,96,27 mins,2.90%,N/A,32.90%,10.50%,67.00%,N/A,N/A,99.87%,1.10%,Provo-Orem,Mountain Standard Time,4227,4.5,89.10%,30.10%,10,N/A,26
Monroe,Utah,Sevier County,2537,706,90,40,50,10,72,257,35,41%,76%,56%,6,8,20,35,20.15%,$48083,$592,$231200,N/A,N/A,38,13%,37%,34%,95,16 mins,3.50%,-0.10%,1.10%,8.00%,77.90%,N/A,N/A,99.40%,4.90%,None,N/A,N/A,4.9,80.50%,31.60%,27,N/A,N/A
Montezuma Creek,Utah,San Juan County,389,33,95,43,52,9,48,254,9,34%,63%,43%,7,16,40,26,N/A,$18750,N/A,$70400,N/A,N/A,34,4%,23%,21%,89,20 mins,5.20%,1.30%,-5.40%,36.90%,47.80%,N/A,N/A,1.55%,N/A,None,N/A,N/A,6,60.80%,68.40%,3,N/A,N/A
Monticello,Utah,San Juan County,2599,718,86,37,49,15,71,255,61,38%,68%,47%,7,8,20,31,31.74%,$47500,$904,$183500,N/A,N/A,44,4%,23%,20%,96,20 mins,5.20%,1.30%,-1.50%,36.90%,47.80%,N/A,N/A,89.52%,14.20%,None,N/A,N/A,6,65.10%,44.70%,54,N/A,51
Morgan,Utah,Morgan County,4058,1369,88,33,55,25,97,222,73,43%,83%,64%,5,8,23,31,33.43%,$70649,$1009,$435200,N/A,N/A,23,13%,56%,29%,91,24 mins,2.90%,0.80%,16.10%,11.10%,61.40%,N/A,N/A,97.85%,5.50%,Ogden-Clearfield,Mountain Standard Time,4300,4.7,83.50%,29.50%,48,N/A,58
Moroni,Utah,Sanpete County,1640,1540,88,36,52,13,80,239,58,43%,78%,58%,5,7,15,28,12.31%,$44176,$658,$160900,N/A,N/A,56,14%,43%,35%,95,21 mins,4.00%,2.40%,36.40%,10.40%,65.10%,2.47%,N/A,79.30%,36.60%,None,N/A,N/A,4.7,81.30%,27.10%,22,N/A,33
Mount Pleasant,Utah,Sanpete County,3309,1129,88,36,52,14,82,244,60,41%,75%,55%,6,9,24,32,22.11%,$47875,$914,$226700,N/A,N/A,46,11%,48%,42%,97,21 mins,4.00%,2.40%,5.40%,10.40%,65.10%,1.93%,N/A,94.06%,4.50%,None,N/A,N/A,4.7,64.40%,41.30%,43,N/A,43
Mountain Green,Utah,Morgan County,3470,642,88,33,55,25,97,226,73,40%,80%,61%,5,7,20,28,52.99%,$104815,$1679,$642000,N/A,N/A,17,12%,55%,31%,91,31 mins,2.90%,0.80%,90.80%,11.10%,61.40%,1.40%,1.35%,95.59%,1.90%,Ogden-Clearfield,Mountain Standard Time,4300,4.7,80.50%,21.40%,9,N/A,29
Murray,Utah,Salt Lake County,49038,3979,92,38,54,19,89,230,47,39%,80%,59%,5,23,92,35,33.56%,$53797,$1109,$425000,1923,$221,41,11%,56%,46%,62,20 mins,3.10%,1.50%,6.00%,41.50%,32.60%,2.19%,1.91%,88.20%,11.60%,Salt Lake City,Mountain Standard Time,4260,4.7,63.40%,50.40%,39,38,51
Myton,Utah,Duchesne County,566,563,92,31,61,7,51,228,18,35%,72%,51%,5,13,34,32,4.08%,$44688,$675,$141500,N/A,N/A,43,8%,24%,21%,89,20 mins,4.60%,-0.70%,18.70%,7.20%,78.80%,N/A,N/A,70.53%,17.70%,None,N/A,N/A,4.7,50.00%,45.30%,8,N/A,29
Naples,Utah,Uintah County,2387,362,90,29,61,8,59,237,18,32%,73%,50%,5,6,22,32,16.32%,$76250,$798,$276400,N/A,N/A,26,9%,43%,40%,84,19 mins,4.80%,0.80%,48.00%,7.70%,76.30%,N/A,N/A,94.44%,9.80%,Vernal,N/A,N/A,4.6,74.40%,41.50%,9,N/A,N/A
Navajo Mountain,Utah,San Juan County,462,14,94,45,49,6,32,254,5,28%,57%,37%,6,16,41,20,15.56%,$24464,$708,$102400,N/A,N/A,31,4%,23%,21%,93,20 mins,5.20%,1.30%,26.60%,36.90%,47.80%,N/A,N/A,N/A,N/A,None,N/A,N/A,6,46.50%,67.40%,0,N/A,N/A
Neola,Utah,Duchesne County,410,109,85,33,52,11,61,231,40,35%,72%,51%,5,9,23,24,N/A,$74500,N/A,$245900,N/A,N/A,30,8%,24%,21%,89,20 mins,4.60%,-0.70%,25.80%,7.20%,78.80%,N/A,N/A,81.14%,6.30%,None,N/A,N/A,4.7,88.80%,37.20%,0,N/A,N/A
Nephi,Utah,Juab County,5631,1233,90,37,53,16,83,229,50,43%,78%,58%,5,9,40,31,17.68%,$55066,$823,$225000,N/A,N/A,43,14%,48%,38%,83,21 mins,2.90%,N/A,7.10%,10.50%,67.00%,N/A,N/A,91.25%,6.10%,Provo-Orem,Mountain Standard Time,4227,4.5,71.10%,40.40%,38,N/A,40
New Harmony,Utah,Washington County,186,308,90,43,47,15,60,254,41,32%,59%,41%,6,8,21,62,37.92%,$60893,$1063,$434800,N/A,N/A,24,12%,54%,29%,92,18 mins,3.40%,3.50%,-28.50%,16.50%,68.40%,N/A,N/A,100.00%,2.20%,St. George,Mountain Standard Time,2880,6,66.10%,18.80%,2,N/A,N/A
Newcastle,Utah,Iron County,285,72,88,43,45,15,53,255,34,43%,70%,51%,7,8,21,59,N/A,$56310,N/A,$271000,N/A,N/A,61,13%,32%,18%,92,17 mins,3.50%,3.00%,114.30%,13.70%,64.80%,N/A,N/A,100.00%,N/A,Cedar City,N/A,N/A,5.6,48.70%,20.70%,11,N/A,27
Newton,Utah,Cache County,706,827,89,33,56,19,103,220,64,38%,84%,63%,5,7,19,40,31.65%,$54405,$638,$245000,N/A,N/A,45,12%,37%,34%,89,22 mins,2.70%,1.00%,9.10%,18.30%,45.20%,N/A,N/A,97.69%,1.40%,Logan,Mountain Standard Time,4507,4.7,84.00%,30.20%,6,N/A,34
Nibley,Utah,Cache County,6438,1539,89,31,58,18,99,218,53,36%,81%,60%,5,8,23,23,37.98%,$66094,$1058,$304800,N/A,N/A,15,12%,38%,35%,91,17 mins,2.70%,1.00%,35.20%,18.30%,45.20%,N/A,N/A,91.32%,10.00%,Logan,Mountain Standard Time,4507,4.7,91.20%,32.40%,12,N/A,34
North Logan,Utah,Cache County,10140,1422,89,31,58,18,99,222,53,38%,84%,63%,5,8,25,25,47.19%,$65717,$1092,$317200,N/A,N/A,21,11%,34%,32%,84,14 mins,2.70%,1.00%,30.60%,18.30%,45.20%,4.76%,N/A,89.51%,4.80%,Logan,Mountain Standard Time,4507,4.7,58.60%,44.50%,8,N/A,41
North Ogden,Utah,Weber County,18525,2499,91,36,55,20,84,226,59,39%,80%,61%,5,8,20,33,32.51%,$75054,$988,$329100,N/A,N/A,27,14%,55%,45%,82,24 mins,3.30%,0.90%,10.40%,26.90%,46.80%,N/A,N/A,94.22%,7.40%,Ogden-Clearfield,Mountain Standard Time,4300,4.5,80.70%,35.50%,20,28,25
North Salt Lake,Utah,Davis County,19413,2293,91,38,53,20,92,226,54,39%,79%,59%,5,10,33,30,43.84%,$69945,$1158,$380700,N/A,N/A,16,13%,47%,40%,68,21 mins,2.80%,1.00%,29.50%,20.50%,44.40%,3.01%,N/A,86.02%,14.90%,Ogden-Clearfield,Mountain Standard Time,4300,4.5,70.40%,36.40%,51,N/A,41
Oak City,Utah,Millard County,716,761,94,38,56,11,61,252,30,27%,69%,44%,7,7,19,33,27.66%,$56250,$631,$194300,N/A,N/A,37,11%,35%,20%,91,17 mins,3.20%,-2.10%,14.40%,8.20%,73.30%,N/A,N/A,90.88%,N/A,None,N/A,N/A,4.9,68.50%,22.70%,6,N/A,27
Oakley,Utah,Summit County,1298,189,84,35,49,19,98,229,94,45%,84%,65%,5,8,20,32,27.44%,$73295,$875,$293200,N/A,N/A,24,12%,40%,30%,96,27 mins,2.70%,0.40%,-1.60%,50.30%,35.10%,N/A,N/A,99.87%,10.20%,Summit Park,N/A,N/A,4.7,71.60%,26.50%,26,N/A,29
Ogden,Utah,Weber County,85497,3137,91,36,55,21,81,223,41,40%,80%,61%,5,27,62,31,20.78%,$40937,$818,$230900,N/A,N/A,54,16%,64%,46%,73,20 mins,3.60%,0.90%,5.50%,26.90%,46.80%,1.23%,1.88%,83.98%,32.30%,Ogden-Clearfield,Mountain Standard Time,4300,4.5,52.90%,52.40%,46,36,45
Oljato-Monument Valley,Utah,San Juan County,979,34,95,42,53,6,29,254,5,N/A,N/A,N/A,N/A,14,35,31,7.49%,$30000,$414,$102900,N/A,N/A,31,4%,22%,20%,93,20 mins,5.20%,1.30%,0.00%,36.90%,47.80%,N/A,N/A,6.67%,N/A,None,N/A,N/A,6,72.90%,62.20%,0,N/A,N/A
Ophir,Utah,Tooele County,24,188,91,39,52,17,91,229,67,35%,78%,55%,6,9,24,62,N/A,$68800,N/A,$213600,N/A,N/A,45,13%,49%,49%,92,27 mins,3.50%,1.50%,-36.80%,20.80%,50.90%,N/A,N/A,78.00%,N/A,Salt Lake City,Mountain Standard Time,4260,4.5,68.20%,36.40%,23,15,N/A
Orangeville,Utah,Emery County,1540,1075,89,37,52,8,56,236,19,36%,70%,49%,6,8,21,33,23.97%,$51364,$730,$179000,N/A,N/A,42,11%,35%,20%,95,19 mins,4.10%,1.80%,5.70%,8.80%,79.40%,N/A,N/A,100.00%,N/A,None,N/A,N/A,4.6,64.50%,26.20%,6,N/A,39
Orderville,Utah,Kane County,750,86,90,46,44,15,62,254,33,33%,60%,41%,7,9,24,31,15.94%,$51838,$828,$178400,N/A,N/A,40,16%,34%,17%,94,12 mins,2.60%,1.70%,15.20%,20.90%,64.00%,N/A,N/A,98.65%,4.90%,None,N/A,N/A,6,67.50%,40.70%,16,N/A,N/A
Orem,Utah,Utah County,94420,5110,92,39,53,18,89,223,42,42%,82%,62%,5,9,33,25,40.04%,$54048,$1034,$400000,2116,$189,35,14%,52%,40%,68,17 mins,2.90%,N/A,8.70%,14.00%,50.20%,2.10%,N/A,89.57%,16.90%,Provo-Orem,Mountain Standard Time,4227,4.5,56.20%,42.20%,43,33,58
Palmyra,Utah,Utah County,430,39,93,38,55,20,95,226,51,40%,78%,58%,5,8,22,50,N/A,$58495,N/A,$395100,N/A,N/A,36,12%,47%,36%,84,21 mins,2.90%,N/A,-28.20%,14.00%,50.20%,N/A,N/A,100.00%,N/A,Provo-Orem,Mountain Standard Time,4227,4.5,78.50%,27.70%,0,N/A,N/A
Panguitch,Utah,Garfield County,1911,670,85,40,45,12,69,252,45,38%,70%,50%,7,10,26,34,27.96%,$44743,$706,$168100,N/A,N/A,49,5%,24%,21%,95,14 mins,4.00%,-1.80%,6.80%,15.30%,68.50%,N/A,N/A,91.82%,6.90%,None,N/A,N/A,4.9,63.10%,40.40%,52,N/A,66
Paradise,Utah,Cache County,1147,825,87,32,55,23,103,225,80,36%,81%,60%,5,8,20,29,34.87%,$66563,$825,$371700,N/A,N/A,30,12%,33%,34%,94,26 mins,2.70%,1.00%,33.50%,18.30%,45.20%,N/A,N/A,99.39%,1.90%,Logan,Mountain Standard Time,4507,4.7,81.20%,33.40%,6,N/A,26
Paragonah,Utah,Iron County,511,757,89,43,46,12,63,258,50,41%,71%,52%,6,9,22,38,12.46%,$49250,$688,$219500,N/A,N/A,45,13%,30%,18%,93,17 mins,3.50%,3.00%,27.80%,13.70%,64.80%,N/A,N/A,95.82%,2.50%,Cedar City,N/A,N/A,5.6,62.00%,35.30%,0,N/A,33
Park City,Utah,Summit County,8167,409,84,35,49,21,98,229,95,45%,84%,65%,5,18,51,40,60.69%,$88438,$1495,$793800,N/A,N/A,29,12%,41%,29%,86,23 mins,2.70%,0.40%,8.10%,50.30%,35.10%,4.47%,2.34%,86.35%,16.60%,Summit Park,N/A,N/A,4.7,18.90%,43.00%,67,N/A,39
Parowan,Utah,Iron County,2913,422,89,42,47,13,63,250,51,41%,71%,52%,6,14,26,45,17.39%,$37044,$913,$207800,N/A,N/A,36,13%,32%,18%,93,17 mins,3.50%,3.00%,4.30%,13.70%,64.80%,N/A,N/A,95.05%,4.90%,Cedar City,N/A,N/A,5.6,57.60%,39.50%,38,N/A,38
Payson,Utah,Utah County,19647,1598,91,37,54,17,89,224,51,40%,78%,58%,5,9,33,26,22.80%,$59591,$1017,$371500,2147,$173,25,11%,50%,39%,85,25 mins,2.90%,N/A,14.30%,14.00%,50.20%,N/A,N/A,92.73%,13.50%,Provo-Orem,Mountain Standard Time,4227,4.5,73.50%,41.40%,38,N/A,40
Peoa,Utah,Summit County,243,85,84,35,49,19,99,226,94,45%,84%,65%,5,9,23,57,56.48%,$59327,$1608,$341500,N/A,N/A,61,12%,42%,29%,96,25 mins,2.70%,0.40%,-41.20%,50.30%,35.10%,N/A,N/A,100.00%,N/A,Summit Park,N/A,N/A,4.7,58.10%,35.00%,0,N/A,27
Perry,Utah,Box Elder County,4717,589,90,35,55,17,85,220,45,38%,76%,57%,5,10,32,34,36.36%,$87188,$843,$320000,N/A,N/A,17,10%,50%,45%,83,25 mins,3.00%,0.40%,15.20%,11.50%,61.50%,N/A,N/A,98.33%,2.50%,Ogden-Clearfield,Mountain Standard Time,4300,4.7,89.70%,26.00%,32,21,20
Pine Valley,Utah,Washington County,224,65,85,42,43,16,69,257,90,32%,59%,41%,6,9,23,31,N/A,$94107,N/A,$268400,N/A,N/A,29,10%,46%,22%,93,18 mins,3.40%,3.50%,67.20%,16.50%,68.40%,N/A,N/A,100.00%,N/A,St. George,Mountain Standard Time,2880,6,11.60%,25.20%,2,N/A,20
Plain City,Utah,Weber County,6343,531,92,36,56,20,76,223,34,38%,76%,57%,5,7,22,32,24.61%,$86059,$736,$373700,N/A,N/A,21,9%,53%,39%,84,22 mins,3.30%,0.90%,23.70%,26.90%,46.80%,N/A,N/A,98.54%,1.10%,Ogden-Clearfield,Mountain Standard Time,4300,4.5,86.20%,31.80%,12,0,29
Pleasant Grove,Utah,Utah County,37439,4104,92,39,53,17,85,229,42,42%,82%,62%,5,7,16,25,39.79%,$62660,$1139,$399900,1969,$203,21,12%,52%,43%,76,21 mins,2.90%,N/A,19.00%,14.00%,50.20%,1.39%,N/A,91.88%,7.90%,Provo-Orem,Mountain Standard Time,4227,4.5,63.80%,39.60%,28,18,45
Pleasant View,Utah,Weber County,9375,1343,91,36,55,20,83,226,56,38%,76%,57%,5,9,20,34,34.32%,$85161,$1104,$428500,N/A,N/A,22,11%,50%,40%,83,23 mins,3.30%,0.90%,25.30%,26.90%,46.80%,3.75%,N/A,94.15%,9.30%,Ogden-Clearfield,Mountain Standard Time,4300,4.5,86.40%,34.10%,10,N/A,15
Plymouth,Utah,Box Elder County,382,462,89,31,58,17,86,220,47,38%,84%,63%,5,8,20,36,9.91%,$60250,$738,$194700,N/A,N/A,44,13%,48%,45%,93,24 mins,3.00%,0.40%,12.70%,11.50%,61.50%,N/A,N/A,91.49%,5.80%,Ogden-Clearfield,Mountain Standard Time,4300,4.7,79.50%,22.90%,6,N/A,25
Portage,Utah,Box Elder County,280,110,89,32,57,16,81,220,44,38%,84%,63%,5,9,23,36,9.68%,$50625,$669,$169100,N/A,N/A,43,12%,49%,43%,93,23 mins,3.00%,0.40%,30.20%,11.50%,61.50%,N/A,N/A,95.49%,N/A,Ogden-Clearfield,Mountain Standard Time,4300,4.7,68.50%,37.00%,0,N/A,25
Price,Utah,Carbon County,8337,1656,90,36,54,10,59,233,16,38%,73%,53%,6,10,66,30,16.80%,$44293,$668,$184000,N/A,N/A,46,7%,37%,34%,84,11 mins,4.40%,1.30%,-1.60%,21.50%,65.90%,N/A,N/A,93.48%,16.50%,Price,N/A,N/A,4.6,52.50%,50.40%,61,N/A,N/A
Providence,Utah,Cache County,7173,1873,88,32,56,19,99,219,53,36%,81%,60%,5,8,25,30,48.97%,$64561,$982,$301900,N/A,N/A,19,9%,34%,32%,86,17 mins,2.70%,1.00%,10.30%,18.30%,45.20%,1.09%,N/A,95.61%,5.00%,Logan,Mountain Standard Time,4507,4.7,84.30%,33.50%,N/A,N/A,N/A
Provo,Utah,Utah County,116199,2789,93,39,54,18,90,222,43,40%,78%,58%,5,10,32,23,43.11%,$40359,$877,$370000,1753,$211,37,13%,55%,42%,67,17 mins,2.80%,N/A,5.40%,14.00%,50.20%,2.69%,N/A,87.95%,16.30%,Provo-Orem,Mountain Standard Time,4227,4.5,37.30%,52.70%,47,34,63
Randlett,Utah,Uintah County,144,28,92,30,62,7,52,239,15,31%,71%,48%,4,13,34,30,N/A,$15795,N/A,$150400,N/A,N/A,38,9%,42%,36%,78,19 mins,4.80%,0.80%,-9.40%,7.70%,76.30%,N/A,N/A,N/A,N/A,Vernal,N/A,N/A,4.6,30.10%,49.00%,0,N/A,N/A
Randolph,Utah,Rich County,648,623,82,28,54,11,69,229,62,39%,83%,63%,7,9,24,31,11.11%,$54063,$520,$169700,N/A,N/A,56,11%,36%,21%,95,21 mins,2.30%,1.00%,-6.10%,9.40%,71.90%,N/A,N/A,100.00%,1.40%,None,N/A,N/A,4.6,52.90%,42.70%,11,N/A,26
Redmond,Utah,Sevier County,648,674,91,39,52,12,74,251,39,39%,75%,54%,5,8,21,41,13.14%,$52143,$892,$200700,N/A,N/A,45,10%,35%,31%,94,16 mins,3.50%,-0.10%,28.60%,8.00%,77.90%,N/A,N/A,95.42%,11.70%,None,N/A,N/A,4.9,79.40%,37.30%,3,N/A,N/A
Richfield,Utah,Sevier County,7589,1338,91,40,51,9,73,254,36,38%,74%,53%,6,9,49,30,20.93%,$42363,$687,$219600,N/A,N/A,42,8%,32%,28%,87,12 mins,3.50%,-0.10%,2.00%,8.00%,77.90%,N/A,1.25%,93.53%,4.60%,None,N/A,N/A,4.9,58.10%,42.00%,59,N/A,N/A
Richmond,Utah,Cache County,2580,750,89,32,57,19,103,218,64,38%,84%,63%,5,8,22,31,27.81%,$53226,$797,$257000,N/A,N/A,42,11%,38%,34%,94,17 mins,2.70%,1.00%,-2.30%,18.30%,45.20%,N/A,N/A,97.04%,3.00%,Logan,Mountain Standard Time,4507,4.7,68.90%,38.80%,18,N/A,38
River Heights,Utah,Cache County,2028,3000,89,31,58,18,99,221,53,36%,81%,60%,5,7,18,32,53.39%,$67778,$836,$308500,N/A,N/A,38,12%,37%,34%,84,17 mins,2.70%,1.00%,8.90%,18.30%,45.20%,N/A,N/A,94.13%,2.00%,Logan,Mountain Standard Time,4507,4.7,86.70%,33.80%,28,N/A,N/A
Riverdale,Utah,Weber County,8685,1855,91,36,55,23,79,222,33,39%,76%,58%,6,15,87,34,21.36%,$52195,$854,$284100,N/A,N/A,37,14%,53%,43%,71,19 mins,3.30%,0.90%,6.10%,26.90%,46.80%,2.70%,1.99%,86.97%,13.80%,Ogden-Clearfield,Mountain Standard Time,4300,4.5,70.00%,42.50%,61,N/A,70
Riverside,Utah,Box Elder County,619,92,91,33,58,17,84,220,43,38%,84%,63%,5,7,18,30,N/A,$63237,N/A,$277900,N/A,N/A,59,12%,47%,45%,89,23 mins,3.00%,0.40%,-1.40%,11.50%,61.50%,1.85%,N/A,98.15%,N/A,Ogden-Clearfield,Mountain Standard Time,4300,4.7,78.60%,35.00%,12,N/A,27
Riverton,Utah,Salt Lake County,41997,3324,92,39,53,16,84,225,43,39%,80%,59%,5,7,21,30,38.04%,$84718,$1584,$510000,2756,$185,19,11%,47%,40%,79,23 mins,2.60%,1.50%,16.70%,41.50%,32.60%,1.88%,N/A,94.75%,7.10%,Salt Lake City,Mountain Standard Time,4260,4.7,87.80%,34.80%,25,19,43
Rockville,Utah,Washington County,313,37,100,53,47,14,60,253,3,32%,58%,40%,6,9,24,59,43.79%,$49000,$840,$579400,N/A,N/A,33,12%,48%,27%,92,18 mins,3.40%,3.50%,35.50%,16.50%,68.40%,N/A,N/A,100.00%,N/A,St. George,Mountain Standard Time,2880,6,44.70%,51.10%,0,N/A,37
Rocky Ridge,Utah,Juab County,1235,721,90,37,53,16,83,226,47,N/A,N/A,N/A,N/A,14,36,15,8.22%,$40536,$519,$221800,N/A,N/A,17,14%,45%,37%,96,22 mins,2.90%,N/A,64.50%,10.50%,67.00%,N/A,N/A,100.00%,N/A,Provo-Orem,Mountain Standard Time,4227,4.5,53.30%,62.70%,0,N/A,N/A
Roosevelt,Utah,Duchesne County,6771,1004,92,30,62,7,52,226,15,35%,72%,51%,5,37,61,27,19.44%,$60613,$800,$226400,N/A,N/A,33,9%,24%,20%,81,17 mins,4.60%,-0.70%,21.00%,7.20%,78.80%,1.09%,N/A,83.38%,11.50%,None,N/A,N/A,4.7,57.80%,37.60%,58,N/A,N/A
Roy,Utah,Weber County,38013,4831,92,36,56,20,74,229,32,39%,76%,58%,6,11,28,30,18.85%,$60100,$1061,$272300,N/A,N/A,33,15%,52%,43%,70,23 mins,3.50%,0.90%,6.10%,26.90%,46.80%,1.64%,N/A,84.94%,14.90%,Ogden-Clearfield,Mountain Standard Time,4300,4.5,81.80%,42.20%,28,28,47
Rush Valley,Utah,Tooele County,517,29,91,39,52,16,82,225,64,35%,78%,55%,6,8,22,40,13.07%,$57125,$1063,$266900,N/A,N/A,39,13%,51%,49%,92,27 mins,3.50%,1.50%,19.40%,20.80%,50.90%,N/A,N/A,99.07%,6.80%,Salt Lake City,Mountain Standard Time,4260,4.5,65.80%,38.90%,0,N/A,N/A
Salem,Utah,Utah County,7504,732,93,38,55,18,89,225,53,40%,78%,58%,5,8,19,28,36.43%,$74495,$1250,$489500,2704,$181,21,10%,46%,39%,90,23 mins,2.90%,N/A,23.80%,14.00%,50.20%,N/A,N/A,94.58%,3.80%,Provo-Orem,Mountain Standard Time,4227,4.5,89.00%,32.90%,42,N/A,45
Salina,Utah,Sevier County,2512,407,91,40,51,10,73,250,39,42%,75%,55%,6,14,50,36,14.07%,$47232,$714,$177400,N/A,N/A,50,9%,34%,29%,94,19 mins,3.50%,-0.10%,-4.50%,8.00%,77.90%,N/A,N/A,93.57%,4.40%,None,N/A,N/A,4.9,66.90%,38.70%,43,N/A,50
Salt Lake City,Utah,Salt Lake County,194188,1746,91,38,53,20,91,222,54,39%,79%,59%,5,42,95,31,46.55%,$45833,$985,$470000,1760,$267,60,13%,58%,52%,54,19 mins,2.90%,1.50%,5.30%,41.50%,32.60%,5.42%,2.61%,72.84%,21.30%,Salt Lake City,Mountain Standard Time,4260,4.7,44.30%,56.20%,59,44,73
Samak,Utah,Summit County,300,64,84,35,49,19,97,226,96,N/A,N/A,N/A,N/A,11,29,44,N/A,$58214,N/A,$252200,N/A,N/A,45,12%,41%,29%,96,25 mins,2.70%,0.40%,-35.90%,50.30%,35.10%,N/A,N/A,98.10%,N/A,Summit Park,N/A,N/A,4.7,37.80%,54.20%,0,N/A,N/A
Sandy,Utah,Salt Lake County,94556,3974,92,39,53,20,90,229,61,39%,80%,59%,5,13,45,35,41.82%,$78048,$1305,$540000,2535,$213,34,9%,48%,41%,73,22 mins,3.00%,1.50%,8.50%,41.50%,32.60%,3.75%,N/A,90.09%,8.90%,Salt Lake City,Mountain Standard Time,4260,4.7,75.40%,39.90%,34,27,37
Santa Clara,Utah,Washington County,6835,1120,101,54,47,10,42,259,2,28%,54%,36%,6,7,16,33,39.95%,$64357,$1445,$349900,N/A,N/A,16,11%,44%,26%,79,18 mins,3.40%,3.50%,14.60%,16.50%,68.40%,N/A,N/A,94.96%,3.30%,St. George,Mountain Standard Time,2880,6,75.80%,32.20%,33,N/A,37
Santaquin,Utah,Utah County,10740,1052,91,37,54,16,80,225,51,36%,76%,54%,5,6,17,23,21.03%,$61250,$997,$397000,2594,$153,18,14%,56%,37%,91,24 mins,2.90%,N/A,28.40%,14.00%,50.20%,N/A,N/A,95.58%,14.80%,Provo-Orem,Mountain Standard Time,4227,4.5,83.90%,33.90%,42,N/A,39
Saratoga Springs,Utah,Utah County,25671,1127,93,38,55,15,80,230,33,41%,78%,58%,5,8,15,21,48.26%,$76682,$1485,$457500,2739,$167,11,13%,48%,39%,84,30 mins,2.90%,N/A,74.70%,14.00%,50.20%,1.27%,N/A,92.03%,5.30%,Provo-Orem,Mountain Standard Time,4227,4.5,80.80%,28.50%,8,4,27
Scipio,Utah,Millard County,378,363,91,38,53,15,69,255,45,38%,75%,54%,5,8,20,47,15.21%,$53125,$789,$248900,N/A,N/A,78,11%,36%,21%,96,17 mins,3.20%,-2.10%,95.90%,8.20%,73.30%,N/A,N/A,98.38%,1.10%,None,N/A,N/A,4.9,66.10%,29.90%,0,N/A,28
Scofield,Utah,Carbon County,15,16,90,36,54,11,61,233,33,38%,73%,53%,6,7,18,73,N/A,$64375,N/A,$225500,N/A,N/A,66,7%,36%,33%,94,17 mins,4.40%,1.30%,-11.80%,21.50%,65.90%,N/A,N/A,100.00%,N/A,Price,N/A,N/A,4.6,13.30%,0.00%,0,N/A,N/A
Sigurd,Utah,Sevier County,528,539,91,40,51,10,73,254,39,42%,75%,55%,6,9,24,31,10.41%,$46250,$828,$202900,N/A,N/A,63,9%,33%,29%,93,16 mins,3.50%,-0.10%,27.20%,8.00%,77.90%,N/A,N/A,100.00%,1.90%,None,N/A,N/A,4.9,74.00%,35.60%,0,N/A,25
Silver Summit,Utah,Summit County,4205,248,84,35,49,20,99,226,94,N/A,N/A,N/A,N/A,9,26,40,58.98%,$133523,$2609,$718700,N/A,N/A,16,12%,40%,30%,88,24 mins,2.70%,0.40%,43.30%,50.30%,35.10%,1.18%,N/A,95.89%,2.40%,Summit Park,N/A,N/A,4.7,61.90%,35.90%,0,N/A,5
Smithfield,Utah,Cache County,10832,2080,89,31,58,17,101,221,56,38%,84%,63%,5,8,11,27,37.53%,$57697,$905,$271400,N/A,N/A,24,12%,37%,34%,90,19 mins,2.70%,1.00%,20.90%,18.30%,45.20%,1.09%,N/A,95.99%,5.50%,Logan,Mountain Standard Time,4507,4.7,80.30%,33.20%,47,N/A,39
Snowville,Utah,Box Elder County,133,86,91,33,58,15,80,217,33,34%,81%,58%,5,9,23,36,N/A,$54375,N/A,$196700,N/A,N/A,43,13%,47%,44%,93,23 mins,3.00%,0.40%,-18.40%,11.50%,61.50%,N/A,N/A,100.00%,9.80%,Ogden-Clearfield,Mountain Standard Time,4300,4.7,55.60%,29.50%,22,N/A,29
Snyderville,Utah,Summit County,6271,582,84,35,49,20,99,226,94,44%,83%,64%,5,10,30,41,73.15%,$105436,$1481,$697800,N/A,N/A,18,12%,40%,30%,89,21 mins,2.70%,0.40%,19.50%,50.30%,35.10%,1.36%,N/A,95.25%,9.70%,Summit Park,N/A,N/A,4.7,39.00%,35.90%,28,N/A,56
South Jordan,Utah,Salt Lake County,65523,2950,92,39,53,18,85,225,44,39%,80%,59%,5,10,34,32,42.25%,$91228,$1418,$540000,2983,$181,14,8%,41%,34%,77,24 mins,3.00%,1.50%,41.30%,41.50%,32.60%,3.78%,N/A,88.36%,5.30%,Salt Lake City,Mountain Standard Time,4260,4.7,77.90%,33.40%,25,22,44
South Ogden,Utah,Weber County,16918,4586,90,35,55,23,89,224,49,40%,80%,61%,5,9,29,34,27.49%,$54685,$963,$264200,N/A,N/A,39,14%,53%,42%,75,19 mins,3.30%,0.90%,5.90%,26.90%,46.80%,N/A,1.51%,92.11%,14.20%,Ogden-Clearfield,Mountain Standard Time,4300,4.5,65.70%,42.30%,40,34,39
South Salt Lake,Utah,Salt Lake County,24722,3561,92,38,54,18,89,226,44,39%,80%,59%,5,44,95,30,25.25%,$37238,$908,$375000,1500,$250,43,12%,58%,49%,50,21 mins,2.90%,1.50%,6.40%,41.50%,32.60%,10.42%,7.21%,65.02%,21.00%,Salt Lake City,Mountain Standard Time,4260,4.7,37.10%,58.40%,58,48,58
South Weber,Utah,Davis County,6921,1494,91,36,55,23,79,223,33,40%,80%,61%,5,7,22,29,42.03%,$84390,$1341,$386100,N/A,N/A,20,11%,41%,36%,78,21 mins,2.80%,1.00%,21.30%,20.50%,44.40%,1.22%,N/A,94.92%,6.50%,Ogden-Clearfield,Mountain Standard Time,4300,4.5,85.90%,32.90%,1,N/A,27
South Willard,Utah,Box Elder County,1650,283,92,36,56,19,75,220,33,N/A,N/A,N/A,N/A,7,19,36,N/A,$72875,N/A,$386900,N/A,N/A,15,13%,47%,45%,90,23 mins,3.00%,0.40%,6.10%,11.50%,61.50%,N/A,N/A,92.35%,8.50%,Ogden-Clearfield,Mountain Standard Time,4300,4.7,84.60%,38.40%,1,N/A,22
Spanish Fork,Utah,Utah County,38171,2382,93,38,55,20,95,226,51,40%,78%,58%,5,7,20,25,32.17%,$63376,$1128,$385000,2069,$186,21,12%,50%,41%,79,21 mins,2.80%,N/A,19.80%,14.00%,50.20%,N/A,N/A,94.21%,10.80%,Provo-Orem,Mountain Standard Time,4227,4.5,74.00%,35.50%,32,N/A,44
Spanish Valley,Utah,San Juan County,594,42,98,42,56,10,59,254,9,N/A,N/A,N/A,N/A,11,29,30,N/A,$75192,N/A,$340500,N/A,N/A,28,4%,23%,21%,96,20 mins,5.20%,1.30%,181.50%,36.90%,47.80%,N/A,N/A,100.00%,3.50%,None,N/A,N/A,6,65.20%,61.90%,0,N/A,26
Spring City,Utah,Sanpete County,995,705,88,36,52,13,76,242,39,41%,75%,55%,6,5,27,46,26.71%,$44643,$881,$252200,N/A,N/A,74,14%,42%,35%,97,21 mins,4.00%,2.40%,-18.70%,10.40%,65.10%,N/A,N/A,95.76%,7.40%,None,N/A,N/A,4.7,69.60%,28.40%,18,N/A,30
Spring Glen,Utah,Carbon County,1129,332,90,36,54,11,61,230,33,38%,73%,53%,6,9,23,49,15.79%,$44732,$608,$179800,N/A,N/A,59,7%,37%,33%,93,17 mins,4.40%,1.30%,19.90%,21.50%,65.90%,N/A,N/A,100.00%,1.10%,Price,N/A,N/A,4.6,76.60%,40.40%,0,N/A,22
Spring Lake,Utah,Utah County,373,334,91,37,54,17,89,226,51,40%,78%,58%,5,8,20,26,N/A,$41154,N/A,$336900,N/A,N/A,41,12%,48%,36%,91,21 mins,2.90%,N/A,-33.60%,14.00%,50.20%,N/A,2.28%,97.72%,3.80%,Provo-Orem,Mountain Standard Time,4227,4.5,91.60%,29.40%,0,N/A,22
Springdale,Utah,Washington County,447,97,100,53,47,14,61,252,4,32%,58%,40%,6,30,71,61,42.05%,$47361,$542,$746400,N/A,N/A,27,12%,50%,26%,92,18 mins,3.40%,3.50%,-12.90%,16.50%,68.40%,N/A,N/A,99.42%,10.50%,St. George,Mountain Standard Time,2880,6,35.90%,42.60%,46,N/A,51
Springville,Utah,Utah County,32319,2254,93,38,55,20,95,225,51,40%,78%,58%,5,10,30,25,36.09%,$59375,$1091,$389900,2062,$189,25,12%,51%,43%,76,20 mins,2.60%,N/A,17.00%,14.00%,50.20%,N/A,N/A,92.55%,15.30%,Provo-Orem,Mountain Standard Time,4227,4.5,66.60%,36.80%,29,N/A,38
St. George,Utah,Washington County,79995,1041,101,54,47,10,43,255,2,N/A,N/A,N/A,N/A,11,29,36,N/A,$48188,N/A,$303700,N/A,N/A,21,13%,48%,27%,68,15 mins,3.50%,3.50%,12.50%,16.50%,68.40%,N/A,N/A,N/A,13.00%,St. George,Mountain Standard Time,2880,6,54.30%,42.10%,30,16,45
Stansbury Park,Utah,Tooele County,9446,4063,91,38,53,15,87,226,53,37%,77%,55%,7,8,22,29,41.88%,$88101,$1654,$357100,N/A,N/A,16,13%,48%,47%,88,28 mins,3.50%,1.50%,76.70%,20.80%,50.90%,1.64%,N/A,94.79%,6.90%,Salt Lake City,Mountain Standard Time,4260,4.5,89.80%,31.20%,12,N/A,35
Sterling,Utah,Sanpete County,217,674,88,36,52,13,78,240,41,41%,77%,56%,5,11,27,37,N/A,$43438,N/A,$236400,N/A,N/A,66,15%,41%,36%,98,21 mins,4.00%,2.40%,-31.30%,10.40%,65.10%,1.54%,1.16%,96.14%,N/A,None,N/A,N/A,4.7,83.20%,43.80%,6,N/A,N/A
Stockton,Utah,Tooele County,699,415,91,39,52,17,91,229,67,35%,78%,55%,6,14,18,43,9.90%,$62727,$909,$243000,N/A,N/A,29,12%,50%,47%,92,27 mins,3.50%,1.50%,29.40%,20.80%,50.90%,N/A,N/A,94.85%,11.20%,Salt Lake City,Mountain Standard Time,4260,4.5,81.00%,34.10%,0,N/A,17
Summit,Utah,Iron County,203,299,87,43,44,14,62,255,49,41%,71%,52%,6,9,23,51,N/A,$39310,N/A,$293100,N/A,N/A,28,13%,30%,18%,93,17 mins,3.50%,3.00%,-14.40%,13.70%,64.80%,N/A,N/A,100.00%,N/A,Cedar City,N/A,N/A,5.6,58.20%,28.30%,0,N/A,23
Summit Park,Utah,Summit County,7954,504,84,35,49,20,99,226,94,43%,83%,64%,5,9,27,40,N/A,$119286,N/A,$669300,N/A,N/A,24,12%,41%,28%,92,25 mins,2.70%,0.40%,6.00%,50.30%,35.10%,N/A,N/A,N/A,10.50%,Summit Park,N/A,N/A,4.7,75.00%,35.10%,1,N/A,N/A
Sunset,Utah,Davis County,5207,3564,91,36,55,21,74,223,33,39%,76%,58%,6,10,32,32,17.40%,$51658,$858,$226200,N/A,N/A,54,13%,54%,42%,67,23 mins,2.80%,1.00%,1.50%,20.50%,44.40%,1.93%,1.17%,84.44%,22.10%,Ogden-Clearfield,Mountain Standard Time,4300,4.5,71.20%,50.80%,54,N/A,45
Sutherland,Utah,Millard County,92,42,94,38,56,10,60,252,28,27%,69%,44%,7,8,21,73,N/A,$63804,N/A,$206100,N/A,N/A,78,11%,36%,21%,91,17 mins,3.20%,-2.10%,-72.90%,8.20%,73.30%,N/A,N/A,100.00%,N/A,None,N/A,N/A,4.9,0.00%,49.40%,4,N/A,N/A
Syracuse,Utah,Davis County,27444,2752,91,36,55,20,74,230,40,39%,76%,58%,6,8,22,29,37.52%,$86158,$1514,$371700,N/A,N/A,14,13%,46%,38%,80,26 mins,2.60%,1.00%,26.50%,20.50%,44.40%,1.38%,3.37%,90.34%,6.20%,Ogden-Clearfield,Mountain Standard Time,4300,4.5,89.50%,30.40%,23,9,42
Tabiona,Utah,Duchesne County,141,1382,84,34,50,14,70,226,59,40%,76%,56%,6,9,24,33,4.34%,$39375,$635,$205900,N/A,N/A,48,8%,23%,21%,93,20 mins,4.60%,-0.70%,-44.90%,7.20%,78.80%,N/A,N/A,98.51%,N/A,None,N/A,N/A,4.7,47.30%,31.10%,11,N/A,28
Taylorsville,Utah,Salt Lake County,60377,5564,92,39,53,19,90,229,48,N/A,N/A,N/A,N/A,21,66,33,24.53%,$57779,$1054,$365000,1815,$201,36,11%,55%,45%,63,21 mins,3.00%,1.50%,3.50%,41.50%,32.60%,5.37%,1.76%,74.37%,20.80%,Salt Lake City,Mountain Standard Time,4260,4.7,67.80%,48.00%,34,35,44
Teasdale,Utah,Wayne County,173,43,85,39,46,10,64,252,36,40%,70%,51%,7,8,22,30,N/A,$26010,N/A,$247600,N/A,N/A,43,11%,37%,22%,98,16 mins,3.70%,0.30%,565.40%,19.00%,67.70%,N/A,N/A,100.00%,N/A,None,N/A,N/A,4.6,32.60%,21.10%,5,N/A,22
Thatcher,Utah,Box Elder County,700,59,91,34,57,17,87,220,41,35%,80%,58%,5,6,17,35,N/A,$68967,N/A,$194400,N/A,N/A,32,12%,47%,43%,92,23 mins,3.00%,0.40%,-9.40%,11.50%,61.50%,N/A,2.52%,97.48%,1.30%,Ogden-Clearfield,Mountain Standard Time,4300,4.7,94.60%,28.20%,0,N/A,N/A
Thompson Springs,Utah,Grand County,170,53,94,39,55,10,50,242,13,N/A,N/A,N/A,N/A,10,26,19,N/A,$0,N/A,$316600,N/A,N/A,36,10%,37%,21%,93,15 mins,2.70%,2.90%,709.50%,42.60%,42.90%,N/A,N/A,100.00%,N/A,None,N/A,N/A,4.6,36.00%,65.20%,0,N/A,30
Timber Lakes,Utah,Wasatch County,545,62,89,35,54,20,98,226,80,N/A,N/A,N/A,N/A,6,17,57,N/A,$48125,N/A,$525200,N/A,N/A,21,10%,39%,28%,92,23 mins,3.00%,3.80%,13.50%,25.00%,49.90%,N/A,N/A,100.00%,N/A,Heber,N/A,N/A,4.7,26.40%,12.80%,0,N/A,N/A
Tooele,Utah,Tooele County,33236,1379,91,38,53,15,87,231,53,37%,77%,55%,7,17,55,31,18.31%,$56370,$1031,$248900,N/A,N/A,26,13%,49%,49%,89,28 mins,3.80%,1.50%,10.20%,20.80%,50.90%,N/A,N/A,88.34%,14.30%,Salt Lake City,Mountain Standard Time,4260,4.5,76.10%,43.10%,25,18,33
Toquerville,Utah,Washington County,1943,88,101,53,48,12,54,255,2,32%,58%,40%,6,8,20,38,28.74%,$50227,$1225,$328800,N/A,N/A,22,14%,50%,22%,92,18 mins,3.40%,3.50%,31.60%,16.50%,68.40%,N/A,N/A,96.28%,2.30%,St. George,Mountain Standard Time,2880,6,74.90%,25.60%,8,N/A,4
Tremonton,Utah,Box Elder County,8242,1030,91,34,57,17,87,223,41,35%,80%,58%,5,11,36,24,18.71%,$51063,$730,$221500,N/A,N/A,28,13%,49%,45%,82,21 mins,3.00%,0.40%,14.20%,11.50%,61.50%,1.00%,2.32%,89.91%,15.30%,Ogden-Clearfield,Mountain Standard Time,4300,4.7,63.00%,36.50%,69,N/A,48
Trenton,Utah,Cache County,413,50,89,31,58,19,92,219,57,38%,84%,63%,5,8,22,33,27.27%,$50278,$621,$229900,N/A,N/A,54,11%,37%,34%,90,17 mins,2.70%,1.00%,-18.50%,18.30%,45.20%,N/A,N/A,97.05%,11.10%,Logan,Mountain Standard Time,4507,4.7,70.60%,32.20%,6,N/A,25
Tropic,Utah,Garfield County,589,74,87,42,45,11,65,253,32,38%,70%,50%,7,9,24,39,27.91%,$57813,$638,$207000,N/A,N/A,37,5%,26%,22%,97,14 mins,4.00%,-1.80%,-13.50%,15.30%,68.50%,N/A,N/A,100.00%,1.90%,None,N/A,N/A,4.9,57.40%,34.60%,18,N/A,41
Tselakai Dezza,Utah,San Juan County,106,5,96,44,52,8,50,254,8,N/A,N/A,N/A,N/A,12,30,47,N/A,$62292,N/A,$98700,N/A,N/A,31,4%,23%,21%,89,20 mins,5.20%,1.30%,-27.40%,36.90%,47.80%,N/A,N/A,N/A,2.80%,None,N/A,N/A,6,58.30%,48.20%,0,N/A,29
Uintah,Utah,Weber County,1520,1229,91,36,55,23,81,224,35,40%,80%,61%,5,7,19,40,33.78%,$64402,$1125,$334200,N/A,N/A,34,13%,54%,40%,78,20 mins,3.30%,0.90%,-1.00%,26.90%,46.80%,N/A,N/A,95.55%,7.20%,Ogden-Clearfield,Mountain Standard Time,4300,4.5,85.60%,34.80%,6,23,28
Vernal,Utah,Uintah County,10650,2304,90,29,61,8,59,238,18,31%,71%,48%,4,16,50,30,17.83%,$54947,$732,$232300,N/A,N/A,35,8%,41%,29%,84,14 mins,4.80%,0.80%,21.50%,7.70%,76.30%,N/A,N/A,88.02%,10.70%,Vernal,N/A,N/A,4.6,42.90%,52.50%,67,N/A,53
Vernon,Utah,Tooele County,371,46,91,39,52,14,77,223,51,35%,78%,55%,6,9,24,24,16.76%,$42000,$1125,$239200,N/A,N/A,39,13%,51%,47%,92,27 mins,3.50%,1.50%,61.30%,20.80%,50.90%,N/A,N/A,90.58%,10.00%,Salt Lake City,Mountain Standard Time,4260,4.5,72.80%,34.30%,3,N/A,22
Veyo,Utah,Washington County,468,227,91,46,45,14,49,257,13,32%,59%,41%,6,7,18,34,N/A,$46667,N/A,$335400,N/A,N/A,34,13%,47%,26%,82,18 mins,3.40%,3.50%,19.40%,16.50%,68.40%,N/A,N/A,83.82%,16.90%,St. George,Mountain Standard Time,2880,6,92.40%,27.70%,15,N/A,20
Vineyard,Utah,Utah County,2958,683,92,38,54,17,90,228,42,42%,82%,62%,5,9,24,22,51.41%,$91685,$1474,$404500,2140,$189,1,12%,50%,36%,77,20 mins,2.90%,N/A,1440.60%,14.00%,50.20%,1.83%,3.18%,89.82%,10.60%,Provo-Orem,Mountain Standard Time,4227,4.5,45.00%,45.00%,4,N/A,53
Virgin,Utah,Washington County,542,32,100,53,47,14,59,259,3,32%,58%,40%,6,10,25,37,15.88%,$47250,$833,$279700,N/A,N/A,17,12%,50%,25%,91,18 mins,3.40%,3.50%,50.60%,16.50%,68.40%,N/A,N/A,97.14%,8.30%,St. George,Mountain Standard Time,2880,6,64.70%,41.80%,9,N/A,30
Wales,Utah,Sanpete County,386,972,88,36,52,13,76,244,39,41%,77%,56%,5,7,19,31,N/A,$41667,N/A,$222100,N/A,N/A,36,14%,43%,34%,95,21 mins,4.00%,2.40%,14.20%,10.40%,65.10%,N/A,N/A,95.60%,3.40%,None,N/A,N/A,4.7,88.20%,30.40%,0,N/A,N/A
Wallsburg,Utah,Wasatch County,285,551,89,35,54,21,98,227,80,46%,84%,65%,5,7,18,33,N/A,$97222,N/A,$344700,N/A,N/A,41,10%,40%,28%,92,23 mins,3.00%,3.80%,12.70%,25.00%,49.90%,N/A,1.57%,98.43%,N/A,Heber,N/A,N/A,4.7,84.50%,23.90%,0,N/A,20
Wanship,Utah,Summit County,484,96,87,36,51,16,99,226,75,43%,83%,64%,5,8,21,29,N/A,$59050,N/A,$282500,N/A,N/A,38,12%,40%,29%,93,25 mins,2.70%,0.40%,76.60%,50.30%,35.10%,N/A,N/A,100.00%,2.10%,Summit Park,N/A,N/A,4.7,92.80%,41.30%,0,N/A,5
Washington,Utah,Washington County,24231,750,101,54,47,10,43,255,2,32%,58%,40%,6,11,31,34,30.15%,$49995,$1169,$320700,N/A,N/A,14,13%,47%,26%,80,20 mins,3.40%,3.50%,39.20%,16.50%,68.40%,N/A,N/A,90.90%,8.60%,St. George,Mountain Standard Time,2880,6,58.30%,32.40%,14,2,31
Washington Terrace,Utah,Weber County,9122,4472,91,36,55,23,79,223,33,40%,80%,61%,5,9,52,34,23.65%,$44002,$820,$242100,N/A,N/A,49,16%,56%,45%,74,22 mins,3.30%,0.90%,2.30%,26.90%,46.80%,N/A,N/A,94.40%,10.00%,Ogden-Clearfield,Mountain Standard Time,4300,4.5,60.60%,50.10%,25,33,N/A
Wellington,Utah,Carbon County,1520,297,90,36,54,10,56,231,17,N/A,N/A,N/A,N/A,11,30,34,14.10%,$44821,$700,$141800,N/A,N/A,37,7%,36%,33%,92,17 mins,4.40%,1.30%,-8.30%,21.50%,65.90%,N/A,N/A,96.50%,20.20%,Price,N/A,N/A,4.6,57.90%,40.90%,19,N/A,N/A
Wellsville,Utah,Cache County,3641,501,89,31,58,18,98,219,53,N/A,N/A,N/A,N/A,9,25,27,34.28%,$65057,$930,$302200,N/A,N/A,38,10%,36%,37%,91,22 mins,2.70%,1.00%,11.50%,18.30%,45.20%,N/A,N/A,94.84%,7.90%,Logan,Mountain Standard Time,4507,4.7,88.10%,34.30%,16,N/A,28
Wendover,Utah,Tooele County,1243,139,92,36,56,5,42,228,9,23%,70%,44%,6,24,44,22,14.95%,$28547,$594,$51900,N/A,N/A,42,13%,48%,48%,95,27 mins,3.50%,1.50%,-2.50%,20.80%,50.90%,N/A,N/A,34.52%,81.70%,Salt Lake City,Mountain Standard Time,4260,4.5,16.20%,62.50%,37,N/A,35
West Bountiful,Utah,Davis County,5504,1692,91,38,53,19,92,224,54,39%,79%,59%,5,11,36,35,26.70%,$82271,$1374,$349700,N/A,N/A,31,15%,47%,39%,77,22 mins,2.80%,1.00%,7.10%,20.50%,44.40%,1.01%,1.33%,79.63%,5.00%,Ogden-Clearfield,Mountain Standard Time,4300,4.5,82.00%,36.00%,32,N/A,48
West Haven,Utah,Weber County,12109,1158,92,36,56,20,74,222,34,39%,76%,58%,6,9,26,29,32.78%,$71802,$1161,$404400,N/A,N/A,15,12%,53%,41%,76,21 mins,3.30%,0.90%,33.70%,26.90%,46.80%,N/A,N/A,94.83%,11.20%,Ogden-Clearfield,Mountain Standard Time,4300,4.5,71.80%,42.20%,5,N/A,30
West Jordan,Utah,Salt Lake County,111937,3463,92,39,53,20,88,230,53,37%,78%,57%,6,15,44,30,25.00%,$69404,$1234,$409000,2076,$197,24,10%,48%,41%,71,24 mins,2.70%,1.50%,13.50%,41.50%,32.60%,3.28%,1.38%,80.20%,19.60%,Salt Lake City,Mountain Standard Time,4260,4.7,72.60%,43.30%,27,29,40
West Mountain,Utah,Utah County,1012,106,91,37,54,17,89,226,51,N/A,N/A,N/A,N/A,7,18,39,32.89%,$89167,$1281,$707300,N/A,N/A,20,12%,48%,37%,89,21 mins,2.90%,N/A,41.90%,14.00%,50.20%,N/A,N/A,89.54%,4.80%,Provo-Orem,Mountain Standard Time,4227,4.5,80.80%,34.00%,0,N/A,27
West Point,Utah,Davis County,10258,1442,91,36,55,21,74,223,33,39%,76%,58%,6,7,20,31,26.67%,$78386,$1515,$334700,N/A,N/A,20,15%,50%,38%,76,24 mins,2.80%,1.00%,15.10%,20.50%,44.40%,2.91%,N/A,87.54%,6.70%,Ogden-Clearfield,Mountain Standard Time,4300,4.5,90.50%,33.40%,19,N/A,N/A
West Valley City,Utah,Salt Lake County,135546,3822,92,38,54,18,89,224,42,37%,78%,57%,6,24,64,30,15.17%,$52814,$1126,$369900,1936,$191,35,11%,55%,44%,64,22 mins,3.00%,1.50%,8.40%,41.50%,32.60%,5.57%,2.83%,58.46%,37.70%,Salt Lake City,Mountain Standard Time,4260,4.7,65.90%,47.80%,35,36,43
West Wood,Utah,Carbon County,655,615,90,36,54,10,59,230,16,N/A,N/A,N/A,N/A,6,15,40,N/A,$98571,N/A,$274600,N/A,N/A,31,8%,38%,34%,94,17 mins,4.40%,1.30%,-5.50%,21.50%,65.90%,N/A,3.31%,95.24%,16.60%,Price,N/A,N/A,4.6,100.00%,27.70%,6,N/A,30
White City,Utah,Salt Lake County,5270,6051,92,39,53,21,87,227,61,39%,80%,59%,5,9,27,36,N/A,$60219,N/A,$336500,N/A,N/A,53,12%,53%,48%,70,22 mins,2.90%,1.50%,12.90%,41.50%,32.60%,N/A,N/A,N/A,9.90%,Salt Lake City,Mountain Standard Time,4260,4.7,86.80%,36.70%,29,N/A,N/A
White Mesa,Utah,San Juan County,132,8,92,42,50,13,69,254,31,34%,63%,43%,7,16,41,45,N/A,$27361,N/A,$171000,N/A,N/A,31,4%,22%,22%,93,20 mins,5.20%,1.30%,-42.10%,36.90%,47.80%,N/A,N/A,N/A,N/A,None,N/A,N/A,6,63.50%,92.60%,0,N/A,28
Whiterocks,Utah,Uintah County,217,92,86,33,53,11,61,244,40,31%,71%,48%,4,16,41,28,N/A,$28854,N/A,$146200,N/A,N/A,40,8%,43%,35%,78,19 mins,4.80%,0.80%,22.60%,7.70%,76.30%,N/A,N/A,6.55%,N/A,Vernal,N/A,N/A,4.6,26.10%,93.30%,N/A,N/A,N/A
Willard,Utah,Box Elder County,1875,334,92,36,56,19,75,221,33,38%,76%,57%,5,10,29,34,24.63%,$57222,$743,$318500,N/A,N/A,39,11%,46%,37%,90,25 mins,3.00%,0.40%,9.00%,11.50%,61.50%,N/A,N/A,96.91%,3.00%,Ogden-Clearfield,Mountain Standard Time,4300,4.7,84.30%,28.90%,13,N/A,37
Wolf Creek,Utah,Weber County,1138,360,88,33,55,25,100,226,90,N/A,N/A,N/A,N/A,9,24,47,42.98%,$80581,$2642,$451700,N/A,N/A,17,13%,54%,40%,93,22 mins,3.30%,0.90%,18.90%,26.90%,46.80%,3.31%,4.31%,92.38%,N/A,Ogden-Clearfield,Mountain Standard Time,4300,4.5,40.70%,45.90%,5,N/A,4
Woodland,Utah,Summit County,187,91,84,35,49,19,97,226,96,48%,84%,67%,6,7,19,58,N/A,$54875,N/A,$705000,N/A,N/A,34,12%,42%,30%,96,25 mins,2.70%,0.40%,-73.90%,50.30%,35.10%,N/A,N/A,92.24%,9.60%,Summit Park,N/A,N/A,4.7,66.90%,34.80%,6,N/A,16
Woodland Hills,Utah,Utah County,1465,579,93,38,55,18,89,222,53,40%,78%,58%,5,7,17,30,49.13%,$110417,$1875,$605400,N/A,N/A,20,12%,47%,37%,93,27 mins,2.90%,N/A,11.20%,14.00%,50.20%,N/A,N/A,98.29%,5.60%,Provo-Orem,Mountain Standard Time,4227,4.5,84.60%,29.80%,0,N/A,3
Woodruff,Utah,Rich County,224,310,82,28,54,11,69,220,61,39%,83%,63%,7,8,21,28,N/A,$69107,N/A,$167400,N/A,N/A,71,10%,35%,21%,95,21 mins,2.30%,1.00%,46.40%,9.40%,71.90%,N/A,N/A,100.00%,N/A,None,N/A,N/A,4.6,76.80%,35.70%,6,N/A,25
Woods Cross,Utah,Davis County,11152,2916,91,38,53,20,91,227,54,39%,79%,59%,5,13,27,31,30.80%,$69825,$1243,$337600,N/A,N/A,25,12%,47%,35%,71,19 mins,2.80%,1.00%,21.70%,20.50%,44.40%,1.25%,1.82%,91.25%,8.10%,Ogden-Clearfield,Mountain Standard Time,4300,4.5,68.80%,39.00%,60,N/A,48
